	Sujeto	canal	media	mediana	dataset	etapa	Q99	Q1
0	sub-001	EEG Fpz-Cz	0.12035114503816792	0.11	SleepCasset	N2	0.135	0.08625
1	sub-001	EEG Fpz-Cz	0.09522117296222664	0.085	SleepCasset	W	0.106	0.07
2	sub-001	EEG Fpz-Cz	0.22198449612403104	0.219	SleepCasset	R	0.252	0.187
3	sub-001	EEG Fpz-Cz	0.2252758620689655	0.2245	SleepCasset	N1	0.27875000000000005	0.16925
4	sub-001	EEG Pz-Oz	0.14799618320610688	0.137	SleepCasset	N2	0.16575	0.113
5	sub-001	EEG Pz-Oz	0.1506307157057654	0.142	SleepCasset	W	0.172	0.117
6	sub-001	EEG Pz-Oz	0.21674418604651163	0.22	SleepCasset	R	0.246	0.172
7	sub-001	EEG Pz-Oz	0.25231034482758624	0.2445	SleepCasset	N1	0.30174999999999996	0.16875
8	sub-002	EEG Fpz-Cz	0.12809975669099757	0.12	SleepCasset	N2	0.1435	0.098
9	sub-002	EEG Fpz-Cz	0.11098250265111347	0.098	SleepCasset	W	0.12175	0.081
10	sub-002	EEG Fpz-Cz	0.22766239316239315	0.2285	SleepCasset	R	0.26275000000000004	0.194
11	sub-002	EEG Fpz-Cz	0.22159322033898304	0.222	SleepCasset	N1	0.2685	0.1645
12	sub-002	EEG Pz-Oz	0.1747250608272506	0.163	SleepCasset	N2	0.205	0.1355
13	sub-002	EEG Pz-Oz	0.1703764581124072	0.162	SleepCasset	W	0.193	0.137
14	sub-002	EEG Pz-Oz	0.24245299145299146	0.2345	SleepCasset	R	0.26875000000000004	0.20325000000000001
15	sub-002	EEG Pz-Oz	0.23859322033898306	0.239	SleepCasset	N1	0.269	0.1985
16	sub-003	EEG Fpz-Cz	0.11022823984526112	0.104	SleepCasset	N2	0.137	0.078
17	sub-003	EEG Fpz-Cz	0.056845181674565565	0.055	SleepCasset	W	0.069	0.041
18	sub-003	EEG Fpz-Cz	0.15327118644067797	0.155	SleepCasset	R	0.191	0.112
19	sub-003	EEG Fpz-Cz	0.10827522935779813	0.113	SleepCasset	N1	0.134	0.082
20	sub-003	EEG Pz-Oz	0.17607930367504834	0.165	SleepCasset	N2	0.212	0.133
21	sub-003	EEG Pz-Oz	0.13394839389152186	0.121	SleepCasset	W	0.1555	0.0975
22	sub-003	EEG Pz-Oz	0.17110169491525423	0.171	SleepCasset	R	0.193	0.151
23	sub-003	EEG Pz-Oz	0.14222018348623855	0.151	SleepCasset	N1	0.192	0.087
24	sub-004	EEG Fpz-Cz	0.11138408304498269	0.108	SleepCasset	N2	0.13975	0.078
25	sub-004	EEG Fpz-Cz	0.06392374727668845	0.06	SleepCasset	W	0.079	0.045
26	sub-004	EEG Fpz-Cz	0.151085	0.1585	SleepCasset	R	0.19	0.107
27	sub-004	EEG Fpz-Cz	0.1306304347826087	0.129	SleepCasset	N1	0.17325	0.085
28	sub-004	EEG Pz-Oz	0.18849480968858132	0.177	SleepCasset	N2	0.233	0.141
29	sub-004	EEG Pz-Oz	0.12258115468409587	0.115	SleepCasset	W	0.148	0.092
30	sub-004	EEG Pz-Oz	0.16708	0.1645	SleepCasset	R	0.192	0.13875
31	sub-004	EEG Pz-Oz	0.15443478260869564	0.162	SleepCasset	N1	0.18725	0.12725
32	sub-005	EEG Fpz-Cz	0.10463679245283018	0.097	SleepCasset	N2	0.12725	0.072
33	sub-005	EEG Fpz-Cz	0.060556008146639514	0.055	SleepCasset	W	0.075	0.042
34	sub-005	EEG Fpz-Cz	0.1499020979020979	0.147	SleepCasset	R	0.18	0.118
35	sub-005	EEG Fpz-Cz	0.10617021276595744	0.108	SleepCasset	N1	0.1305	0.077
36	sub-005	EEG Pz-Oz	0.11339622641509434	0.107	SleepCasset	N2	0.135	0.082
37	sub-005	EEG Pz-Oz	0.10690682281059063	0.107	SleepCasset	W	0.12125	0.092
38	sub-005	EEG Pz-Oz	0.19646153846153847	0.197	SleepCasset	R	0.229	0.167
39	sub-005	EEG Pz-Oz	0.12222340425531918	0.1145	SleepCasset	N1	0.1605	0.08575
40	sub-006	EEG Fpz-Cz	0.08716702819956618	0.082	SleepCasset	N2	0.107	0.062
41	sub-006	EEG Fpz-Cz	0.04391684210526317	0.04	SleepCasset	W	0.054	0.03
42	sub-006	EEG Fpz-Cz	0.12515116279069768	0.1225	SleepCasset	R	0.15425	0.096
43	sub-006	EEG Fpz-Cz	0.08639130434782609	0.081	SleepCasset	N1	0.10325	0.06
44	sub-006	EEG Pz-Oz	0.07287852494577005	0.07	SleepCasset	N2	0.09	0.052
45	sub-006	EEG Pz-Oz	0.07638631578947369	0.0775	SleepCasset	W	0.089	0.065
46	sub-006	EEG Pz-Oz	0.1026860465116279	0.1015	SleepCasset	R	0.11825	0.087
47	sub-006	EEG Pz-Oz	0.07217391304347827	0.07	SleepCasset	N1	0.08925	0.053
48	sub-007	EEG Fpz-Cz	0.09955882352941177	0.093	SleepCasset	N2	0.121	0.07
49	sub-007	EEG Fpz-Cz	0.11389811133200796	0.113	SleepCasset	W	0.13	0.095
50	sub-007	EEG Fpz-Cz	0.15696313364055295	0.156	SleepCasset	R	0.187	0.126
51	sub-007	EEG Fpz-Cz	0.13121311475409836	0.13	SleepCasset	N1	0.165	0.084
52	sub-007	EEG Pz-Oz	0.178475935828877	0.17	SleepCasset	N2	0.20425	0.141
53	sub-007	EEG Pz-Oz	0.1429368787276342	0.143	SleepCasset	W	0.169	0.118
54	sub-007	EEG Pz-Oz	0.2161981566820277	0.212	SleepCasset	R	0.244	0.181
55	sub-007	EEG Pz-Oz	0.19326229508196718	0.18	SleepCasset	N1	0.251	0.134
56	sub-008	EEG Fpz-Cz	0.1099718309859155	0.099	SleepCasset	N2	0.134	0.076
57	sub-008	EEG Fpz-Cz	0.11375886524822695	0.108	SleepCasset	W	0.129	0.091
58	sub-008	EEG Fpz-Cz	0.17444339622641508	0.178	SleepCasset	R	0.20425	0.138
59	sub-008	EEG Fpz-Cz	0.15746666666666664	0.167	SleepCasset	N1	0.201	0.111
60	sub-008	EEG Pz-Oz	0.19452676056338028	0.188	SleepCasset	N2	0.233	0.1495
61	sub-008	EEG Pz-Oz	0.140694022289767	0.136	SleepCasset	W	0.163	0.115
62	sub-008	EEG Pz-Oz	0.2349198113207547	0.2325	SleepCasset	R	0.26625	0.1985
63	sub-008	EEG Pz-Oz	0.22286666666666663	0.222	SleepCasset	N1	0.294	0.182
64	sub-009	EEG Fpz-Cz	0.14165051903114187	0.136	SleepCasset	N2	0.16075	0.117
65	sub-009	EEG Fpz-Cz	0.09905134788189987	0.097	SleepCasset	W	0.114	0.081
66	sub-009	EEG Fpz-Cz	0.18160173160173163	0.185	SleepCasset	R	0.2285	0.137
67	sub-009	EEG Fpz-Cz	0.16331927710843372	0.161	SleepCasset	N1	0.19375	0.1355
68	sub-009	EEG Pz-Oz	0.1875242214532872	0.1815	SleepCasset	N2	0.223	0.14425
69	sub-009	EEG Pz-Oz	0.11869255455712452	0.115	SleepCasset	W	0.136	0.09725
70	sub-009	EEG Pz-Oz	0.21834632034632034	0.217	SleepCasset	R	0.248	0.194
71	sub-009	EEG Pz-Oz	0.19506626506024097	0.2105	SleepCasset	N1	0.24475	0.148
72	sub-010	EEG Fpz-Cz	0.14485714285714285	0.139	SleepCasset	N2	0.171	0.116
73	sub-010	EEG Fpz-Cz	0.10683187294633077	0.102	SleepCasset	W	0.123	0.085
74	sub-010	EEG Fpz-Cz	0.16397058823529415	0.165	SleepCasset	R	0.22	0.10775
75	sub-010	EEG Fpz-Cz	0.14637226277372264	0.143	SleepCasset	N1	0.178	0.111
76	sub-010	EEG Pz-Oz	0.1951549295774648	0.19	SleepCasset	N2	0.243	0.149
77	sub-010	EEG Pz-Oz	0.11752738225629793	0.119	SleepCasset	W	0.134	0.103
78	sub-010	EEG Pz-Oz	0.22698529411764704	0.233	SleepCasset	R	0.261	0.198
79	sub-010	EEG Pz-Oz	0.17583941605839412	0.183	SleepCasset	N1	0.242	0.121
80	sub-001	F3_O1	0.12530213903743315	0.1225	DODH	N2	0.1695	0.07
81	sub-001	F3_O1	0.12346198830409358	0.119	DODH	W	0.168	0.071
82	sub-001	F3_O1	0.2137765957446809	0.227	DODH	R	0.26225	0.17275
83	sub-001	F3_O1	0.218	0.216	DODH	N1	0.2755	0.175
84	sub-001	F3_M2	0.09868716577540104	0.091	DODH	N2	0.122	0.066
85	sub-001	F3_M2	0.09105263157894737	0.073	DODH	W	0.142	0.035
86	sub-001	F3_M2	0.11465957446808511	0.1125	DODH	R	0.16825	0.03925
87	sub-001	F3_M2	0.1524626865671642	0.152	DODH	N1	0.2045	0.11699999999999999
88	sub-001	F4_M1	0.11317379679144385	0.105	DODH	N2	0.155	0.068
89	sub-001	F4_M1	0.12245029239766082	0.104	DODH	W	0.19	0.058499999999999996
90	sub-001	F4_M1	0.19860638297872343	0.2175	DODH	R	0.257	0.1355
91	sub-001	F4_M1	0.1869850746268657	0.2	DODH	N1	0.2375	0.153
92	sub-001	FP1_M2	0.08310695187165776	0.076	DODH	N2	0.10275	0.05225
93	sub-001	FP1_M2	0.06874853801169592	0.048	DODH	W	0.0975	0.025500000000000002
94	sub-001	FP1_M2	0.09417553191489361	0.08549999999999999	DODH	R	0.14025	0.034
95	sub-001	FP1_M2	0.13146268656716414	0.117	DODH	N1	0.179	0.08549999999999999
96	sub-001	FP2_M1	0.10742245989304813	0.1005	DODH	N2	0.14275	0.059
97	sub-001	FP2_M1	0.11405847953216375	0.097	DODH	W	0.175	0.055
98	sub-001	FP2_M1	0.18579787234042552	0.1975	DODH	R	0.25525	0.10775
99	sub-001	FP2_M1	0.18292537313432836	0.198	DODH	N1	0.238	0.1355
100	sub-001	C3_M2	0.12328342245989306	0.111	DODH	N2	0.17775	0.065
101	sub-001	C3_M2	0.10474269005847954	0.115	DODH	W	0.151	0.035500000000000004
102	sub-001	C3_M2	0.14683510638297873	0.159	DODH	R	0.217	0.0455
103	sub-001	C3_M2	0.17805970149253733	0.179	DODH	N1	0.2195	0.144
104	sub-002	F3_O1	0.22938375350140056	0.228	DODH	N2	0.263	0.195
105	sub-002	F3_O1	0.08897478991596637	0.084	DODH	W	0.1215	0.0515
106	sub-002	F3_O1	0.21975675675675677	0.222	DODH	R	0.24625	0.193
107	sub-002	F3_O1	0.24056666666666665	0.2435	DODH	N1	0.28	0.209
108	sub-002	F3_M2	0.19408123249299722	0.197	DODH	N2	0.218	0.173
109	sub-002	F3_M2	0.17432773109243696	0.166	DODH	W	0.244	0.0945
110	sub-002	F3_M2	0.19767905405405406	0.1975	DODH	R	0.2235	0.174
111	sub-002	F3_M2	0.21261666666666665	0.2125	DODH	N1	0.23725	0.19025
112	sub-002	F4_M1	0.16808683473389355	0.189	DODH	N2	0.215	0.129
113	sub-002	F4_M1	0.15731932773109242	0.142	DODH	W	0.22	0.075
114	sub-002	F4_M1	0.18690878378378378	0.1895	DODH	R	0.217	0.161
115	sub-002	F4_M1	0.18191666666666664	0.1885	DODH	N1	0.228	0.164
116	sub-002	FP1_M2	0.1491316526610644	0.178	DODH	N2	0.199	0.117
117	sub-002	FP1_M2	0.12384873949579833	0.102	DODH	W	0.174	0.0515
118	sub-002	FP1_M2	0.16021283783783785	0.1635	DODH	R	0.2	0.11575
119	sub-002	FP1_M2	0.1484	0.17049999999999998	DODH	N1	0.2015	0.1095
120	sub-002	FP2_M1	0.16215406162464985	0.189	DODH	N2	0.211	0.123
121	sub-002	FP2_M1	0.16014285714285711	0.14	DODH	W	0.222	0.0785
122	sub-002	FP2_M1	0.18151013513513514	0.1855	DODH	R	0.215	0.15075
123	sub-002	FP2_M1	0.17331666666666667	0.187	DODH	N1	0.2245	0.14475
124	sub-002	C3_M2	0.19028011204481796	0.199	DODH	N2	0.222	0.172
125	sub-002	C3_M2	0.1593109243697479	0.161	DODH	W	0.2175	0.0815
126	sub-002	C3_M2	0.20167229729729733	0.202	DODH	R	0.224	0.17875
127	sub-002	C3_M2	0.21666666666666665	0.22	DODH	N1	0.2535	0.17775
128	sub-003	F3_O1	0.17138095238095238	0.161	DODH	N2	0.206	0.128
129	sub-003	F3_O1	0.11662950819672133	0.072	DODH	W	0.171	0.043
130	sub-003	F3_O1	0.21911038961038967	0.2155	DODH	R	0.26925	0.166
131	sub-003	F3_O1	0.21334615384615382	0.226	DODH	N1	0.2625	0.1635
132	sub-003	F3_M2	0.15781318681318682	0.155	DODH	N2	0.188	0.122
133	sub-003	F3_M2	0.1732754098360656	0.144	DODH	W	0.229	0.098
134	sub-003	F3_M2	0.18987012987012988	0.188	DODH	R	0.2325	0.13625
135	sub-003	F3_M2	0.20453846153846156	0.2025	DODH	N1	0.245	0.1545
136	sub-003	F4_M1	0.1708278388278388	0.166	DODH	N2	0.201	0.133
137	sub-003	F4_M1	0.1757737704918033	0.142	DODH	W	0.23	0.091
138	sub-003	F4_M1	0.20282467532467532	0.197	DODH	R	0.2525	0.1425
139	sub-003	F4_M1	0.21678846153846154	0.2145	DODH	N1	0.26175000000000004	0.16425
140	sub-003	FP1_M2	0.12376923076923077	0.114	DODH	N2	0.162	0.08
141	sub-003	FP1_M2	0.12708852459016393	0.085	DODH	W	0.155	0.052
142	sub-003	FP1_M2	0.16381818181818178	0.161	DODH	R	0.2165	0.09625
143	sub-003	FP1_M2	0.17253846153846153	0.1585	DODH	N1	0.217	0.102
144	sub-003	FP2_M1	0.14781318681318678	0.142	DODH	N2	0.179	0.11
145	sub-003	FP2_M1	0.12787540983606555	0.096	DODH	W	0.161	0.059
146	sub-003	FP2_M1	0.17812337662337663	0.174	DODH	R	0.2315	0.10625
147	sub-003	FP2_M1	0.1912692307692308	0.183	DODH	N1	0.2415	0.13974999999999999
148	sub-003	C3_M2	0.17944322344322344	0.176	DODH	N2	0.209	0.143
149	sub-003	C3_M2	0.18105245901639344	0.161	DODH	W	0.234	0.118
150	sub-003	C3_M2	0.2044935064935065	0.1975	DODH	R	0.235	0.1625
151	sub-003	C3_M2	0.22619230769230766	0.218	DODH	N1	0.261	0.1995
152	sub-004	F3_O1	0.12012213740458015	0.116	DODH	N2	0.148	0.08325
153	sub-004	F3_O1	0.1445076923076923	0.1435	DODH	W	0.22375	0.058
154	sub-004	F3_O1	0.21709375	0.2195	DODH	R	0.2415	0.18975
155	sub-004	F3_O1	0.15583333333333335	0.1495	DODH	N1	0.191	0.10700000000000001
156	sub-004	F3_M2	0.1047175572519084	0.1	DODH	N2	0.12275	0.07925
157	sub-004	F3_M2	0.11686153846153846	0.1205	DODH	W	0.1635	0.047
158	sub-004	F3_M2	0.20925	0.2025	DODH	R	0.24675	0.16475
159	sub-004	F3_M2	0.14320000000000002	0.1455	DODH	N1	0.176	0.107
160	sub-004	F4_M1	0.1211145038167939	0.116	DODH	N2	0.143	0.094
161	sub-004	F4_M1	0.13503846153846152	0.126	DODH	W	0.205	0.05925
162	sub-004	F4_M1	0.212375	0.2145	DODH	R	0.2445	0.1825
163	sub-004	F4_M1	0.15823333333333334	0.1735	DODH	N1	0.19275	0.115
164	sub-004	FP1_M2	0.10075190839694656	0.0925	DODH	N2	0.119	0.07325
165	sub-004	FP1_M2	0.1281076923076923	0.1305	DODH	W	0.17475	0.0655
166	sub-004	FP1_M2	0.20340625	0.195	DODH	R	0.25075000000000003	0.156
167	sub-004	FP1_M2	0.1421666666666667	0.1375	DODH	N1	0.17325	0.0895
168	sub-004	FP2_M1	0.0912824427480916	0.0835	DODH	N2	0.10375	0.06825
169	sub-004	FP2_M1	0.14477692307692308	0.1385	DODH	W	0.2125	0.058750000000000004
170	sub-004	FP2_M1	0.16940625	0.1785	DODH	R	0.22675	0.1095
171	sub-004	FP2_M1	0.12466666666666666	0.1135	DODH	N1	0.17275	0.07050000000000001
172	sub-004	C3_M2	0.1203206106870229	0.1145	DODH	N2	0.142	0.096
173	sub-004	C3_M2	0.1146	0.119	DODH	W	0.15225	0.057
174	sub-004	C3_M2	0.18028125	0.182	DODH	R	0.2235	0.1255
175	sub-004	C3_M2	0.15776666666666667	0.16049999999999998	DODH	N1	0.185	0.1275
176	sub-005	F3_O1	0.15683833718244805	0.152	DODH	N2	0.195	0.115
177	sub-005	F3_O1	0.10974390243902438	0.1145	DODH	W	0.16675	0.0335
178	sub-005	F3_O1	0.21927868852459018	0.218	DODH	R	0.245	0.193
179	sub-005	F3_O1	0.210296875	0.208	DODH	N1	0.2445	0.18325
180	sub-005	F3_M2	0.12743418013856814	0.119	DODH	N2	0.16	0.09
181	sub-005	F3_M2	0.10521951219512198	0.1055	DODH	W	0.145	0.0565
182	sub-005	F3_M2	0.20672677595628416	0.213	DODH	R	0.2485	0.1675
183	sub-005	F3_M2	0.18610937500000002	0.196	DODH	N1	0.21325	0.16575
184	sub-005	F4_M1	0.1082540415704388	0.1	DODH	N2	0.14	0.075
185	sub-005	F4_M1	0.05621951219512195	0.040999999999999995	DODH	W	0.0885	0.016
186	sub-005	F4_M1	0.1562459016393443	0.156	DODH	R	0.191	0.126
187	sub-005	F4_M1	0.13909375000000002	0.1405	DODH	N1	0.17275	0.096
188	sub-005	FP1_M2	0.1156674364896074	0.105	DODH	N2	0.146	0.079
189	sub-005	FP1_M2	0.09321951219512196	0.09	DODH	W	0.1255	0.0525
190	sub-005	FP1_M2	0.18287431693989076	0.192	DODH	R	0.23399999999999999	0.1345
191	sub-005	FP1_M2	0.173734375	0.181	DODH	N1	0.20425	0.1465
192	sub-005	FP2_M1	0.10105773672055428	0.093	DODH	N2	0.128	0.07
193	sub-005	FP2_M1	0.054024390243902445	0.04	DODH	W	0.0895	0.01525
194	sub-005	FP2_M1	0.13379234972677598	0.129	DODH	R	0.1725	0.098
195	sub-005	FP2_M1	0.12903125	0.1325	DODH	N1	0.163	0.0925
196	sub-005	C3_M2	0.14688914549653578	0.144	DODH	N2	0.177	0.111
197	sub-005	C3_M2	0.09823170731707319	0.1005	DODH	W	0.1305	0.049
198	sub-005	C3_M2	0.18777595628415303	0.192	DODH	R	0.2235	0.151
199	sub-005	C3_M2	0.192015625	0.2005	DODH	N1	0.214	0.1725
200	sub-006	F3_O1	0.12880900900900902	0.121	DODH	N2	0.161	0.085
201	sub-006	F3_O1	0.06021917808219178	0.061	DODH	W	0.088	0.024
202	sub-006	F3_O1	0.24104255319148937	0.243	DODH	R	0.268	0.216
203	sub-006	F3_O1	0.19371428571428573	0.209	DODH	N1	0.253	0.128
204	sub-006	F3_M2	0.08415675675675675	0.073	DODH	N2	0.102	0.055
205	sub-006	F3_M2	0.0696027397260274	0.063	DODH	W	0.089	0.043
206	sub-006	F3_M2	0.2060354609929078	0.21	DODH	R	0.241	0.169
207	sub-006	F3_M2	0.14230612244897958	0.151	DODH	N1	0.189	0.086
208	sub-006	F4_M1	0.08454234234234233	0.07	DODH	N2	0.107	0.051
209	sub-006	F4_M1	0.047369863013698624	0.039	DODH	W	0.061	0.024
210	sub-006	F4_M1	0.2062695035460993	0.215	DODH	R	0.246	0.174
211	sub-006	F4_M1	0.11783673469387755	0.09	DODH	N1	0.196	0.042
212	sub-006	FP1_M2	0.08370810810810811	0.076	DODH	N2	0.102	0.054
213	sub-006	FP1_M2	0.061767123287671234	0.05	DODH	W	0.083	0.033
214	sub-006	FP1_M2	0.19355319148936173	0.198	DODH	R	0.232	0.159
215	sub-006	FP1_M2	0.13359183673469385	0.128	DODH	N1	0.18	0.079
216	sub-006	FP2_M1	0.078809009009009	0.064	DODH	N2	0.099	0.046
217	sub-006	FP2_M1	0.04312328767123287	0.038	DODH	W	0.059	0.023
218	sub-006	FP2_M1	0.195709219858156	0.206	DODH	R	0.238	0.163
219	sub-006	FP2_M1	0.10614285714285715	0.086	DODH	N1	0.179	0.037
220	sub-006	C3_M2	0.1141045045045045	0.11	DODH	N2	0.134	0.089
221	sub-006	C3_M2	0.07915068493150686	0.069	DODH	W	0.112	0.05
222	sub-006	C3_M2	0.2094255319148936	0.213	DODH	R	0.233	0.192
223	sub-006	C3_M2	0.17908163265306123	0.188	DODH	N1	0.226	0.141
224	sub-007	F3_O1	0.10379790026246719	0.102	DODH	N2	0.13	0.074
225	sub-007	F3_O1	0.0707962962962963	0.058499999999999996	DODH	W	0.07675	0.04525
226	sub-007	F3_O1	0.1409808429118774	0.138	DODH	R	0.163	0.121
227	sub-007	F3_O1	0.11364285714285714	0.1065	DODH	N1	0.1375	0.07275
228	sub-007	F3_M2	0.10504986876640421	0.102	DODH	N2	0.14	0.066
229	sub-007	F3_M2	0.13025925925925927	0.12	DODH	W	0.16175	0.092
230	sub-007	F3_M2	0.1590383141762452	0.161	DODH	R	0.184	0.135
231	sub-007	F3_M2	0.12860714285714286	0.1115	DODH	N1	0.145	0.084
232	sub-007	F4_M1	0.09793175853018372	0.085	DODH	N2	0.131	0.057
233	sub-007	F4_M1	0.11324074074074077	0.107	DODH	W	0.1455	0.07425
234	sub-007	F4_M1	0.1801800766283525	0.18	DODH	R	0.208	0.156
235	sub-007	F4_M1	0.13328571428571429	0.1285	DODH	N1	0.1485	0.075
236	sub-007	FP1_M2	0.089	0.082	DODH	N2	0.119	0.054
237	sub-007	FP1_M2	0.0682037037037037	0.057999999999999996	DODH	W	0.08524999999999999	0.044
238	sub-007	FP1_M2	0.13445593869731803	0.135	DODH	R	0.16	0.105
239	sub-007	FP1_M2	0.1085	0.096	DODH	N1	0.13475	0.06475
240	sub-007	FP2_M1	0.0885748031496063	0.078	DODH	N2	0.119	0.05
241	sub-007	FP2_M1	0.06964814814814815	0.058	DODH	W	0.0995	0.0445
242	sub-007	FP2_M1	0.14616858237547892	0.145	DODH	R	0.177	0.118
243	sub-007	FP2_M1	0.11067857142857143	0.1075	DODH	N1	0.139	0.06275
244	sub-007	C3_M2	0.11501574803149607	0.113	DODH	N2	0.149	0.077
245	sub-007	C3_M2	0.1267222222222222	0.1355	DODH	W	0.1675	0.08825
246	sub-007	C3_M2	0.1755632183908046	0.177	DODH	R	0.194	0.151
247	sub-007	C3_M2	0.14135714285714288	0.1235	DODH	N1	0.181	0.1025
248	sub-008	F3_O1	0.11478458049886621	0.106	DODH	N2	0.154	0.07
249	sub-008	F3_O1	0.05987218045112782	0.048	DODH	W	0.082	0.027
250	sub-008	F3_O1	0.10437857142857143	0.1025	DODH	R	0.134	0.0655
251	sub-008	F3_O1	0.12384892086330936	0.126	DODH	N1	0.1645	0.08349999999999999
252	sub-008	F3_M2	0.08654195011337869	0.081	DODH	N2	0.116	0.055
253	sub-008	F3_M2	0.060661654135338354	0.053	DODH	W	0.095	0.016
254	sub-008	F3_M2	0.08928571428571429	0.079	DODH	R	0.1215	0.047
255	sub-008	F3_M2	0.11190647482014389	0.113	DODH	N1	0.1515	0.0665
256	sub-008	F4_M1	0.08873015873015871	0.093	DODH	N2	0.135	0.034
257	sub-008	F4_M1	0.06157142857142857	0.043	DODH	W	0.097	0.021
258	sub-008	F4_M1	0.08585714285714285	0.0725	DODH	R	0.10675	0.04875
259	sub-008	F4_M1	0.10951798561151081	0.124	DODH	N1	0.1625	0.05
260	sub-008	FP1_M2	0.07465306122448981	0.072	DODH	N2	0.102	0.041
261	sub-008	FP1_M2	0.05431578947368421	0.036	DODH	W	0.085	0.015
262	sub-008	FP1_M2	0.09090714285714285	0.0815	DODH	R	0.114	0.048
263	sub-008	FP1_M2	0.0966474820143885	0.102	DODH	N1	0.14250000000000002	0.045
264	sub-008	FP2_M1	0.10237414965986394	0.11	DODH	N2	0.139	0.066
265	sub-008	FP2_M1	0.06581954887218046	0.048	DODH	W	0.098	0.023
266	sub-008	FP2_M1	0.09262857142857144	0.079	DODH	R	0.12125	0.051
267	sub-008	FP2_M1	0.11489928057553957	0.129	DODH	N1	0.16	0.068
268	sub-008	C3_M2	0.11120408163265307	0.103	DODH	N2	0.14	0.076
269	sub-008	C3_M2	0.06972932330827068	0.062	DODH	W	0.098	0.031
270	sub-008	C3_M2	0.1517642857142857	0.1635	DODH	R	0.186	0.131
271	sub-008	C3_M2	0.13184892086330935	0.136	DODH	N1	0.17099999999999999	0.0865
272	sub-009	F3_O1	0.13016904276985744	0.124	DODH	N2	0.168	0.074
273	sub-009	F3_O1	0.07651127819548871	0.053	DODH	W	0.119	0.018
274	sub-009	F3_O1	0.22387769784172662	0.228	DODH	R	0.2665	0.186
275	sub-009	F3_O1	0.15936697247706422	0.171	DODH	N1	0.217	0.081
276	sub-009	F3_M2	0.08114460285132384	0.067	DODH	N2	0.1045	0.048
277	sub-009	F3_M2	0.05067669172932331	0.037	DODH	W	0.064	0.025
278	sub-009	F3_M2	0.18718705035971223	0.188	DODH	R	0.231	0.148
279	sub-009	F3_M2	0.09974311926605504	0.076	DODH	N1	0.141	0.047
280	sub-009	F4_M1	0.0699775967413442	0.058	DODH	N2	0.0935	0.033
281	sub-009	F4_M1	0.05273684210526316	0.022	DODH	W	0.059	0.012
282	sub-009	F4_M1	0.1375755395683453	0.12	DODH	R	0.2165	0.0565
283	sub-009	F4_M1	0.08245871559633029	0.044	DODH	N1	0.132	0.018
284	sub-009	FP1_M2	0.06781873727087576	0.057	DODH	N2	0.084	0.0385
285	sub-009	FP1_M2	0.03841353383458647	0.032	DODH	W	0.045	0.021
286	sub-009	FP1_M2	0.1496043165467626	0.139	DODH	R	0.20550000000000002	0.096
287	sub-009	FP1_M2	0.0763577981651376	0.057	DODH	N1	0.097	0.035
288	sub-009	FP2_M1	0.07730142566191446	0.065	DODH	N2	0.097	0.045
289	sub-009	FP2_M1	0.058962406015037584	0.035	DODH	W	0.064	0.022
290	sub-009	FP2_M1	0.14799280575539567	0.136	DODH	R	0.21	0.0805
291	sub-009	FP2_M1	0.10496330275229358	0.079	DODH	N1	0.155	0.047
292	sub-009	C3_M2	0.11576782077393075	0.11	DODH	N2	0.152	0.075
293	sub-009	C3_M2	0.04818045112781955	0.036	DODH	W	0.055	0.024
294	sub-009	C3_M2	0.23497841726618704	0.243	DODH	R	0.2695	0.201
295	sub-009	C3_M2	0.10866972477064223	0.092	DODH	N1	0.156	0.049
296	sub-010	F3_O1	0.18270166666666668	0.177	DODH	N2	0.235	0.1265
297	sub-010	F3_O1	0.13566666666666669	0.124	DODH	W	0.175	0.07
298	sub-010	F3_O1	0.26104787234042554	0.2595	DODH	R	0.292	0.226
299	sub-010	F3_O1	0.26615999999999995	0.261	DODH	N1	0.3165	0.2085
300	sub-010	F3_M2	0.138375	0.136	DODH	N2	0.173	0.096
301	sub-010	F3_M2	0.12687719298245614	0.097	DODH	W	0.18	0.059
302	sub-010	F3_M2	0.25242553191489364	0.259	DODH	R	0.28425	0.21625
303	sub-010	F3_M2	0.26388	0.271	DODH	N1	0.31775	0.20725
304	sub-010	F4_M1	0.13684166666666664	0.134	DODH	N2	0.169	0.09675
305	sub-010	F4_M1	0.13028070175438597	0.097	DODH	W	0.186	0.061
306	sub-010	F4_M1	0.24002659574468085	0.2405	DODH	R	0.27525	0.20475
307	sub-010	F4_M1	0.24104	0.251	DODH	N1	0.29125	0.19975
308	sub-010	FP1_M2	0.12598333333333334	0.121	DODH	N2	0.155	0.09075
309	sub-010	FP1_M2	0.09840350877192983	0.068	DODH	W	0.125	0.045
310	sub-010	FP1_M2	0.20345744680851063	0.21	DODH	R	0.2485	0.16525
311	sub-010	FP1_M2	0.2288	0.2385	DODH	N1	0.27625	0.169
312	sub-010	FP2_M1	0.11586500000000001	0.112	DODH	N2	0.15	0.073
313	sub-010	FP2_M1	0.09843859649122806	0.064	DODH	W	0.145	0.041
314	sub-010	FP2_M1	0.20528191489361705	0.20350000000000001	DODH	R	0.254	0.16275
315	sub-010	FP2_M1	0.19898	0.20350000000000001	DODH	N1	0.26675000000000004	0.13
316	sub-010	C3_M2	0.17156666666666667	0.1685	DODH	N2	0.201	0.139
317	sub-010	C3_M2	0.14038596491228067	0.121	DODH	W	0.199	0.079
318	sub-010	C3_M2	0.2587393617021277	0.2625	DODH	R	0.29025	0.23
319	sub-010	C3_M2	0.26905999999999997	0.2755	DODH	N1	0.30774999999999997	0.2225
320	sub-00001	EEG	0.125966	0.124	SHHS1	N2	0.148	0.1
321	sub-00001	EEG	0.059098461538461544	0.048	SHHS1	W	0.066	0.042
322	sub-00001	EEG	0.17393457943925233	0.191	SHHS1	R	0.224	0.12
323	sub-00001	EEG	0.13585106382978726	0.139	SHHS1	N1	0.1795	0.0945
324	sub-00001	EEG(sec)	0.097838	0.0935	SHHS1	N2	0.138	0.053
325	sub-00001	EEG(sec)	0.07771692307692307	0.078	SHHS1	W	0.089	0.055
326	sub-00001	EEG(sec)	0.17262616822429908	0.182	SHHS1	R	0.209	0.1335
327	sub-00001	EEG(sec)	0.13397872340425535	0.142	SHHS1	N1	0.17049999999999998	0.103
328	sub-00002	EEG	0.14164601769911506	0.137	SHHS1	N2	0.162	0.11825
329	sub-00002	EEG	0.08555463347164592	0.088	SHHS1	W	0.143	0.006
330	sub-00002	EEG	0.20082352941176468	0.204	SHHS1	R	0.2195	0.1885
331	sub-00002	EEG	0.19099999999999998	0.192	SHHS1	N1	0.214	0.16849999999999998
332	sub-00002	EEG(sec)	0.14520353982300882	0.139	SHHS1	N2	0.17	0.114
333	sub-00002	EEG(sec)	0.05028215767634855	0.037	SHHS1	W	0.043	0.031
334	sub-00002	EEG(sec)	0.19698039215686278	0.204	SHHS1	R	0.2275	0.184
335	sub-00002	EEG(sec)	0.20633333333333334	0.202	SHHS1	N1	0.229	0.1815
336	sub-00003	EEG	0.17585714285714285	0.173	SHHS1	N2	0.201	0.14975
337	sub-00003	EEG	0.09682262996941897	0.091	SHHS1	W	0.1205	0.0665
338	sub-00003	EEG	0.21104587155963309	0.215	SHHS1	R	0.236	0.189
339	sub-00003	EEG	0.19834285714285715	0.2	SHHS1	N1	0.2275	0.1625
340	sub-00003	EEG(sec)	0.16932142857142857	0.1645	SHHS1	N2	0.195	0.14175
341	sub-00003	EEG(sec)	0.10145565749235474	0.092	SHHS1	W	0.124	0.07
342	sub-00003	EEG(sec)	0.21159633027522937	0.212	SHHS1	R	0.235	0.19
343	sub-00003	EEG(sec)	0.20102857142857142	0.205	SHHS1	N1	0.223	0.182
344	sub-00004	EEG	0.21300000000000002	0.204	SHHS1	N2	0.2455	0.172
345	sub-00004	EEG	0.30084586466165414	0.3095	SHHS1	W	0.44225000000000003	0.169
346	sub-00004	EEG	0.37727906976744185	0.3715	SHHS1	R	0.442	0.32225000000000004
347	sub-00004	EEG	0.2451111111111111	0.219	SHHS1	N1	0.309	0.16
348	sub-00004	EEG(sec)	0.26004433497536944	0.249	SHHS1	N2	0.298	0.213
349	sub-00004	EEG(sec)	0.41250751879699243	0.4625	SHHS1	W	0.583	0.23450000000000001
350	sub-00004	EEG(sec)	0.40845348837209305	0.403	SHHS1	R	0.47624999999999995	0.3485
351	sub-00004	EEG(sec)	0.3247777777777778	0.2955	SHHS1	N1	0.44225000000000003	0.19875
352	sub-00005	EEG	0.16128451882845188	0.158	SHHS1	N2	0.18	0.141
353	sub-00005	EEG	0.08679608938547487	0.085	SHHS1	W	0.111	0.05825
354	sub-00005	EEG	0.21150000000000005	0.215	SHHS1	R	0.23	0.19
355	sub-00005	EEG	0.17407142857142857	0.175	SHHS1	N1	0.19625	0.15375
356	sub-00005	EEG(sec)	0.12935564853556483	0.128	SHHS1	N2	0.142	0.113
357	sub-00005	EEG(sec)	0.08984357541899442	0.084	SHHS1	W	0.115	0.063
358	sub-00005	EEG(sec)	0.19361627906976747	0.1895	SHHS1	R	0.21775	0.168
359	sub-00005	EEG(sec)	0.15976190476190474	0.1595	SHHS1	N1	0.17875	0.143
360	sub-00006	EEG	0.11028205128205129	0.104	SHHS1	N2	0.13225	0.08275
361	sub-00006	EEG	0.06432423208191126	0.057	SHHS1	W	0.078	0.042
362	sub-00006	EEG	0.13669032258064515	0.129	SHHS1	R	0.182	0.0895
363	sub-00006	EEG	0.14547916666666666	0.158	SHHS1	N1	0.17875	0.09625
364	sub-00006	EEG(sec)	0.15207051282051284	0.15	SHHS1	N2	0.183	0.12
365	sub-00006	EEG(sec)	0.08943344709897612	0.076	SHHS1	W	0.126	0.052
366	sub-00006	EEG(sec)	0.14116774193548387	0.146	SHHS1	R	0.203	0.0725
367	sub-00006	EEG(sec)	0.19525	0.188	SHHS1	N1	0.231	0.16775
368	sub-00007	EEG	0.21117094017094015	0.211	SHHS1	N2	0.248	0.17149999999999999
369	sub-00007	EEG	0.14687797619047618	0.1405	SHHS1	W	0.21325	0.05625
370	sub-00007	EEG	0.16243478260869568	0.1565	SHHS1	R	0.18075	0.133
371	sub-00007	EEG	0.2737222222222222	0.2625	SHHS1	N1	0.3175	0.20475000000000002
372	sub-00007	EEG(sec)	0.19925071225071228	0.194	SHHS1	N2	0.236	0.153
373	sub-00007	EEG(sec)	0.1682678571428571	0.146	SHHS1	W	0.229	0.0795
374	sub-00007	EEG(sec)	0.1644855072463768	0.151	SHHS1	R	0.18	0.1305
375	sub-00007	EEG(sec)	0.2961111111111111	0.2535	SHHS1	N1	0.338	0.228
376	sub-00008	EEG	0.21436057692307695	0.217	SHHS1	N2	0.24025	0.18775
377	sub-00008	EEG	0.19559471365638767	0.228	SHHS1	W	0.263	0.112
378	sub-00008	EEG	0.25989189189189194	0.2655	SHHS1	R	0.286	0.24
379	sub-00008	EEG	0.23733333333333337	0.253	SHHS1	N1	0.2615	0.214
380	sub-00008	EEG(sec)	0.14218750000000002	0.1395	SHHS1	N2	0.16725	0.11075
381	sub-00008	EEG(sec)	0.12972246696035242	0.133	SHHS1	W	0.158	0.1035
382	sub-00008	EEG(sec)	0.19367567567567567	0.193	SHHS1	R	0.20975	0.17825
383	sub-00008	EEG(sec)	0.15833333333333333	0.16	SHHS1	N1	0.209	0.1135
384	sub-00009	EEG	0.12586013986013986	0.122	SHHS1	N2	0.15	0.097
385	sub-00009	EEG	0.10402964959568735	0.115	SHHS1	W	0.1585	0.027000000000000003
386	sub-00009	EEG	0.13416030534351148	0.136	SHHS1	R	0.1695	0.0905
387	sub-00009	EEG	0.19415789473684214	0.198	SHHS1	N1	0.211	0.17925
388	sub-00009	EEG(sec)	0.09382284382284382	0.091	SHHS1	N2	0.116	0.064
389	sub-00009	EEG(sec)	0.0864312668463612	0.089	SHHS1	W	0.134	0.024
390	sub-00009	EEG(sec)	0.10909160305343511	0.107	SHHS1	R	0.1385	0.068
391	sub-00009	EEG(sec)	0.14089473684210524	0.1685	SHHS1	N1	0.1775	0.07825
392	sub-00010	EEG	0.13351882845188284	0.133	SHHS1	N2	0.16475	0.101
393	sub-00010	EEG	0.15038034188034188	0.149	SHHS1	W	0.201	0.09225
394	sub-00010	EEG	0.19348913043478264	0.195	SHHS1	R	0.221	0.166
395	sub-00010	EEG	0.16736363636363635	0.165	SHHS1	N1	0.196	0.148
396	sub-00010	EEG(sec)	0.11990167364016736	0.117	SHHS1	N2	0.152	0.085
397	sub-00010	EEG(sec)	0.1479059829059829	0.1545	SHHS1	W	0.198	0.084
398	sub-00010	EEG(sec)	0.18970108695652174	0.19	SHHS1	R	0.219	0.162
399	sub-00010	EEG(sec)	0.1551818181818182	0.149	SHHS1	N1	0.175	0.1375
400	sub-174	Fz	0.09062605042016807	0.085	UBA	N2	0.113	0.061
401	sub-174	Fz	0.09720000000000001	0.098	UBA	W	0.1245	0.064
402	sub-174	Fz	0.15631521739130436	0.16	UBA	R	0.17525	0.13775
403	sub-174	Fz	0.10726373626373624	0.103	UBA	N1	0.151	0.057
404	sub-174	FC1	0.10929201680672268	0.104	UBA	N2	0.132	0.076
405	sub-174	FC1	0.08765333333333335	0.089	UBA	W	0.1115	0.063
406	sub-174	FC1	0.1736086956521739	0.178	UBA	R	0.19425	0.154
407	sub-174	FC1	0.1194065934065934	0.121	UBA	N1	0.158	0.073
408	sub-174	FC5	0.11880882352941176	0.115	UBA	N2	0.14825	0.08574999999999999
409	sub-174	FC5	0.08093333333333334	0.077	UBA	W	0.1055	0.055
410	sub-174	FC5	0.14421739130434783	0.1465	UBA	R	0.17	0.12025
411	sub-174	FC5	0.12046153846153848	0.119	UBA	N1	0.162	0.0815
412	sub-174	C3	0.12430672268907564	0.118	UBA	N2	0.14525	0.093
413	sub-174	C3	0.07572	0.068	UBA	W	0.0925	0.051
414	sub-174	C3	0.16315217391304349	0.163	UBA	R	0.18825	0.143
415	sub-174	C3	0.12705494505494508	0.118	UBA	N1	0.159	0.0935
416	sub-174	Cz	0.13235504201680673	0.122	UBA	N2	0.15325	0.096
417	sub-174	Cz	0.07029333333333333	0.065	UBA	W	0.091	0.04
418	sub-174	Cz	0.18803260869565216	0.192	UBA	R	0.214	0.167
419	sub-174	Cz	0.13302197802197802	0.125	UBA	N1	0.17049999999999998	0.095
420	sub-174	C4	0.12481302521008404	0.121	UBA	N2	0.149	0.095
421	sub-174	C4	0.07656000000000002	0.077	UBA	W	0.1065	0.047
422	sub-174	C4	0.17017934782608693	0.17099999999999999	UBA	R	0.194	0.146
423	sub-174	C4	0.12932967032967035	0.127	UBA	N1	0.168	0.094
424	sub-174	Pz	0.14488235294117646	0.137	UBA	N2	0.171	0.112
425	sub-174	Pz	0.05737333333333333	0.053	UBA	W	0.0795	0.0385
426	sub-174	Pz	0.17275	0.173	UBA	R	0.199	0.146
427	sub-174	Pz	0.14445054945054947	0.137	UBA	N1	0.1765	0.1105
428	sub-193	Fz	0.08607878787878788	0.079	UBA	N2	0.103	0.0545
429	sub-193	Fz	0.08924999999999998	0.07100000000000001	UBA	W	0.1285	0.04075
430	sub-193	Fz	0.24801666666666666	0.2475	UBA	R	0.287	0.214
431	sub-193	Fz	0.09430188679245285	0.082	UBA	N1	0.131	0.054
432	sub-193	FC1	0.09375757575757576	0.086	UBA	N2	0.1125	0.064
433	sub-193	FC1	0.08917857142857143	0.078	UBA	W	0.12775	0.04075
434	sub-193	FC1	0.25857777777777774	0.256	UBA	R	0.29625	0.22575
435	sub-193	FC1	0.10135849056603775	0.091	UBA	N1	0.135	0.058
436	sub-193	FC5	0.11214747474747476	0.108	UBA	N2	0.1385	0.083
437	sub-193	FC5	0.05116071428571429	0.036000000000000004	UBA	W	0.077	0.01675
438	sub-193	FC5	0.19023888888888887	0.1925	UBA	R	0.22225	0.16475
439	sub-193	FC5	0.09054716981132074	0.08	UBA	N1	0.123	0.061
440	sub-193	C3	0.1032060606060606	0.098	UBA	N2	0.125	0.071
441	sub-193	C3	0.08082142857142857	0.0785	UBA	W	0.1225	0.0285
442	sub-193	C3	0.2375	0.236	UBA	R	0.273	0.20475
443	sub-193	C3	0.10356603773584908	0.093	UBA	N1	0.139	0.067
444	sub-193	Cz	0.10302828282828282	0.095	UBA	N2	0.1275	0.069
445	sub-193	Cz	0.08755357142857144	0.0775	UBA	W	0.119	0.0365
446	sub-193	Cz	0.2693388888888889	0.268	UBA	R	0.301	0.23375
447	sub-193	Cz	0.10850943396226415	0.103	UBA	N1	0.146	0.065
448	sub-193	C4	0.10312525252525252	0.101	UBA	N2	0.125	0.074
449	sub-193	C4	0.05975000000000001	0.034	UBA	W	0.094	0.015
450	sub-193	C4	0.21314999999999998	0.2135	UBA	R	0.24625	0.18525
451	sub-193	C4	0.09286792452830189	0.093	UBA	N1	0.141	0.032
452	sub-193	Pz	0.10405252525252526	0.1	UBA	N2	0.131	0.0735
453	sub-193	Pz	0.06008928571428572	0.032	UBA	W	0.1	0.015
454	sub-193	Pz	0.20641666666666666	0.209	UBA	R	0.23825	0.183
455	sub-193	Pz	0.09573584905660375	0.088	UBA	N1	0.155	0.032
456	sub-200	Fz	0.08672433460076047	0.075	UBA	N2	0.11075	0.053
457	sub-200	Fz	0.09763218390804597	0.095	UBA	W	0.143	0.0565
458	sub-200	Fz	0.16751639344262295	0.1635	UBA	R	0.2035	0.1295
459	sub-200	Fz	0.10660465116279069	0.078	UBA	N1	0.148	0.0475
460	sub-200	FC1	0.09179657794676806	0.08	UBA	N2	0.115	0.059
461	sub-200	FC1	0.09721839080459772	0.094	UBA	W	0.144	0.052
462	sub-200	FC1	0.17985245901639346	0.1745	UBA	R	0.216	0.141
463	sub-200	FC1	0.10967441860465114	0.086	UBA	N1	0.1525	0.0515
464	sub-200	FC5	0.08972433460076047	0.081	UBA	N2	0.11275	0.06225
465	sub-200	FC5	0.0688735632183908	0.069	UBA	W	0.1	0.0325
466	sub-200	FC5	0.10286065573770493	0.097	UBA	R	0.13075	0.07825
467	sub-200	FC5	0.07865116279069767	0.067	UBA	N1	0.11	0.035
468	sub-200	C3	0.08881368821292776	0.082	UBA	N2	0.109	0.061
469	sub-200	C3	0.08065517241379311	0.071	UBA	W	0.1205	0.033
470	sub-200	C3	0.15114754098360655	0.1485	UBA	R	0.18675	0.113
471	sub-200	C3	0.09272093023255815	0.062	UBA	N1	0.1295	0.040999999999999995
472	sub-200	Cz	0.09767680608365019	0.0875	UBA	N2	0.119	0.067
473	sub-200	Cz	0.09826436781609195	0.087	UBA	W	0.144	0.049
474	sub-200	Cz	0.1980573770491803	0.2	UBA	R	0.2385	0.15425
475	sub-200	Cz	0.11348837209302326	0.098	UBA	N1	0.154	0.054
476	sub-200	C4	0.0911425855513308	0.078	UBA	N2	0.11275	0.06125
477	sub-200	C4	0.09357471264367814	0.092	UBA	W	0.137	0.042
478	sub-200	C4	0.17707377049180328	0.1805	UBA	R	0.214	0.13425
479	sub-200	C4	0.119046511627907	0.099	UBA	N1	0.1695	0.06
480	sub-200	Pz	0.08561026615969583	0.078	UBA	N2	0.103	0.062
481	sub-200	Pz	0.073816091954023	0.068	UBA	W	0.098	0.03
482	sub-200	Pz	0.14553278688524587	0.144	UBA	R	0.1885	0.10125
483	sub-200	Pz	0.09686046511627909	0.074	UBA	N1	0.1315	0.047
484	sub-211	Fz	0.0849882075471698	0.079	UBA	N2	0.107	0.056
485	sub-211	Fz	0.05780660377358491	0.051	UBA	W	0.0735	0.03175
486	sub-211	Fz	0.18835164835164836	0.19	UBA	R	0.21875	0.164
487	sub-211	Fz	0.090515625	0.091	UBA	N1	0.128	0.041
488	sub-211	FC1	0.09494103773584907	0.087	UBA	N2	0.118	0.06475
489	sub-211	FC1	0.0649811320754717	0.06	UBA	W	0.0855	0.03275
490	sub-211	FC1	0.19889010989010994	0.199	UBA	R	0.22975	0.17425
491	sub-211	FC1	0.097875	0.098	UBA	N1	0.14325	0.041
492	sub-211	FC5	0.09500707547169812	0.0895	UBA	N2	0.117	0.067
493	sub-211	FC5	0.057278301886792456	0.053	UBA	W	0.076	0.028
494	sub-211	FC5	0.18162637362637366	0.182	UBA	R	0.20875	0.15275
495	sub-211	FC5	0.09425	0.0875	UBA	N1	0.14375	0.03375
496	sub-211	C3	0.1008561320754717	0.0955	UBA	N2	0.1255	0.069
497	sub-211	C3	0.06555660377358491	0.0625	UBA	W	0.09	0.03125
498	sub-211	C3	0.19346703296703296	0.192	UBA	R	0.22575	0.169
499	sub-211	C3	0.09953125	0.0945	UBA	N1	0.152	0.03875
500	sub-211	Cz	0.0960872641509434	0.09	UBA	N2	0.122	0.066
501	sub-211	Cz	0.06707075471698112	0.062	UBA	W	0.08925	0.034
502	sub-211	Cz	0.19997252747252753	0.201	UBA	R	0.231	0.17525
503	sub-211	Cz	0.09696875000000002	0.0915	UBA	N1	0.14925	0.03575
504	sub-211	C4	0.09904716981132076	0.095	UBA	N2	0.123	0.071
505	sub-211	C4	0.07573584905660377	0.069	UBA	W	0.097	0.046
506	sub-211	C4	0.1981098901098901	0.1925	UBA	R	0.22275	0.17
507	sub-211	C4	0.1253125	0.1275	UBA	N1	0.1695	0.0665
508	sub-211	Pz	0.11092216981132075	0.1085	UBA	N2	0.138	0.081
509	sub-211	Pz	0.08104716981132075	0.084	UBA	W	0.117	0.038
510	sub-211	Pz	0.20200549450549452	0.196	UBA	R	0.227	0.18
511	sub-211	Pz	0.1235625	0.135	UBA	N1	0.18075	0.0625
512	sub-215	Fz	0.0849882075471698	0.079	UBA	N2	0.107	0.056
513	sub-215	Fz	0.05780660377358491	0.051	UBA	W	0.0735	0.03175
514	sub-215	Fz	0.18835164835164836	0.19	UBA	R	0.21875	0.164
515	sub-215	Fz	0.090515625	0.091	UBA	N1	0.128	0.041
516	sub-215	FC1	0.09494103773584907	0.087	UBA	N2	0.118	0.06475
517	sub-215	FC1	0.0649811320754717	0.06	UBA	W	0.0855	0.03275
518	sub-215	FC1	0.19889010989010994	0.199	UBA	R	0.22975	0.17425
519	sub-215	FC1	0.097875	0.098	UBA	N1	0.14325	0.041
520	sub-215	FC5	0.09500707547169812	0.0895	UBA	N2	0.117	0.067
521	sub-215	FC5	0.057278301886792456	0.053	UBA	W	0.076	0.028
522	sub-215	FC5	0.18162637362637366	0.182	UBA	R	0.20875	0.15275
523	sub-215	FC5	0.09425	0.0875	UBA	N1	0.14375	0.03375
524	sub-215	C3	0.1008561320754717	0.0955	UBA	N2	0.1255	0.069
525	sub-215	C3	0.06555660377358491	0.0625	UBA	W	0.09	0.03125
526	sub-215	C3	0.19346703296703296	0.192	UBA	R	0.22575	0.169
527	sub-215	C3	0.09953125	0.0945	UBA	N1	0.152	0.03875
528	sub-215	Cz	0.0960872641509434	0.09	UBA	N2	0.122	0.066
529	sub-215	Cz	0.06707075471698112	0.062	UBA	W	0.08925	0.034
530	sub-215	Cz	0.19997252747252753	0.201	UBA	R	0.231	0.17525
531	sub-215	Cz	0.09696875000000002	0.0915	UBA	N1	0.14925	0.03575
532	sub-215	C4	0.09904716981132076	0.095	UBA	N2	0.123	0.071
533	sub-215	C4	0.07573584905660377	0.069	UBA	W	0.097	0.046
534	sub-215	C4	0.1981098901098901	0.1925	UBA	R	0.22275	0.17
535	sub-215	C4	0.1253125	0.1275	UBA	N1	0.1695	0.0665
536	sub-215	Pz	0.11092216981132075	0.1085	UBA	N2	0.138	0.081
537	sub-215	Pz	0.08104716981132075	0.084	UBA	W	0.117	0.038
538	sub-215	Pz	0.20200549450549452	0.196	UBA	R	0.227	0.18
539	sub-215	Pz	0.1235625	0.135	UBA	N1	0.18075	0.0625
540	sub-217	Fz	0.09436384976525822	0.095	UBA	N2	0.118	0.069
541	sub-217	Fz	0.10859999999999999	0.114	UBA	W	0.137	0.089
542	sub-217	Fz	0.1885	0.1875	UBA	R	0.215	0.16775
543	sub-217	Fz	0.09767567567567569	0.09	UBA	N1	0.1405	0.051
544	sub-217	FC1	0.10593192488262909	0.108	UBA	N2	0.129	0.08025
545	sub-217	FC1	0.0993942857142857	0.103	UBA	W	0.127	0.0805
546	sub-217	FC1	0.18746153846153848	0.186	UBA	R	0.20625	0.16875
547	sub-217	FC1	0.10369369369369368	0.1	UBA	N1	0.142	0.062
548	sub-217	FC5	0.11419718309859155	0.117	UBA	N2	0.138	0.091
549	sub-217	FC5	0.0877142857142857	0.093	UBA	W	0.1125	0.0645
550	sub-217	FC5	0.15575	0.158	UBA	R	0.17925	0.1355
551	sub-217	FC5	0.10281981981981984	0.102	UBA	N1	0.1365	0.0675
552	sub-217	C3	0.11501173708920187	0.116	UBA	N2	0.135	0.093
553	sub-217	C3	0.0756	0.078	UBA	W	0.094	0.061
554	sub-217	C3	0.1671634615384615	0.17	UBA	R	0.18925	0.14875
555	sub-217	C3	0.10160360360360361	0.098	UBA	N1	0.1315	0.07
556	sub-217	Cz	0.12185446009389671	0.121	UBA	N2	0.142	0.09825
557	sub-217	Cz	0.10103428571428572	0.105	UBA	W	0.1285	0.0795
558	sub-217	Cz	0.19692307692307692	0.195	UBA	R	0.2175	0.18075
559	sub-217	Cz	0.11935135135135136	0.114	UBA	N1	0.156	0.0825
560	sub-217	C4	0.1174906103286385	0.119	UBA	N2	0.141	0.09525
561	sub-217	C4	0.09657714285714286	0.098	UBA	W	0.122	0.0715
562	sub-217	C4	0.1748269230769231	0.181	UBA	R	0.199	0.1545
563	sub-217	C4	0.11147747747747747	0.113	UBA	N1	0.143	0.074
564	sub-217	Pz	0.1167230046948357	0.1235	UBA	N2	0.151	0.089
565	sub-217	Pz	0.08696000000000001	0.083	UBA	W	0.114	0.049
566	sub-217	Pz	0.18221153846153845	0.1865	UBA	R	0.205	0.163
567	sub-217	Pz	0.11842342342342344	0.121	UBA	N1	0.1595	0.0755
568	sub-222	Fz	0.06939858490566038	0.051	UBA	N2	0.10125	0.03
569	sub-222	Fz	0.133975	0.121	UBA	W	0.19125	0.0725
570	sub-222	Fz	0.1054621212121212	0.088	UBA	R	0.171	0.0365
571	sub-222	Fz	0.08836781609195403	0.067	UBA	N1	0.1295	0.04
572	sub-222	FC1	0.07522169811320754	0.055	UBA	N2	0.11325	0.03
573	sub-222	FC1	0.1379	0.125	UBA	W	0.18925	0.08125
574	sub-222	FC1	0.11137878787878788	0.0925	UBA	R	0.1895	0.03575
575	sub-222	FC1	0.10051724137931038	0.091	UBA	N1	0.145	0.046
576	sub-222	FC5	0.07698584905660376	0.062	UBA	N2	0.11025	0.036
577	sub-222	FC5	0.10590000000000002	0.093	UBA	W	0.14925	0.05475
578	sub-222	FC5	0.0979469696969697	0.08	UBA	R	0.151	0.0315
579	sub-222	FC5	0.08789655172413795	0.082	UBA	N1	0.1245	0.0455
580	sub-222	C3	0.0778372641509434	0.058	UBA	N2	0.123	0.028
581	sub-222	C3	0.12965	0.116	UBA	W	0.179	0.07575
582	sub-222	C3	0.10490151515151515	0.08499999999999999	UBA	R	0.18025	0.03025
583	sub-222	C3	0.104816091954023	0.108	UBA	N1	0.155	0.0455
584	sub-222	Cz	0.08458490566037737	0.0655	UBA	N2	0.133	0.03075
585	sub-222	Cz	0.1445125	0.1385	UBA	W	0.20425	0.0835
586	sub-222	Cz	0.11747727272727271	0.1015	UBA	R	0.19525	0.03875
587	sub-222	Cz	0.11398850574712643	0.111	UBA	N1	0.166	0.0535
588	sub-222	C4	0.08993396226415096	0.075	UBA	N2	0.131	0.042
589	sub-222	C4	0.138025	0.134	UBA	W	0.18825	0.0685
590	sub-222	C4	0.13075757575757577	0.133	UBA	R	0.20225	0.06625
591	sub-222	C4	0.11398850574712646	0.102	UBA	N1	0.166	0.0525
592	sub-222	Pz	0.09605424528301888	0.074	UBA	N2	0.1505	0.036
593	sub-222	Pz	0.1335375	0.1315	UBA	W	0.1945	0.0615
594	sub-222	Pz	0.1270757575757576	0.1225	UBA	R	0.20025	0.0495
595	sub-222	Pz	0.1257471264367816	0.127	UBA	N1	0.1925	0.0485
596	sub-225	Fz	0.09124065420560748	0.081	UBA	N2	0.115	0.057
597	sub-225	Fz	0.12381578947368421	0.107	UBA	W	0.2045	0.044
598	sub-225	Fz	0.23329545454545456	0.2335	UBA	R	0.2725	0.19275
599	sub-225	Fz	0.16527999999999998	0.177	UBA	N1	0.2385	0.0945
600	sub-225	FC1	0.10825467289719626	0.098	UBA	N2	0.135	0.07175
601	sub-225	FC1	0.1145	0.101	UBA	W	0.19075	0.04225
602	sub-225	FC1	0.23607954545454543	0.2355	UBA	R	0.26925	0.198
603	sub-225	FC1	0.17305333333333334	0.178	UBA	N1	0.2475	0.101
604	sub-225	FC5	0.11120794392523363	0.1075	UBA	N2	0.137	0.08175
605	sub-225	FC5	0.08344736842105262	0.0795	UBA	W	0.136	0.037
606	sub-225	FC5	0.16530113636363636	0.1695	UBA	R	0.206	0.12075
607	sub-225	FC5	0.14126666666666665	0.161	UBA	N1	0.1825	0.101
608	sub-225	C3	0.12505140186915886	0.116	UBA	N2	0.15	0.091
609	sub-225	C3	0.0979736842105263	0.086	UBA	W	0.16175	0.036250000000000004
610	sub-225	C3	0.20854545454545456	0.2075	UBA	R	0.245	0.173
611	sub-225	C3	0.16994666666666666	0.181	UBA	N1	0.231	0.1125
612	sub-225	Cz	0.12125233644859813	0.111	UBA	N2	0.146	0.081
613	sub-225	Cz	0.1033684210526316	0.0755	UBA	W	0.178	0.03325
614	sub-225	Cz	0.2370852272727273	0.236	UBA	R	0.275	0.207
615	sub-225	Cz	0.17678666666666662	0.18	UBA	N1	0.252	0.1075
616	sub-225	C4	0.11574299065420561	0.11	UBA	N2	0.143	0.07975
617	sub-225	C4	0.12031578947368421	0.125	UBA	W	0.17575	0.0475
618	sub-225	C4	0.2134488636363636	0.2115	UBA	R	0.24325	0.17975
619	sub-225	C4	0.17536	0.184	UBA	N1	0.227	0.1275
620	sub-225	Pz	0.1352336448598131	0.128	UBA	N2	0.16925	0.096
621	sub-225	Pz	0.09139473684210526	0.105	UBA	W	0.1415	0.025500000000000002
622	sub-225	Pz	0.19625	0.195	UBA	R	0.221	0.16975
623	sub-225	Pz	0.17274666666666666	0.174	UBA	N1	0.2155	0.121
624	sub-226	Fz	0.08002199661590526	0.073	UBA	N2	0.0995	0.053
625	sub-226	Fz	0.06392982456140352	0.0505	UBA	W	0.09025	0.02925
626	sub-226	Fz	0.21232413793103447	0.232	UBA	R	0.268	0.17
627	sub-226	Fz	0.0975064935064935	0.077	UBA	N1	0.141	0.048
628	sub-226	FC1	0.08929103214890018	0.083	UBA	N2	0.112	0.06
629	sub-226	FC1	0.06306140350877194	0.052	UBA	W	0.08375	0.028
630	sub-226	FC1	0.2195034482758621	0.236	UBA	R	0.283	0.155
631	sub-226	FC1	0.10235064935064936	0.082	UBA	N1	0.146	0.053
632	sub-226	FC5	0.0888984771573604	0.083	UBA	N2	0.118	0.053
633	sub-226	FC5	0.052535087719298254	0.034	UBA	W	0.06575	0.021
634	sub-226	FC5	0.18151724137931036	0.201	UBA	R	0.238	0.136
635	sub-226	FC5	0.09175324675324675	0.072	UBA	N1	0.141	0.034
636	sub-226	C3	0.09375634517766497	0.087	UBA	N2	0.121	0.0625
637	sub-226	C3	0.057508771929824565	0.042499999999999996	UBA	W	0.0735	0.02525
638	sub-226	C3	0.20850344827586204	0.233	UBA	R	0.277	0.134
639	sub-226	C3	0.10044155844155846	0.078	UBA	N1	0.148	0.045
640	sub-226	Cz	0.10034686971235196	0.093	UBA	N2	0.127	0.068
641	sub-226	Cz	0.060342105263157905	0.043	UBA	W	0.07675	0.025
642	sub-226	Cz	0.2298896551724138	0.241	UBA	R	0.303	0.164
643	sub-226	Cz	0.1060909090909091	0.089	UBA	N1	0.148	0.048
644	sub-226	C4	0.12221996615905245	0.118	UBA	N2	0.147	0.091
645	sub-226	C4	0.07461403508771929	0.0615	UBA	W	0.104	0.0335
646	sub-226	C4	0.24650344827586204	0.257	UBA	R	0.302	0.208
647	sub-226	C4	0.12700000000000003	0.125	UBA	N1	0.182	0.078
648	sub-226	Pz	0.14630795262267343	0.145	UBA	N2	0.173	0.1145
649	sub-226	Pz	0.0678421052631579	0.041	UBA	W	0.096	0.028
650	sub-226	Pz	0.2216413793103448	0.225	UBA	R	0.276	0.173
651	sub-226	Pz	0.12996103896103894	0.136	UBA	N1	0.17	0.088
652	sub-237	Fz	0.08066176470588235	0.0735	UBA	N2	0.10125	0.053
653	sub-237	Fz	0.09473488372093024	0.088	UBA	W	0.107	0.07050000000000001
654	sub-237	Fz	0.16338028169014085	0.172	UBA	R	0.22925	0.0595
655	sub-237	Fz	0.10354255319148935	0.083	UBA	N1	0.15575	0.04225
656	sub-237	FC1	0.09120343137254902	0.086	UBA	N2	0.112	0.062
657	sub-237	FC1	0.09789302325581394	0.097	UBA	W	0.114	0.0685
658	sub-237	FC1	0.1645070422535211	0.1855	UBA	R	0.2245	0.0615
659	sub-237	FC1	0.10885106382978725	0.0975	UBA	N1	0.16375	0.04575
660	sub-237	FC5	0.09771323529411764	0.099	UBA	N2	0.124	0.069
661	sub-237	FC5	0.08527441860465117	0.087	UBA	W	0.102	0.049
662	sub-237	FC5	0.12656338028169015	0.1305	UBA	R	0.19075	0.0385
663	sub-237	FC5	0.10204255319148935	0.096	UBA	N1	0.14825	0.03925
664	sub-237	C3	0.10339950980392157	0.104	UBA	N2	0.13125	0.06975
665	sub-237	C3	0.09169302325581395	0.094	UBA	W	0.1085	0.061
666	sub-237	C3	0.14393661971830987	0.1625	UBA	R	0.20575	0.05
667	sub-237	C3	0.1093936170212766	0.104	UBA	N1	0.1615	0.04175
668	sub-237	Cz	0.10147303921568626	0.0985	UBA	N2	0.125	0.069
669	sub-237	Cz	0.09915348837209303	0.098	UBA	W	0.115	0.0755
670	sub-237	Cz	0.1669718309859155	0.1895	UBA	R	0.23225	0.0695
671	sub-237	Cz	0.11586170212765962	0.11	UBA	N1	0.16825	0.05725
672	sub-237	C4	0.09746323529411764	0.096	UBA	N2	0.126	0.06475
673	sub-237	C4	0.10415813953488373	0.102	UBA	W	0.1165	0.0815
674	sub-237	C4	0.1556619718309859	0.1665	UBA	R	0.21875	0.06425
675	sub-237	C4	0.10959574468085108	0.098	UBA	N1	0.16125	0.06025
676	sub-237	Pz	0.11322303921568627	0.1155	UBA	N2	0.148	0.07275
677	sub-237	Pz	0.09714418604651162	0.096	UBA	W	0.112	0.0815
678	sub-237	Pz	0.15523239436619718	0.1785	UBA	R	0.21875	0.063
679	sub-237	Pz	0.11797872340425532	0.116	UBA	N1	0.16875	0.06625
