W	N1	N2	N3	R	anotaciones
99.993095	0.0019193038	0.0017871847	0.0015757119	0.0016164727	0
99.99491	0.0014096659	0.0013249321	0.0011929094	0.0011580749	0
99.99508	0.0013666481	0.0012824895	0.0011563085	0.0011071793	0
99.9951	0.0013687845	0.0012788121	0.0011504436	0.0010980467	0
99.99507	0.001384481	0.0012873895	0.0011561452	0.0011034807	0
99.99505	0.001394707	0.0012926765	0.001163053	0.0011073771	0
99.995026	0.0014012381	0.0012962783	0.0011695017	0.0011089953	0
99.99502	0.0014027308	0.0012965259	0.0011735768	0.0011079026	0
99.995	0.0014067626	0.0012997487	0.001179983	0.0011092062	0
99.99497	0.001414879	0.001307388	0.001188636	0.0011142726	0
99.99494	0.0014245725	0.0013159169	0.0011978742	0.0011211663	0
99.99492	0.0014317837	0.0013224409	0.0012040482	0.0011262726	0
99.99489	0.0014399587	0.0013298148	0.0012122327	0.0011322424	0
99.994865	0.0014468002	0.0013360225	0.0012194426	0.0011370109	0
99.99484	0.0014521264	0.0013406053	0.0012263001	0.0011407348	0
99.99482	0.0014578201	0.0013452756	0.0012318357	0.0011448963	0
99.994804	0.0014628755	0.0013501979	0.001239374	0.0011479718	0
99.99478	0.0014670467	0.001354107	0.0012435985	0.0011511374	0
99.99475	0.0014738926	0.0013597449	0.0012511552	0.0011562965	0
99.99473	0.0014805334	0.0013660678	0.0012579642	0.0011612398	0
99.99471	0.0014836435	0.001368548	0.0012606682	0.0011637113	0
99.9947	0.0014890387	0.0013739768	0.0012649874	0.001167788	0
99.99468	0.0014934749	0.0013779995	0.0012670517	0.0011715557	0
99.994675	0.0014975539	0.0013815557	0.0012705211	0.0011748137	0
99.99467	0.0014993432	0.001381692	0.0012727849	0.0011761191	0
99.994644	0.0015045623	0.0013862326	0.0012809733	0.0011783604	0
99.99464	0.0015074654	0.0013891992	0.0012834335	0.0011806665	0
99.99461	0.0015132827	0.0013936796	0.001288739	0.0011844608	0
99.99459	0.001521992	0.0014010981	0.0012937755	0.0011912314	0
99.994576	0.001528314	0.0014065978	0.0012946813	0.001196988	0
99.99456	0.0015347612	0.0014109842	0.0012981026	0.0012024367	0
99.99453	0.0015420051	0.0014172764	0.00130364	0.0012072804	0
99.99451	0.0015495605	0.0014221978	0.0013101494	0.0012132475	0
99.99448	0.0015588574	0.0014311491	0.0013210524	0.0012189121	0
99.99443	0.0015675512	0.0014388826	0.0013354269	0.001227519	0
99.994415	0.0015705371	0.0014410905	0.0013388657	0.0012294548	0
99.9944	0.0015745544	0.0014450703	0.0013436782	0.0012310653	0
99.99438	0.0015819261	0.0014501249	0.0013496556	0.0012371056	0
99.99436	0.0015873576	0.0014551273	0.0013560567	0.0012405374	0
99.99435	0.0015915663	0.0014585592	0.0013606698	0.0012444586	0
99.99432	0.0015953763	0.00146239	0.0013657243	0.0012465941	0
99.99431	0.0016019172	0.0014694688	0.0013723623	0.0012509074	0
99.99429	0.0016076054	0.0014749571	0.0013780058	0.0012546772	0
99.99424	0.001621909	0.0014872532	0.0013885909	0.0012669429	0
99.99419	0.0016362737	0.0014989903	0.0014012479	0.0012781775	0
99.994156	0.0016445161	0.0015065217	0.0014103136	0.0012836193	0
99.994125	0.0016508269	0.0015132205	0.0014188901	0.0012874645	0
99.99411	0.0016577697	0.0015195245	0.0014260322	0.001292934	0
99.994095	0.0016563918	0.0015208928	0.001429721	0.0012908088	0
99.99407	0.0016612014	0.0015262637	0.0014368542	0.0012934044	0
99.994156	0.0016407414	0.0015086539	0.0014239857	0.0012713649	0
99.99412	0.001649271	0.0015145929	0.0014250586	0.0012820265	0
99.99407	0.0016667482	0.0015277555	0.0014308935	0.0012989823	0
99.99404	0.0016754229	0.0015354564	0.0014369022	0.0013057371	0
99.99401	0.0016842012	0.0015437914	0.0014428211	0.0013125043	0
99.99397	0.0016959639	0.0015541594	0.0014509056	0.0013206874	0
99.99391	0.0017172269	0.0015722393	0.0014624046	0.001336738	0
99.993805	0.0017515119	0.001602218	0.00148332	0.0013626665	0
99.99368	0.0017867887	0.0016337284	0.001507726	0.0013895043	0
99.99354	0.0018303796	0.0016728151	0.0015399749	0.0014239381	0
99.993324	0.0018924889	0.001728837	0.001587989	0.0014720204	0
99.99303	0.0019784211	0.0018048662	0.0016591547	0.0015379651	0
99.992676	0.0020770954	0.0018913706	0.0017479304	0.0016116301	0
99.992325	0.0021739018	0.001979785	0.0018422902	0.0016829872	0
99.99166	0.0023686031	0.0021497428	0.0020035647	0.0018230383	0
99.99035	0.0027541155	0.0024807896	0.0023214421	0.0020944448	0
99.98857	0.003274066	0.0029309625	0.0027624427	0.0024601496	0
99.9871	0.003700633	0.0033090177	0.0031298972	0.0027633244	0
99.986725	0.0037940438	0.0034054662	0.003225864	0.0028500895	0
99.98393	0.0046515996	0.004130151	0.0038365498	0.003450838	0
99.98034	0.005743838	0.0050518867	0.0046517993	0.0042073354	0
99.974266	0.0076593626	0.006598571	0.006003274	0.0054757055	0
99.96508	0.010469255	0.008953601	0.008144004	0.007349698	0
99.94113	0.018696217	0.014892174	0.013145171	0.012139219	0
98.894875	0.4649133	0.25347653	0.18989293	0.19683507	0
99.95317	0.014104037	0.012258376	0.01072845	0.009738623	0
99.95948	0.012221141	0.010551887	0.009189434	0.008546294	0
99.94914	0.015557172	0.013319116	0.01140613	0.010576304	0
99.8838	0.037974596	0.030645339	0.024684114	0.022892544	0
98.54072	0.61892337	0.3599775	0.24412912	0.23625232	0
6.4375916	87.80459	2.8409512	1.4396695	1.4771957	1
4.288214	87.39488	5.331098	1.4892695	1.4965411	1
71.00728	8.723003	14.596624	3.0446389	2.628446	0
3.3597906	87.27042	6.374652	1.4701159	1.5250291	1
1.0618135	1.6120441	95.940895	0.85925573	0.5259913	2
0.9393815	1.2914819	96.70662	0.58734304	0.47518435	2
0.26330543	0.40013242	98.90842	0.24576548	0.18237843	2
0.18463512	0.27550256	99.235245	0.16986302	0.13475391	2
0.15956755	0.20943715	99.36891	0.15374202	0.108342886	2
98.50687	0.34195372	0.61264277	0.30448303	0.23404977	0
99.87467	0.037075546	0.037463468	0.025828565	0.024960242	0
99.894554	0.032578833	0.030127484	0.021864286	0.020874608	0
99.8166	0.06001977	0.05134489	0.037333682	0.034705758	0
98.73553	0.50865656	0.3350087	0.2168671	0.20393948	0
75.091675	13.810102	6.237995	2.483362	2.3768668	0
76.4907	12.535392	6.3265285	2.3643026	2.283073	0
3.6102872	7.5465665	80.55163	6.1959023	2.0956097	2
1.869466	2.7234106	93.43185	1.1513368	0.8239375	2
0.4115397	0.45939922	98.47646	0.44236147	0.2102345	2
0.12109905	0.14909431	99.46545	0.17723317	0.08712748	2
0.085730426	0.12040646	99.63762	0.089451544	0.06678377	2
0.050675783	0.059091114	99.78014	0.070384406	0.039708864	2
0.046325866	0.06327567	99.78826	0.06396593	0.038174815	2
0.04556163	0.06252885	99.79709	0.057301383	0.037508942	2
0.042970646	0.059922483	99.79793	0.062058765	0.037126075	2
0.045059107	0.05265735	99.80737	0.05927407	0.035639144	2
0.04892781	0.066077866	99.76951	0.0731812	0.0423118	2
0.055405945	0.07887149	99.747345	0.070327334	0.048048586	2
0.07633081	0.11227535	99.64493	0.10633626	0.060136702	2
0.045942254	0.062111776	99.783104	0.06767689	0.041168034	2
0.23470367	0.30391902	98.7495	0.520131	0.1917569	2
0.038114954	0.050480943	99.81552	0.061552953	0.034329556	2
0.032750063	0.0437392	99.84013	0.052124437	0.031251255	2
0.07009361	0.086872056	99.65121	0.13006972	0.06175562	2
0.035822712	0.053465027	99.81774	0.058391836	0.03458352	2
0.106157936	0.12344264	99.45143	0.22240286	0.09656634	2
0.23838252	0.27590516	98.67864	0.5957562	0.21131556	2
0.037881806	0.048255447	99.81277	0.06523371	0.03585442	2
0.035401285	0.05258361	99.818504	0.05815029	0.03535928	2
0.36133087	0.42565274	97.847	1.036043	0.32997102	2
0.067564756	0.09378365	99.63866	0.13353035	0.066464014	2
0.5612576	0.61153674	96.516754	1.8093638	0.50109154	2
1.6646683	1.3240752	7.082325	88.56465	1.3642771	3
0.11126221	0.19588138	99.36483	0.21467611	0.11335187	2
0.99099326	1.1608241	92.97292	3.9856129	0.8896468	2
0.39987102	0.50906646	97.48714	1.2206904	0.3832338	2
2.6403136	2.354727	18.752771	73.87509	2.3770967	3
0.6246241	0.7433055	95.87305	2.1716385	0.5873883	2
0.81043786	0.64041287	2.5873823	95.28972	0.672044	3
0.9674864	1.2050831	92.88822	4.019822	0.91938365	2
2.1581688	1.8598176	11.95294	82.15759	1.8714788	3
1.7789129	1.8013871	85.70444	9.140977	1.5742868	2
0.17148127	0.20359801	99.12974	0.34156218	0.15361834	2
0.2789127	0.3129582	98.41914	0.72966796	0.25932086	2
0.1619818	0.20041724	99.108734	0.37860405	0.1502607	2
1.3593829	1.0374113	5.035193	91.46824	1.0997672	3
0.15741012	0.23365028	99.09969	0.3580974	0.15115139	2
0.26084438	0.30386394	98.58003	0.6250131	0.23024525	2
1.1215335	1.0592175	93.887566	3.1675704	0.76411414	2
0.17079726	0.21612674	99.049416	0.40200254	0.16165318	2
0.06985091	0.10415446	99.64063	0.11830386	0.067065194	2
0.3294298	0.4349256	97.953606	0.9613756	0.3206608	2
0.10970818	0.17544457	99.35828	0.24307874	0.11348596	2
0.16413839	0.22787619	99.0703	0.37838528	0.15930408	2
1.2073622	0.96356404	4.5929174	92.20491	1.0312457	3
1.3626727	1.4630452	89.40993	6.4821296	1.2822188	2
1.9317901	1.7089853	10.547619	84.04914	1.7624611	3
0.61512315	0.49112216	1.8602675	96.511116	0.52237046	3
1.9867791	2.123072	82.097534	11.918066	1.8745439	2
1.8652217	1.6741177	10.102853	84.64644	1.7113699	3
0.42593026	0.34573475	1.1740333	97.68623	0.3680596	3
0.29811916	0.24300194	0.7558754	98.44349	0.2595188	3
0.39154664	0.32398847	1.0687124	97.877556	0.33819485	3
0.2751638	0.2264517	0.6858852	98.57451	0.2379925	3
0.19707316	0.16109326	0.4536334	99.0165	0.17170154	3
0.20512931	0.1691799	0.4779232	98.96776	0.18001057	3
0.15829666	0.12937123	0.34732047	99.22599	0.13902456	3
0.16852686	0.13734493	0.37475142	99.17107	0.14831515	3
0.27282152	0.21976875	0.65713066	98.61179	0.23848858	3
0.32941416	0.48412699	97.98519	0.8742528	0.32701623	2
0.4833809	0.39729667	1.4318193	97.25441	0.43309206	3
1.2124242	1.0271701	4.755251	91.95601	1.0491427	3
0.18634632	0.27726328	98.96923	0.390435	0.17672536	2
0.9404895	1.2026042	93.256325	3.701077	0.8995049	2
1.7048646	1.6707782	88.396576	6.854586	1.3731909	2
1.4671072	1.610155	89.27475	6.328053	1.3199416	2
0.18247873	0.27136117	98.93579	0.42240328	0.18797588	2
0.7304744	0.5703544	2.1715555	95.86837	0.65924245	3
0.18702167	0.23171356	99.043274	0.3552853	0.18270385	2
0.21777779	0.27770758	98.826096	0.46257317	0.2158434	2
0.08502301	0.11367763	99.55267	0.1496515	0.0989738	2
0.0882907	0.12068101	99.52481	0.14203951	0.12418409	2
0.085042	0.1432106	99.53416	0.116465814	0.12111341	2
0.08010767	0.11338606	99.552635	0.1194322	0.1344388	2
0.35231578	0.5214257	97.78566	0.4914724	0.8491273	2
5.2264442	9.893436	23.39092	5.5910015	55.8982	4
2.2643876	3.9934077	11.741165	2.243426	79.757614	4
0.3273841	0.5147672	0.70639026	0.2742701	98.177185	4
1.000199	1.9085877	2.2498124	0.720304	94.1211	4
0.040616862	0.051999193	0.04851554	0.03134503	99.82752	4
0.90957594	0.97316307	1.1051702	0.61293066	96.399155	4
2.6563222	8.221849	2.9461327	1.3776543	84.798035	4
2.941536	8.525913	4.469412	1.5605795	82.50256	4
2.7715285	6.8060784	4.3580217	1.695011	84.36936	4
3.909723	5.7197456	4.9183745	2.013918	83.43824	4
0.0334961	0.03879537	0.04481323	0.02811144	99.85478	4
0.019135768	0.020672323	0.021751149	0.016841402	99.92159	4
98.94004	0.2260519	0.23466729	0.19687559	0.40236777	0
99.92418	0.02009549	0.01900977	0.015926657	0.020786893	0
99.93816	0.017652908	0.0158582	0.012915586	0.015408137	0
99.932304	0.019775065	0.017700324	0.013988314	0.016229423	0
99.86977	0.04094324	0.034663938	0.025817275	0.028806895	0
96.32412	1.6905202	0.8293786	0.50900847	0.64696896	0
14.649397	65.644745	13.442498	2.9598944	3.303467	1
98.03567	0.7498259	0.57883173	0.30358344	0.3320951	0
5.156907	18.638914	70.249245	2.9523835	3.0025477	2
3.4267838	7.3339405	85.67967	1.8295927	1.7300088	2
3.1802192	6.4460545	87.13933	1.6032223	1.6311759	2
1.0604346	2.0234215	95.45836	0.76925087	0.6885227	2
0.35959926	0.5054231	98.51699	0.3767674	0.24122363	2
0.1951659	0.29256326	99.181755	0.1831556	0.14735791	2
0.10493226	0.16280635	99.50731	0.13334188	0.09161464	2
0.074070595	0.07755228	99.69027	0.09803018	0.06007852	2
0.2200742	0.3691625	99.00955	0.20194758	0.19926056	2
99.37059	0.14638996	0.23764956	0.13166057	0.113708675	0
99.88427	0.0349874	0.033905935	0.023367511	0.023470158	0
99.734024	0.09047521	0.07455795	0.05027054	0.050671194	0
97.15588	1.2227758	0.76438725	0.41452116	0.44243416	0
9.346732	69.07012	15.917584	2.7768064	2.8887546	1
0.39975023	0.5928579	98.30132	0.46455422	0.2415142	2
0.36149892	0.35140973	98.847046	0.2653923	0.17464928	2
0.18395537	0.18587957	99.29076	0.23154993	0.107861005	2
0.066697955	0.07351069	99.727974	0.08492667	0.046890102	2
0.12925667	0.118485056	99.51939	0.15594135	0.07693075	2
0.09322402	0.09290881	99.6462	0.10922603	0.058442935	2
0.08711866	0.13343754	99.60462	0.10079383	0.07402424	2
0.62573755	1.0717154	97.43204	0.45695752	0.41355613	2
0.1898641	0.33830568	99.083855	0.23006375	0.15792212	2
0.12033825	0.1849085	99.470695	0.12386477	0.10019551	2
0.09265036	0.10340595	99.571815	0.15756474	0.0745575	2
0.08876828	0.13974117	99.59734	0.09902682	0.075119816	2
0.051487483	0.05492301	99.78323	0.07099362	0.039359983	2
0.047217492	0.06506583	99.78345	0.061056145	0.04320922	2
0.20955537	0.39778143	98.96936	0.23447251	0.18882531	2
0.10150565	0.15354009	99.523605	0.14004278	0.08130354	2
0.038268708	0.0507901	99.83061	0.047862828	0.03247531	2
0.040224575	0.051183034	99.81721	0.056382075	0.03500942	2
0.09449065	0.11635588	99.54586	0.16056436	0.08273464	2
2.3077435	1.6386731	90.317566	4.6216974	1.1143248	2
0.18129559	0.15927659	99.36762	0.18132418	0.11048482	2
99.85389	0.03636554	0.047746144	0.03310425	0.028892929	0
99.93944	0.017659478	0.017320527	0.013061714	0.012521301	0
99.935425	0.019468188	0.017938526	0.013818854	0.0133520765	0
99.73036	0.0963019	0.07089529	0.04982933	0.05260685	0
99.888596	0.03410159	0.03206142	0.023277892	0.021954736	0
95.499954	2.109709	1.1090064	0.6150002	0.66633314	0
9.563288	16.453583	67.91811	3.4043903	2.6606286	2
21.170185	9.357153	62.74575	3.7644596	2.9624524	2
9.064155	14.678602	70.60349	3.0839872	2.569755	2
0.4068306	0.4684401	98.44489	0.4680017	0.21183516	2
0.15106003	0.16776323	99.3677	0.213166	0.100306936	2
0.724388	0.4978815	98.07308	0.4188437	0.2857982	2
24.185299	6.8938313	62.18704	3.6859984	3.047828	2
0.2791409	0.43159854	98.79515	0.31241578	0.18169649	2
0.0545446	0.065863624	99.7665	0.07153403	0.041559808	2
0.054496184	0.070121944	99.7737	0.05813684	0.043554954	2
0.05322413	0.06456528	99.77241	0.068488054	0.04131649	2
0.05922682	0.074747644	99.71128	0.10208851	0.052656732	2
0.025017817	0.03269492	99.88348	0.035911523	0.022907274	2
0.036530472	0.051160086	99.83392	0.04644501	0.031940322	2
0.03833089	0.04813456	99.81573	0.06291785	0.034887288	2
0.027466265	0.04169223	99.86654	0.03753867	0.026764587	2
0.035770543	0.042921603	99.83514	0.053962704	0.03221561	2
0.091474794	0.11627053	99.5371	0.17362864	0.081534326	2
1.4527618	1.5154048	89.504585	6.304963	1.2222832	2
0.06920067	0.09445685	99.657364	0.117168136	0.06181431	2
0.048697796	0.06446653	99.75266	0.08755136	0.046618864	2
0.04169839	0.058648076	99.795746	0.06514765	0.0387651	2
0.31792316	0.36477628	98.24179	0.80222136	0.2732894	2
0.47131968	0.5654002	97.13444	1.3967563	0.4320855	2
0.11174162	0.20705736	99.39724	0.17481714	0.10914579	2
1.0191144	1.1033497	93.691444	3.3600497	0.8260455	2
0.09986177	0.12685896	99.50818	0.17535639	0.08974437	2
0.36957055	0.46534204	97.847725	0.9940123	0.32334605	2
2.0321631	2.1510453	83.11839	10.949312	1.7490901	2
0.07602874	0.09987874	99.620155	0.1341792	0.069765806	2
0.0752129	0.09572661	99.65165	0.11224144	0.065168984	2
1.3438654	0.99153584	4.61796	92.011955	1.0346841	3
0.09635739	0.13174953	99.53274	0.15736374	0.08179544	2
3.0554237	2.6895263	85.74434	6.825719	1.6849935	2
0.38368937	0.7478349	98.11785	0.47060764	0.2800264	2
0.07909722	0.12789316	99.61127	0.111552365	0.07018651	2
0.08513705	0.13094723	99.5952	0.10958256	0.07913002	2
0.29918408	0.33439094	98.35091	0.74969864	0.26581836	2
1.1766118	1.4080802	91.73463	4.673272	1.0074012	2
0.051473115	0.06931653	99.74213	0.08842414	0.048663218	2
0.048679374	0.06429977	99.76342	0.07995615	0.043649375	2
0.07934932	0.104304485	99.596436	0.14701374	0.07289931	2
0.064929694	0.10218709	99.6759	0.0921459	0.06483435	2
0.27410665	0.3298952	98.44512	0.6907757	0.26009962	2
0.09597173	0.11651538	99.50653	0.1894725	0.091502875	2
0.32856107	0.48142	97.97224	0.9035821	0.31420282	2
1.9823065	2.1535964	83.044556	11.083231	1.7363095	2
0.13090125	0.17521238	99.27034	0.29361925	0.12992617	2
0.195058	0.4432769	98.866165	0.29389763	0.20160419	2
0.4470485	0.5523736	97.262886	1.3327279	0.40495762	2
1.860846	2.0421453	84.083	10.333563	1.6804407	2
0.20346394	0.304697	98.874954	0.4334113	0.183465	2
0.106679566	0.15257536	99.41535	0.22131526	0.10407664	2
0.08435574	0.10311568	99.58824	0.14648992	0.07780057	2
0.0912894	0.12195386	99.526436	0.16997802	0.0903473	2
0.86871105	1.0988296	93.97789	3.25306	0.80151	2
0.9126911	0.7186576	3.0924385	94.51158	0.76462996	3
0.3667892	0.46909338	97.77602	1.0378615	0.35024503	2
0.08841227	0.15368395	99.50635	0.16009207	0.09146448	2
0.88345593	0.67930424	2.8205554	94.88929	0.72739565	3
0.15636988	0.29807228	99.10027	0.28753588	0.15775615	2
0.19504575	0.36069983	98.79634	0.44247738	0.20543292	2
0.7865447	0.6278611	2.5807803	95.329765	0.67504716	3
1.4976519	1.9047469	87.41463	7.7343025	1.4486748	2
0.54784983	0.44224194	1.6333268	96.90749	0.4690831	3
1.4548218	1.270895	6.563229	89.437965	1.2730902	3
0.95587873	1.2196854	93.22985	3.6877713	0.906809	2
0.20278092	0.3399211	98.73083	0.5050973	0.22137833	2
0.54869086	0.6157907	96.62151	1.6996543	0.51435703	2
1.6975554	1.9073997	87.99135	7.048762	1.3549322	2
0.16534312	0.302513	99.02926	0.33675158	0.16613479	2
0.72312176	1.0446988	94.88848	2.6265588	0.71714807	2
0.56906205	0.7255075	96.23093	1.9167572	0.5577472	2
0.61945736	0.50113195	1.9417375	96.39953	0.5381446	3
0.7849181	1.0402833	94.31845	3.0617707	0.79457265	2
0.9807045	1.3743342	92.50698	4.1558213	0.9821587	2
0.48098093	0.39167926	1.4000933	97.30768	0.41956627	3
0.32354036	0.26379013	0.8374666	98.29528	0.27993116	3
0.25635368	0.20729282	0.62092966	98.69388	0.22154458	3
1.5037	1.3599913	7.244993	88.52773	1.3635825	3
1.9096253	1.7014295	10.325847	84.34476	1.7183423	3
0.46523827	0.36628103	1.1830508	97.60694	0.3784894	3
0.16768289	0.21085343	99.16741	0.30247778	0.15158114	2
2.0925374	2.4001837	81.47284	12.134721	1.8997222	2
0.21550953	0.28414053	98.780304	0.5108347	0.20920995	2
0.11007766	0.19562799	99.34699	0.221307	0.12599665	2
0.07608723	0.13123348	99.58266	0.12429065	0.08573283	2
0.72289693	0.7343831	96.86011	1.2616333	0.4209853	2
0.49659717	0.6234736	96.914795	1.4418417	0.5232967	2
0.15984257	0.23228219	99.28866	0.18394357	0.13526434	2
0.3046094	0.26926124	98.78837	0.44652587	0.19123949	2
0.06009767	0.07437059	99.72937	0.08297897	0.053179324	2
0.107457735	0.17177585	99.41728	0.19080114	0.11268012	2
0.06484092	0.079414666	99.71402	0.08528234	0.05644028	2
0.060325775	0.0878121	99.7092	0.081386186	0.061282683	2
0.08926055	0.1286122	99.56296	0.12308148	0.096091814	2
0.8609967	0.9301187	95.673195	1.8743969	0.66129196	2
0.07371066	0.085267566	99.61833	0.12053044	0.10216691	2
0.17345443	0.19793445	99.05309	0.26617298	0.30933952	2
1.65306	1.9954648	86.28404	3.0446284	7.0228047	2
2.791465	4.6159067	74.9391	2.9230423	14.730483	2
0.7293521	1.0773337	2.074202	0.663724	95.45538	4
10.629089	10.0745735	15.75638	3.5366368	60.003323	4
1.7202742	4.324786	4.1676207	1.2216065	88.565704	4
0.10183872	0.14419101	0.15957762	0.08244318	99.51195	4
1.123845	2.394863	2.3305335	0.77244246	93.37831	4
0.02425064	0.029028963	0.030349093	0.020009676	99.89636	4
0.016165202	0.018607523	0.018694865	0.013394294	99.933136	4
0.034288403	0.04273618	0.035866834	0.024341376	99.86277	4
0.0193404	0.021232635	0.020333435	0.015491068	99.92359	4
3.9363005	2.294605	1.7752641	1.4284528	90.56539	4
98.36089	0.49909198	0.37189388	0.25367886	0.51444155	0
0.97177243	2.041603	95.16942	0.810126	1.0070715	2
0.10779413	0.14586376	99.48784	0.12272608	0.13578118	2
0.06611109	0.08452162	99.696785	0.071793355	0.08079164	2
0.61572075	1.3505806	96.78479	0.47912008	0.7697873	2
0.09706112	0.10297236	99.560455	0.13647248	0.103035115	2
0.5427299	1.0762265	97.1513	0.43112034	0.79863256	2
0.2379277	0.2790051	98.62991	0.4346604	0.41849598	2
1.7406473	3.285481	88.49887	1.3871924	5.0878105	2
1.5206479	1.8902133	89.26087	1.867943	5.4603233	2
1.3634875	2.6171577	3.4764354	0.933544	91.60937	4
0.040798873	0.049278	0.052914124	0.029967364	99.827034	4
0.36759537	0.5173243	0.41633332	0.1962665	98.50247	4
0.023055976	0.026984304	0.024921384	0.01653523	99.90851	4
0.009102359	0.009904125	0.009970224	0.0075188545	99.96352	4
0.00801099	0.008669467	0.008551489	0.0065603787	99.9682	4
0.0089123035	0.009817865	0.009295222	0.0069940435	99.96498	4
0.022820584	0.025396392	0.021119552	0.014939788	99.915726	4
0.009537303	0.010304588	0.009805082	0.0076333126	99.96271	4
0.0066782827	0.007047884	0.007012173	0.0058775796	99.97339	4
0.0064372523	0.0066621387	0.0066484376	0.005717507	99.97453	4
0.007571385	0.007763753	0.007572593	0.0067101326	99.970375	4
0.006992106	0.0072541772	0.0071470235	0.0063945046	99.97221	4
0.006576327	0.006857433	0.0067217755	0.00575712	99.97409	4
0.006142565	0.0063875034	0.006356425	0.0055780844	99.97553	4
0.006066227	0.0062639695	0.0062884507	0.00563783	99.975746	4
0.0061387704	0.0062916414	0.006334961	0.005758445	99.97548	4
0.006008615	0.006160335	0.006167648	0.0055972543	99.97607	4
0.005886788	0.0060329884	0.0060343733	0.005496433	99.976555	4
0.0057260087	0.005892843	0.0058554453	0.005291192	99.977234	4
0.0056505986	0.0058439435	0.0057590953	0.0051291464	99.977615	4
0.0056059263	0.00584186	0.0056944294	0.0049742186	99.97789	4
0.007029755	0.0073993034	0.006957589	0.0056349332	99.97298	4
0.008155376	0.008312691	0.007632349	0.0064048427	99.96948	4
0.33033642	0.26972795	0.18037763	0.13459545	99.08495	4
0.014465897	0.015630493	0.013231162	0.010279119	99.946396	4
0.009033177	0.010070572	0.009030764	0.0070828595	99.96478	4
0.006499321	0.0069745295	0.006688384	0.005520138	99.97432	4
0.0057391203	0.0060848766	0.0059324075	0.0050649326	99.97718	4
0.0057033035	0.0060460633	0.005805285	0.0050211283	99.977425	4
0.0090125	0.009476904	0.008345093	0.0069199326	99.96625	4
0.5119853	0.46311387	0.27162492	0.18920003	98.56408	4
0.009891052	0.010412496	0.009502646	0.0078183515	99.96238	4
0.006319465	0.006655923	0.006449973	0.0054901773	99.97508	4
0.0059338044	0.0061988705	0.0060018455	0.005227081	99.97664	4
0.008564324	0.008701553	0.007881101	0.00678665	99.96808	4
0.25107598	0.23771223	0.14997578	0.10910392	99.25213	4
0.0089167645	0.009289516	0.008558351	0.0072725858	99.96596	4
0.0064954073	0.006851126	0.0065971618	0.005771957	99.97429	4
0.0062276516	0.0066280393	0.006338935	0.0054093213	99.97539	4
0.008791058	0.009259541	0.008203821	0.0068635223	99.96689	4
1.1957395	1.2189778	0.59105927	0.3885389	96.60568	4
0.008727013	0.009615922	0.008709514	0.0070860973	99.96587	4
0.0062648547	0.0068136207	0.006513409	0.0054328796	99.974976	4
0.007700916	0.008574995	0.007690013	0.0060458905	99.969986	4
0.010380528	0.012393533	0.0106432745	0.008350624	99.95824	4
0.00624846	0.00673646	0.006451032	0.005407054	99.97515	4
0.0057484275	0.0061171283	0.005984254	0.0051736226	99.97699	4
0.0056111193	0.0059421198	0.005838114	0.005098465	99.97751	4
0.005546752	0.0058682305	0.0057715187	0.0050447937	99.97777	4
0.0055342223	0.005855013	0.005765494	0.005060337	99.97778	4
0.005727322	0.0060076113	0.005898262	0.0052516325	99.97712	4
0.005803754	0.0062347543	0.0059879147	0.0052173184	99.97675	4
0.008761538	0.00935151	0.008228069	0.007016331	99.96664	4
0.7722434	0.7984246	0.4158717	0.2852899	97.72817	4
0.015181065	0.018435005	0.0150441835	0.011681814	99.93967	4
0.011369262	0.0132656945	0.0114496015	0.008756017	99.955154	4
0.007315998	0.008125966	0.0077436226	0.006462616	99.97035	4
0.007481032	0.00845822	0.007984426	0.0066406834	99.969444	4
0.016193569	0.019724108	0.016758388	0.012632513	99.934685	4
0.030902157	0.032115992	0.028228734	0.022150548	99.88661	4
99.8237	0.049388584	0.03907574	0.032611717	0.055229798	0
99.93344	0.019185841	0.015894001	0.013022847	0.01845269	0
99.95648	0.012654467	0.010844854	0.008865093	0.0111552365	0
99.91865	0.025767045	0.020615747	0.016135035	0.0188391	0
8.06217	85.65892	2.836646	1.4279693	2.0142932	1
73.15594	17.290928	4.3403935	2.1565664	3.0561676	0
2.687602	5.2590485	89.05079	1.6434298	1.3591363	2
1.6420975	92.52012	3.705661	0.8543468	1.2777796	1
0.10650974	0.14492807	99.54413	0.12452608	0.079907216	2
0.061556064	0.09242553	99.72881	0.062269244	0.054932386	2
0.027647853	0.033400584	99.87826	0.036690984	0.024006767	2
0.01656477	0.020595072	99.92876	0.019338056	0.014744782	2
0.026332168	0.029403707	99.89444	0.028898628	0.020930259	2
0.17017166	0.33408707	99.16552	0.15970486	0.17052038	2
0.02232304	0.027019763	99.8987	0.03167671	0.020288171	2
0.018898115	0.022329988	99.91525	0.026394576	0.017124852	2
0.018773144	0.026016252	99.91423	0.023276696	0.017709054	2
0.016872512	0.01993014	99.92809	0.020550586	0.014556042	2
0.015819814	0.020915426	99.92819	0.020205313	0.014862951	2
0.032916285	0.044623632	99.83954	0.051367022	0.03155062	2
0.08223542	0.13944957	99.61736	0.0802676	0.08068791	2
0.019579988	0.026926694	99.91252	0.022183688	0.018779514	2
0.01636299	0.023339497	99.92333	0.021091424	0.01587794	2
0.0112080695	0.01378651	99.949684	0.014715108	0.010596611	2
0.013198685	0.017773055	99.93864	0.017549386	0.01284402	2
0.013490618	0.016284956	99.9384	0.019066004	0.012757468	2
0.01957668	0.024897268	99.90702	0.029486056	0.019011604	2
0.49924004	0.58760077	96.96223	1.5102593	0.44067594	2
0.020541653	0.03138475	99.89868	0.029107466	0.020290703	2
0.02130997	0.026942553	99.89696	0.033922803	0.020873277	2
0.025286682	0.031564184	99.87625	0.042210866	0.024686452	2
0.037553716	0.047629427	99.81038	0.067616	0.036825493	2
0.25093794	0.30988047	98.579315	0.6293101	0.23055334	2
0.17297725	0.21418048	99.05534	0.39715073	0.16034412	2
0.29351228	0.3576107	98.31563	0.7650495	0.26819542	2
0.053308893	0.078625396	99.713455	0.10060416	0.054001722	2
0.08401055	0.11746887	99.53909	0.17444745	0.0849835	2
1.7296784	1.8137466	86.23202	8.671096	1.5534599	2
0.11858741	0.16750938	99.32867	0.2661083	0.119124666	2
0.4893513	0.5876385	96.99276	1.4761567	0.45409036	2
0.33205485	0.3969974	98.04356	0.9122655	0.31512728	2
0.67692167	0.546831	2.207789	95.99014	0.5783145	3
0.6204193	0.5050266	1.960755	96.38181	0.53198814	3
1.6478034	1.8781217	86.589615	8.357547	1.5269037	2
0.5120783	0.4242677	1.5717926	97.048416	0.44344795	3
0.9930662	0.88667935	4.004337	93.21884	0.8970772	3
0.9839885	0.886976	3.9925911	93.235985	0.9004545	3
0.1313253	0.110000126	0.28769368	99.35577	0.11521648	3
0.09564101	0.08009656	0.19593793	99.54443	0.083891295	3
0.08983494	0.07521795	0.18205173	99.57424	0.07865409	3
0.098010644	0.08153574	0.2015519	99.53316	0.08574447	3
0.23415138	0.19977796	0.5858089	98.775085	0.20518374	3
0.112043306	0.092808396	0.23609044	99.461006	0.09805314	3
0.36658883	0.3296693	1.0553148	97.91739	0.33104008	3
0.088059016	0.074355304	0.17979664	99.57973	0.07806529	3
0.067578	0.05703902	0.1310269	99.68458	0.05977318	3
0.063398965	0.05324816	0.12117401	99.70638	0.055798244	3
0.09071407	0.07602515	0.18385075	99.57002	0.079386935	3
0.065314665	0.05585603	0.12672608	99.694565	0.05754072	3
0.044055916	0.037453298	0.07928773	99.80002	0.03919236	3
0.042870436	0.03636027	0.07685165	99.805885	0.03803304	3
0.041588895	0.03507862	0.07397165	99.81263	0.03672921	3
0.053557083	0.045606945	0.10020436	99.75364	0.046985388	3
0.03886802	0.032886725	0.068442516	99.8254	0.034399804	3
0.039057374	0.032900356	0.06871327	99.82493	0.034401458	3
0.042418584	0.03539052	0.07525706	99.80998	0.036949784	3
0.061640576	0.05063161	0.11403261	99.72075	0.052947905	3
2.0397286	2.0610561	13.720329	80.29132	1.8875623	3
0.067593284	0.05669719	0.1298827	99.68687	0.05896209	3
0.046134546	0.038832165	0.082684234	99.792046	0.040300317	3
0.03937389	0.033174343	0.06879075	99.82421	0.03445134	3
0.036561057	0.030780831	0.063181095	99.83747	0.03200769	3
0.036653046	0.030731637	0.06338958	99.837234	0.031994537	3
0.038273588	0.032392327	0.066321574	99.82929	0.033717792	3
0.04042393	0.033912964	0.070714295	99.81963	0.0353166	3
0.035783138	0.030046634	0.06127703	99.841705	0.031183587	3
0.03545419	0.029697418	0.060604066	99.84345	0.030790394	3
0.03376711	0.028197013	0.05713788	99.851654	0.029239006	3
0.03806715	0.031447858	0.06517975	99.8327	0.032601744	3
0.049204543	0.041559435	0.0886057	99.7783	0.042339906	3
0.034216035	0.02856116	0.057623982	99.850174	0.029422913	3
0.034265187	0.02846335	0.057587087	99.85041	0.02927315	3
0.038410768	0.031596232	0.06538603	99.83217	0.032435115	3
0.050444484	0.040728595	0.08822713	99.77861	0.041991904	3
0.36419922	0.32148403	1.0338157	97.966125	0.31437144	3
0.0551196	0.043782223	0.0958537	99.76075	0.04449715	3
0.07603476	0.055884093	0.12411785	99.68756	0.05640327	3
80.073654	3.3429558	7.442069	6.950475	2.190839	0
19.960045	6.5199776	64.67345	6.165737	2.6807942	2
99.82683	0.043134786	0.056104183	0.04192288	0.032001898	0
99.54416	0.15330184	0.13612758	0.0893296	0.077087976	0
8.904627	14.305192	70.94387	3.4460344	2.400267	2
2.6955676	2.0107443	92.949005	1.5715393	0.7731423	2
85.54415	3.448521	7.46825	1.9682815	1.5707979	0
2.4897144	88.60646	6.1019425	1.3333429	1.4685466	1
0.4549641	0.8215202	97.90438	0.5197137	0.29942474	2
8.609496	8.167432	76.35122	4.4450617	2.4267874	2
95.23219	1.1738915	2.167337	0.79778147	0.6287937	0
2.7629051	5.2247806	87.98887	2.5789514	1.4444909	2
2.2853518	89.87655	5.3473697	1.1756365	1.3150843	1
3.2937155	3.510018	88.95592	2.9494169	1.2909372	2
0.2962955	0.4833556	98.719185	0.304552	0.19660914	2
1.2249079	2.432974	94.81415	0.7889759	0.7389883	2
2.0349984	2.385077	91.672676	2.8714812	1.03577	2
1.4398153	3.662397	92.8519	1.094725	0.95116633	2
0.67567813	0.7973911	97.743126	0.469425	0.31438306	2
0.07476923	0.09204163	99.6753	0.10311616	0.054781854	2
0.04880044	0.05951883	99.802376	0.052637886	0.036667567	2
0.048651524	0.073542885	99.776184	0.060384005	0.04123749	2
0.040149767	0.047180083	99.83447	0.04722313	0.030969473	2
0.076868266	0.10845709	99.66162	0.0953338	0.05772052	2
0.09359725	0.13013315	99.55406	0.14594051	0.07625789	2
0.35322168	0.43696064	98.75541	0.25014824	0.2042594	2
2.5469322	1.7733457	93.812096	1.1499859	0.71763974	2
0.20307617	0.32445544	99.121704	0.20803478	0.1427243	2
0.049767364	0.056891747	99.794334	0.06213391	0.03687158	2
0.23162782	0.3743415	99.01606	0.19906837	0.17891218	2
0.058125593	0.08944916	99.72284	0.08027451	0.04931594	2
0.03129307	0.037111286	99.86672	0.039231937	0.025638737	2
0.059780862	0.08356362	99.70669	0.096571736	0.053393673	2
0.1021271	0.10650988	99.63255	0.09544693	0.06336795	2
0.1693637	0.23807497	99.22239	0.24917564	0.120992504	2
0.041722875	0.04585599	99.82909	0.051998194	0.031335164	2
0.049949437	0.056292273	99.79225	0.06347847	0.038022067	2
0.34982222	0.44576776	98.07776	0.83897144	0.2876777	2
0.043979883	0.06379792	99.79895	0.055772275	0.03749103	2
0.042604867	0.0583018	99.809425	0.054350168	0.03532091	2
0.51735145	0.48313582	98.41208	0.36519155	0.22224006	2
2.244988	2.7692635	91.386955	2.445831	1.1529615	2
0.2557684	0.27372092	99.101425	0.22889012	0.14019382	2
0.1431221	0.21734071	99.382034	0.14484157	0.11265704	2
0.05941813	0.06717726	99.74612	0.08187934	0.045398317	2
0.08287995	0.11285016	99.583694	0.14489089	0.07569392	2
0.05125925	0.05919331	99.78637	0.061874837	0.041304603	2
0.041834548	0.05868547	99.80939	0.052488282	0.03760371	2
0.06806443	0.10187123	99.681915	0.08227235	0.065878846	2
0.072735935	0.10108056	99.65037	0.11221564	0.0635975	2
0.02612245	0.03367654	99.87715	0.034889113	0.028165014	2
0.03203556	0.038761996	99.84165	0.0477377	0.039819613	2
0.13372335	0.18717203	99.20448	0.26185295	0.21276467	2
1.3607278	1.5291615	89.19565	3.0469246	4.8675375	2
1.836415	2.5863357	8.320393	2.0163648	85.24049	4
2.2292824	3.7304492	6.8749385	1.5863085	85.579025	4
0.14955015	0.2062824	0.29876217	0.1370441	99.20837	4
0.26105767	0.44715452	0.5102983	0.21616602	98.56533	4
1.7345097	2.8243895	5.1841984	1.3613541	88.89554	4
0.083382025	0.115365654	0.14413223	0.071568854	99.58555	4
0.017516492	0.020276632	0.023234453	0.015672656	99.923294	4
0.016580576	0.019410186	0.020439174	0.0135430675	99.93003	4
0.009976864	0.011105964	0.011675687	0.008744581	99.95851	4
0.013573159	0.015331434	0.014634183	0.010735529	99.945724	4
0.10332861	0.13219932	0.10543106	0.065633	99.593414	4
99.80158	0.05324566	0.045182817	0.037001938	0.06297927	0
99.93075	0.019853145	0.017123071	0.013554554	0.018739229	0
99.95251	0.013318389	0.011997263	0.009828225	0.012352175	0
99.90139	0.031294525	0.024371592	0.018887423	0.024055861	0
99.946754	0.014742797	0.014305588	0.010967808	0.013230497	0
99.9598	0.011491026	0.010638696	0.008370196	0.009692382	0
99.940475	0.018145965	0.01555287	0.012026901	0.013797519	0
99.74487	0.08848665	0.06639413	0.045959033	0.05428648	0
88.443115	6.255147	2.3650098	1.2344176	1.7023054	0
13.912304	50.17272	26.532066	4.4059634	4.9769444	1
99.508	0.14800411	0.1636027	0.08809712	0.09228912	0
6.583058	66.53158	20.995903	2.6847363	3.2047231	1
21.77618	62.148083	9.779336	2.9432786	3.3531215	1
16.09747	9.946919	67.9013	3.2440193	2.8102906	2
1.7980424	4.792852	90.92188	1.253589	1.233627	2
0.08629309	0.11559822	99.642975	0.09095222	0.064184956	2
0.05426432	0.07435317	99.77484	0.051410384	0.045130078	2
0.029667033	0.03690027	99.874405	0.0331535	0.025874361	2
0.52703655	1.0979075	97.51692	0.39654753	0.4615922	2
0.05606172	0.06474516	99.75048	0.08248905	0.046225376	2
0.030305926	0.041348495	99.869995	0.030682014	0.027671259	2
0.019510858	0.024796607	99.916916	0.021133762	0.017645385	2
0.029634746	0.030894237	99.87732	0.038145393	0.024012895	2
0.019473732	0.021682734	99.9178	0.02423508	0.016804852	2
0.01612066	0.01874392	99.93274	0.018228756	0.01417399	2
0.025919395	0.03464665	99.888084	0.027540775	0.023799462	2
0.026641088	0.028605197	99.88916	0.033354413	0.022241233	2
0.0533046	0.051431138	99.81228	0.04844534	0.0345399	2
0.034802087	0.04832418	99.84555	0.040732786	0.030587267	2
0.023735931	0.026267963	99.89702	0.032410037	0.020564385	2
0.04702802	0.061091736	99.780235	0.06944813	0.042202078	2
0.024821647	0.027354145	99.89477	0.03194364	0.021115	2
0.02726674	0.033876613	99.879684	0.03478048	0.024395654	2
0.44122007	0.50100505	97.67171	1.0256313	0.36043987	2
0.036622543	0.040483896	99.84361	0.048349835	0.030920308	2
0.039219502	0.051874463	99.82428	0.048829947	0.03579447	2
0.11583956	0.17239058	99.44184	0.16656223	0.10337008	2
0.15943097	0.17725068	99.42459	0.13462909	0.10409821	2
0.10896912	0.11426476	99.52754	0.16197546	0.087245576	2
2.3659263	1.6534326	94.19322	0.94918424	0.838237	2
0.10218596	0.10750942	99.626785	0.09274484	0.07077424	2
99.75552	0.06205785	0.08421953	0.050364908	0.047828555	0
99.64113	0.11933328	0.1080614	0.06507373	0.06640677	0
10.631304	72.40156	11.797223	2.4831164	2.6867988	1
62.34135	5.77205	25.28674	3.7298515	2.8700092	0
99.24398	0.23425107	0.25671157	0.1309437	0.1341056	0
1.3918091	2.2940626	94.67439	0.94069374	0.6990454	2
2.898279	86.353004	7.589375	1.3751352	1.7842062	1
0.6788308	0.52565414	98.15267	0.37472004	0.2681225	2
0.047451798	0.05561164	99.813934	0.048658	0.0343493	2
0.091847375	0.120830625	99.6414	0.07638237	0.06953799	2
0.025547	0.0275733	99.89544	0.031104175	0.020339543	2
0.029922865	0.032404006	99.87412	0.039016858	0.024536112	2
0.028036809	0.035517976	99.878204	0.033528823	0.02471354	2
0.13610151	0.16321003	99.35035	0.2390682	0.11127614	2
0.029547347	0.038302347	99.866554	0.03920972	0.02638264	2
0.04556944	0.059297808	99.81157	0.04485967	0.038711768	2
0.021054232	0.02501263	99.91155	0.024255706	0.018131832	2
0.020792034	0.024008848	99.91144	0.025804656	0.017946064	2
0.022923756	0.028754855	99.89577	0.031492915	0.021068392	2
0.020829204	0.022622334	99.91432	0.024959534	0.017267702	2
0.021569036	0.02362536	99.907585	0.028636152	0.018588824	2
0.02608726	0.03095192	99.88408	0.035669286	0.023208156	2
0.017653663	0.021742985	99.92178	0.022481646	0.016340936	2
0.014504529	0.016735312	99.93758	0.017966194	0.0132154	2
0.015223627	0.0174154	99.93439	0.019168371	0.01380287	2
0.017584339	0.02187993	99.9211	0.02294587	0.016495382	2
0.017870361	0.02072155	99.92076	0.024182485	0.016459964	2
0.026265424	0.036645196	99.87573	0.036408406	0.02494583	2
0.039539024	0.05069814	99.806564	0.0643048	0.03889625	2
0.68781847	0.7207961	95.933136	2.0697398	0.5885036	2
0.043895785	0.06534087	99.79094	0.059722062	0.040097434	2
0.052860193	0.066764124	99.74259	0.088632	0.049150623	2
0.86808366	0.91543466	94.63416	2.8443906	0.73793036	2
0.16766949	0.16248651	99.34696	0.21850881	0.10436318	2
0.036605034	0.045864522	99.83545	0.050394114	0.031692103	2
0.04978091	0.05857694	99.77996	0.06943152	0.04225632	2
0.3135224	0.35640725	98.33579	0.72932017	0.26496017	2
0.05585493	0.0677546	99.746635	0.08268472	0.04706887	2
0.048418522	0.07027663	99.77199	0.066061534	0.04325689	2
0.5967265	0.6543454	96.58612	1.664104	0.49870178	2
0.031510666	0.03963007	99.85639	0.043832026	0.028636668	2
0.026512362	0.033810418	99.87918	0.035948858	0.024542881	2
0.046271347	0.05825665	99.78052	0.07172484	0.04322898	2
0.05493429	0.06394986	99.77792	0.058793604	0.04439669	2
0.03230661	0.037170276	99.85948	0.042424917	0.028611466	2
0.032276735	0.044084728	99.8501	0.04335757	0.030186906	2
0.053853337	0.067411825	99.73521	0.09153938	0.05198984	2
0.03181074	0.037983105	99.85783	0.043143954	0.029235607	2
0.03598731	0.050093874	99.81977	0.05667278	0.037473083	2
0.108649194	0.12599254	99.4495	0.21045431	0.10540649	2
0.030240178	0.03696061	99.85791	0.04456701	0.030318465	2
0.027194764	0.033770114	99.870674	0.03977539	0.028587608	2
0.03760293	0.04937959	99.80625	0.056777243	0.04999404	2
0.04167407	0.05527352	99.78151	0.060178597	0.061367165	2
0.31961945	0.43779296	98.04693	0.4306972	0.76496595	2
0.1290884	0.1364672	0.22933508	0.11975978	99.38535	4
0.102406986	0.10028095	0.08855823	0.055384897	99.653366	4
0.09332655	0.09094679	0.073885426	0.050471555	99.69136	4
0.35942847	0.3286888	0.24886674	0.1868194	98.8762	4
0.026938302	0.027825534	0.024327619	0.017759347	99.90315	4
0.012959853	0.013527978	0.012808484	0.009769366	99.950935	4
0.009183165	0.009598375	0.009143767	0.0073007927	99.964775	4
0.030694995	0.032156017	0.029952753	0.024827493	99.88237	4
0.010098665	0.010627253	0.009997097	0.007875146	99.9614	4
0.008048474	0.008254261	0.00805584	0.006643058	99.96901	4
0.0073538935	0.007565113	0.0074510165	0.0061959596	99.971436	4
0.0071974546	0.007372156	0.0072977464	0.006133788	99.972	4
0.0073542767	0.007529298	0.007483635	0.0063575613	99.97128	4
0.0071890564	0.0073104063	0.00722967	0.0061351983	99.97214	4
0.007631538	0.007844572	0.0076318174	0.006319414	99.97058	4
0.006862507	0.0070400485	0.0069394605	0.0058522117	99.97331	4
0.006608939	0.006792993	0.006695816	0.0056345295	99.974266	4
0.007470764	0.0075753517	0.0073085153	0.006066104	99.97158	4
0.006757897	0.006928582	0.0067848945	0.005707307	99.97382	4
0.0067092893	0.006814124	0.0067233653	0.005758345	99.97399	4
0.006710791	0.006982806	0.006717348	0.005495671	99.9741	4
0.006364405	0.006584523	0.0063782143	0.0053756014	99.975296	4
0.00847056	0.00849907	0.007818415	0.006629757	99.968575	4
0.17196696	0.15136924	0.11717139	0.093498126	99.46599	4
0.012263042	0.012673145	0.011243004	0.00890751	99.95491	4
0.0074061966	0.007853954	0.007408992	0.00588541	99.971436	4
0.008986493	0.01010122	0.00900498	0.0067381496	99.965164	4
0.009065908	0.010121348	0.009135215	0.0069906805	99.96469	4
0.009063885	0.009732984	0.008704113	0.0067952387	99.965706	4
0.06654919	0.066214785	0.056263227	0.043372937	99.76759	4
0.015688017	0.016692616	0.014018029	0.01057343	99.94303	4
0.011981088	0.013846351	0.011768239	0.008691151	99.95371	4
0.009210413	0.010567024	0.009409466	0.0069896816	99.96383	4
0.017328179	0.021382371	0.017014662	0.012221292	99.93206	4
0.013718831	0.016446007	0.013607499	0.009947179	99.94628	4
0.04499193	0.060091548	0.041723985	0.028834369	99.82436	4
0.09270848	0.1368804	0.08597247	0.056651678	99.62778	4
1.2591169	1.1611131	0.58248967	0.40385327	96.59343	4
0.24932404	0.46380427	0.30565745	0.16805683	98.813156	4
0.047450464	0.071509995	0.05356609	0.035469785	99.79201	4
0.009275489	0.010611315	0.0097899735	0.007568605	99.962746	4
0.012983543	0.0150243	0.0130095035	0.009929478	99.94906	4
2.6122403	2.8917665	1.1870279	0.78235	92.52661	4
1.1306043	2.3415675	1.0268196	0.5726741	94.92834	4
0.053178158	0.07960762	0.056893796	0.03902202	99.77129	4
0.07246914	0.11031963	0.07488885	0.050069906	99.692245	4
0.20057459	0.3236309	0.20053543	0.12215928	99.1531	4
1.605223	3.6093988	2.1323917	0.883237	91.76975	4
99.86804	0.03708102	0.030076096	0.02492747	0.039874434	0
99.964066	0.010098111	0.008939501	0.0073337653	0.0095620835	0
99.97595	0.0068326257	0.0061349967	0.0050786743	0.0060110926	0
99.97695	0.006677014	0.005845811	0.004899596	0.005631486	0
99.98511	0.004187344	0.003872517	0.0032815158	0.0035541623	0
99.98753	0.0034914906	0.003254612	0.0027800058	0.0029362792	0
99.98853	0.00320976	0.0030049335	0.002574386	0.002684732	0
99.989174	0.0030277427	0.0028326623	0.002433687	0.0025267384	0
99.98965	0.0028960744	0.0027063328	0.00233184	0.002415229	0
99.989876	0.0028366984	0.0026461224	0.002283962	0.0023649842	0
99.98979	0.0028664388	0.0026638086	0.0022909837	0.00237931	0
99.98944	0.0029866036	0.0027595998	0.0023564855	0.002463009	0
99.98875	0.0032010903	0.0029434632	0.0024982179	0.0026149487	0
99.988235	0.00335101	0.0030808256	0.00260875	0.002720594	0
99.9872	0.0036675683	0.0033621665	0.0028282853	0.002946083	0
99.98664	0.0038309393	0.0035108435	0.0029478618	0.0030632343	0
99.9854	0.004216847	0.0038435736	0.0032061366	0.0033358273	0
99.98443	0.0045102616	0.0041011106	0.0034092397	0.0035479697	0
99.983284	0.004863378	0.0043987054	0.0036439248	0.003799192	0
99.98338	0.0048207194	0.0043812487	0.003633225	0.0037779443	0
99.98173	0.005344465	0.0048144916	0.003970968	0.004135211	0
99.980316	0.005790759	0.0051842337	0.0042624422	0.0044461014	0
99.97811	0.0065106316	0.005743429	0.0047102454	0.0049258876	0
99.97796	0.006531144	0.0057940036	0.004748899	0.0049657105	0
99.97701	0.006830542	0.0060436986	0.004947998	0.0051713428	0
99.97524	0.0073979	0.0064784777	0.0052823527	0.005605867	0
99.97481	0.0075173615	0.006603337	0.0053708814	0.005705701	0
99.97731	0.006636935	0.0060413554	0.004898178	0.005117938	0
99.97133	0.008557066	0.007617772	0.0060686274	0.0064264853	0
99.95032	0.015294381	0.013411076	0.010188657	0.010793602	0
99.796844	0.068220936	0.056512818	0.038053956	0.04037175	0
82.79227	9.825429	3.2795534	1.9186954	2.1840525	0
99.64072	0.11836649	0.1107381	0.06477988	0.06539559	0
51.119423	28.772215	13.1341305	3.4883037	3.4859262	0
99.65702	0.11323316	0.105501	0.061585814	0.06265053	0
15.791571	74.34665	4.9986534	2.2234323	2.6396978	1
12.577913	14.642675	66.44733	3.4150913	2.9169962	2
7.629596	72.8539	14.358443	2.4088712	2.7491918	1
4.3714056	85.46116	6.8909698	1.5523716	1.7240958	1
2.4977474	2.883481	92.64563	1.0372881	0.93585813	2
0.13290682	0.19330129	99.468315	0.11107521	0.09440663	2
0.031211676	0.039608225	99.873146	0.030793503	0.025243782	2
0.031124458	0.040574223	99.870094	0.031471033	0.026733315	2
0.48544648	0.8238774	98.03721	0.30063853	0.35283294	2
0.020735942	0.023358647	99.92019	0.019824741	0.015893267	2
0.011624717	0.01360552	99.95243	0.012357236	0.0099863745	2
0.01132945	0.013588583	99.95301	0.012109466	0.009956552	2
0.019484874	0.025194427	99.919075	0.018953852	0.017296726	2
0.011177654	0.013461917	99.9532	0.012122695	0.010029122	2
0.016973391	0.021039996	99.929955	0.016906846	0.015125521	2
0.08703658	0.13700865	99.623116	0.07288062	0.079966724	2
0.15442653	0.18997702	99.45035	0.10021287	0.1050404	2
0.011073487	0.0128098605	99.95449	0.012067018	0.009558687	2
0.009812349	0.011031372	99.96058	0.010115521	0.00846318	2
0.009437204	0.010760283	99.96155	0.010037809	0.008214861	2
0.024170285	0.022562012	99.90941	0.026755637	0.017105952	2
0.010263409	0.012567246	99.95653	0.011055777	0.009585862	2
0.007338549	0.00823504	99.969444	0.0082436465	0.006735717	2
0.0069022337	0.007946985	99.9709	0.0077523408	0.0064990274	2
0.0068389885	0.00792663	99.97097	0.007764818	0.006494065	2
0.0075141047	0.009103882	99.96775	0.008399963	0.0072321948	2
0.006868058	0.007847904	99.9708	0.00798558	0.006491851	2
0.0071197683	0.008495184	99.969376	0.008142986	0.0068664704	2
0.00715387	0.008240878	99.96939	0.008407198	0.0068032593	2
0.0077100494	0.00902854	99.96747	0.008622228	0.00717538	2
0.008302934	0.009010213	99.96614	0.009237167	0.007310316	2
0.0072031487	0.008520555	99.96863	0.008681924	0.006965742	2
0.007560834	0.008868904	99.9669	0.009351291	0.007311279	2
0.008616073	0.010212218	99.96255	0.010449471	0.00817883	2
0.010548695	0.012517219	99.95352	0.013443957	0.009967827	2
0.014749425	0.019295592	99.93192	0.019774387	0.014257116	2
0.010739481	0.01260368	99.952225	0.014261172	0.01017293	2
0.01115435	0.013533697	99.950195	0.014492655	0.010624012	2
0.016411543	0.019351112	99.92362	0.024651838	0.015961647	2
0.0133615425	0.017201817	99.938324	0.01799559	0.0131177455	2
0.013648084	0.018733498	99.93634	0.017716207	0.013555154	2
0.013818749	0.015973933	99.937546	0.019563936	0.013091847	2
0.017271284	0.019996138	99.92081	0.025544338	0.0163835	2
0.033942968	0.043227717	99.83397	0.055640325	0.03322125	2
0.04056134	0.05078672	99.79968	0.069245525	0.039723404	2
0.025605116	0.035356924	99.873886	0.03960593	0.025547829	2
0.47326344	0.51093906	97.246666	1.3445102	0.42461586	2
0.027516292	0.035886016	99.86595	0.04363813	0.02701497	2
0.04663904	0.061564952	99.762146	0.08279642	0.04685474	2
0.6789977	0.7142196	95.84983	2.1498468	0.60711396	2
0.037733354	0.048601292	99.812874	0.0636697	0.037116334	2
0.051218987	0.067231715	99.73553	0.09379172	0.052226502	2
0.026259162	0.034743164	99.87229	0.04069524	0.026007421	2
0.040071484	0.050824106	99.799385	0.069280446	0.040437896	2
0.041965373	0.05400271	99.789536	0.072465934	0.04203274	2
0.06716673	0.08639988	99.65124	0.12786421	0.06733337	2
0.054267235	0.06870482	99.72481	0.09805693	0.05416461	2
0.6959117	0.741456	95.706635	2.229303	0.6266989	2
0.04195281	0.056593005	99.79079	0.06982811	0.040837318	2
0.7939837	0.86653614	94.92231	2.6963975	0.72076607	2
0.0494702	0.07010673	99.74296	0.08804938	0.049417794	2
0.050623298	0.06873599	99.73762	0.09172193	0.051295776	2
0.08332699	0.11233691	99.55462	0.16585182	0.083872095	2
0.66606945	0.7550971	95.76447	2.1818104	0.6325556	2
1.1236374	1.1872275	92.250725	4.413304	1.0251102	2
0.104971826	0.15072507	99.429565	0.21072058	0.104018115	2
1.2109425	1.3446876	91.26956	5.051511	1.1232966	2
0.09183591	0.14446922	99.48076	0.18655112	0.09638235	2
0.4424996	0.5277176	97.3585	1.2599034	0.41137487	2
0.33935356	0.40916467	98.04106	0.89251864	0.31789374	2
1.0868764	1.1625314	92.67833	4.0990844	0.97317684	2
0.22582233	0.2660387	99.03228	0.32564813	0.15020797	2
0.05473954	0.07024487	99.72718	0.09509508	0.052743167	2
0.46289867	0.5398135	97.32831	1.2652755	0.40370613	2
0.035607513	0.0501753	99.82372	0.05577326	0.03472442	2
0.056617938	0.091407485	99.69942	0.09434575	0.058202982	2
1.2490215	1.3137271	91.37305	4.945034	1.1191772	2
0.03798981	0.05219908	99.81522	0.05826114	0.036324512	2
0.03632381	0.04589654	99.83105	0.05249168	0.034244087	2
0.12811239	0.1610396	99.410675	0.19999756	0.1001745	2
0.041858662	0.05519767	99.811295	0.053984758	0.037669167	2
0.11577482	0.15482198	99.40371	0.21751334	0.1081773	2
0.04224979	0.05081037	99.818436	0.05175431	0.036746625	2
0.15158942	0.15750524	99.26142	0.28900322	0.14048211	2
0.62117386	1.1218456	97.26488	0.4591244	0.5329798	2
99.16441	0.19306974	0.32910925	0.16601662	0.14738026	0
99.94908	0.014179288	0.015188826	0.0107256705	0.01082753	0
99.9603	0.0115073435	0.011329559	0.00828289	0.008581744	0
99.95492	0.013575625	0.012586679	0.009220067	0.009700546	0
99.9384	0.019114934	0.017174508	0.012308739	0.013010908	0
99.84657	0.05107412	0.043126866	0.028971959	0.030252364	0
9.551704	82.79193	3.9768848	1.6855525	1.993933	1
79.86893	5.7509933	10.21739	2.2279973	1.9346861	0
60.35245	10.06771	23.20188	3.3923938	2.9855664	0
0.99066526	2.0321696	95.578384	0.7752417	0.6235437	2
84.22001	3.5333924	8.591664	1.9050153	1.7499201	0
0.77722055	1.4531567	96.687485	0.6197803	0.46235743	2
1.5953392	3.1650853	93.37947	0.92996573	0.93014205	2
0.167853	0.15491389	99.4385	0.14984858	0.0888916	2
0.13229501	0.18921115	99.46721	0.11031387	0.10097153	2
0.025285201	0.028089544	99.895546	0.030722478	0.020364042	2
0.018499903	0.021976255	99.924515	0.019148452	0.015856402	2
0.020534752	0.02165185	99.9183	0.023071405	0.016456986	2
0.018082596	0.020810291	99.92362	0.021334322	0.016155912	2
0.31115922	0.5994908	98.55868	0.23719506	0.29347593	2
0.01993101	0.023025943	99.91342	0.02481238	0.018813092	2
0.082175165	0.12749542	99.633095	0.07138481	0.08585462	2
0.016448483	0.019538132	99.92816	0.017760657	0.018091597	2
0.030620791	0.037572104	99.859146	0.032888398	0.039767884	2
1.5370467	2.9158657	92.641914	0.8033256	2.1018476	2
0.26866916	0.38573557	98.55397	0.2754593	0.516165	2
3.0503814	5.3412056	69.97216	2.7436457	18.89261	2
0.89819133	1.1893122	2.4739692	0.7203071	94.71822	4
98.85004	0.30119613	0.30584884	0.18060268	0.36231667	0
2.1878033	91.99838	2.535503	0.8119239	2.466392	1
3.2143552	78.57609	9.661464	1.8101692	6.737937	1
1.5682489	3.8644762	88.856384	1.3070412	4.403859	2
4.0422754	11.357387	67.65251	3.6596727	13.288148	2
80.52021	4.8900776	5.5618653	1.9420902	7.08576	0
2.8415213	81.164154	7.7632556	1.6644742	6.5666003	1
2.6729298	2.2166052	1.6912272	0.8443531	92.57489	4
99.79702	0.0619633	0.052268483	0.035593968	0.053151872	0
77.48289	12.404621	3.6750414	2.0822072	4.355246	0
98.88571	0.42643216	0.26520172	0.16743374	0.25521505	0
0.7941749	97.69686	0.67834795	0.27841276	0.5521996	1
1.3148807	94.21451	2.7369807	0.64485604	1.0887712	1
4.583428	10.299381	80.11975	1.924748	3.0726893	2
1.2406229	94.01641	2.9014618	0.66184026	1.1796696	1
0.29593956	0.43285793	98.79113	0.2202294	0.2598464	2
2.2403615	87.26307	7.1776724	1.2369714	2.0819247	1
87.881966	2.4888077	6.497869	1.5557336	1.5756242	0
2.0008585	7.0143023	87.764946	1.457711	1.7621799	2
0.1335238	0.20319277	99.417175	0.11794288	0.12816055	2
6.500836	7.720831	81.08612	1.8107932	2.8814204	2
4.062657	27.3344	60.921013	2.6615233	5.020409	2
0.1268693	0.17232534	99.42739	0.11658304	0.15683311	2
1.0538334	1.8504468	93.62357	0.82464516	2.6475067	2
0.2610093	0.34258312	0.3639646	0.18263498	98.849815	4
0.08045821	0.10009882	0.11309001	0.055952907	99.650406	4
5.145677	5.8032513	2.536035	1.418314	85.096725	4
3.1338024	4.569341	1.9488841	1.0826992	89.26527	4
0.039149463	0.05017839	0.042143617	0.026813982	99.841705	4
0.023700418	0.025781492	0.02231637	0.0155690145	99.912636	4
0.39082187	0.56468844	0.298625	0.18168153	98.56418	4
0.0145462025	0.01659239	0.01468316	0.010519333	99.943665	4
0.012293838	0.013047691	0.012099896	0.0088040205	99.95376	4
0.06731582	0.06246721	0.050858468	0.03936736	99.77998	4
3.2298234	2.5448601	1.1771753	0.78700113	92.26114	4
0.031349473	0.033105098	0.026060497	0.018970098	99.89051	4
6.6929197	5.307963	2.2873688	1.4584683	84.25327	4
0.15901835	0.231092	0.13137086	0.0883875	99.39012	4
0.024121325	0.028923962	0.022052955	0.015766803	99.90913	4
0.018654045	0.02025702	0.016352583	0.012060129	99.93267	4
16.079334	8.12287	3.192899	2.1261232	70.47878	4
0.024113035	0.02792464	0.021584015	0.015796797	99.91059	4
0.0134713035	0.015086298	0.0125440825	0.009274777	99.94962	4
0.038358897	0.047637116	0.03322292	0.023386663	99.85739	4
0.008667602	0.009473253	0.008653727	0.0065362626	99.96666	4
0.0072985874	0.007895639	0.0074203564	0.005656902	99.97173	4
0.007857952	0.008223815	0.0076308353	0.005801071	99.97048	4
0.0067578447	0.007221411	0.0067978203	0.0051856353	99.974045	4
0.006468695	0.0068942523	0.0065293256	0.0050230813	99.97508	4
0.005996517	0.0063373772	0.005997733	0.0047509656	99.97692	4
0.008664976	0.008994859	0.00791578	0.0062059453	99.968216	4
0.63661355	0.49316743	0.28472582	0.21261378	98.37288	4
0.009925331	0.01063038	0.009339051	0.0069949036	99.9631	4
0.007425047	0.0080613075	0.0072221598	0.005486901	99.97181	4
0.012561832	0.013877992	0.01156338	0.008477584	99.953514	4
0.014584491	0.016865896	0.013534725	0.009800691	99.94522	4
0.0065014805	0.006987752	0.0065704267	0.004999811	99.97494	4
0.0061301603	0.0064926962	0.006171564	0.004732858	99.97647	4
0.006188197	0.0067007677	0.0061995555	0.0047007073	99.97621	4
0.00838205	0.009063799	0.007873113	0.00595147	99.968735	4
0.08432228	0.10653088	0.06616508	0.044719495	99.698265	4
0.0066354647	0.007294323	0.006692337	0.005159043	99.97422	4
0.0058059073	0.006339077	0.0058680265	0.004588175	99.9774	4
0.007744074	0.008433382	0.007364842	0.005819149	99.97064	4
0.19722341	0.24930488	0.14091489	0.090773515	99.32178	4
0.008144431	0.008754483	0.007899974	0.0062721604	99.968925	4
0.016705949	0.016671402	0.014749249	0.011668785	99.9402	4
99.648056	0.0863641	0.07188989	0.06269019	0.13099085	0
99.96613	0.008810171	0.007880653	0.0070351386	0.010145235	0
99.9869	0.0034875614	0.0031991603	0.0028662952	0.00355066	0
99.99031	0.0026139617	0.0024181593	0.0021523829	0.0025056822	0
99.99159	0.0022878158	0.002124668	0.0018765952	0.0021082258	0
99.99254	0.0020236932	0.0019025094	0.0016778456	0.0018484732	0
99.99306	0.0018947303	0.0017799997	0.0015642472	0.0017018949	0
99.99332	0.0018358331	0.0017197162	0.0015079775	0.0016239792	0
99.99339	0.0018221827	0.0016996042	0.0014853249	0.0015956624	0
99.99365	0.0017492638	0.0016367625	0.0014315627	0.0015263477	0
99.99378	0.001717247	0.001612724	0.0014068406	0.0014853876	0
99.99381	0.0017112584	0.0016077237	0.0014016328	0.001471777	0
99.993866	0.0016966925	0.0015966413	0.0013933734	0.0014562629	0
99.99388	0.0016817057	0.0015893866	0.0013901886	0.0014477583	0
99.99379	0.0017085623	0.0016167458	0.0014156013	0.0014720983	0
99.99358	0.0017648512	0.0016705916	0.0014665719	0.0015227139	0
99.99327	0.0018501099	0.0017466878	0.0015379188	0.0015992617	0
99.992714	0.0020072516	0.001884732	0.0016637981	0.0017385853	0
99.9919	0.002227888	0.00208939	0.001850664	0.001934224	0
99.98955	0.002896501	0.0026992837	0.0023628655	0.0024912443	0
