99.99215	0.0021626165	0.0020379645	0.0017932685	0.0018577554	0
99.99473	0.001446535	0.0013708434	0.0012476897	0.0012081536	0
99.995	0.0013798685	0.0012972906	0.0011817755	0.0011372095	0
99.99509	0.0013642891	0.0012737373	0.0011611328	0.0011119613	0
99.99503	0.0013821267	0.0012927236	0.0011796266	0.001113588	0
99.99499	0.0013961793	0.0013022849	0.0011906859	0.0011202728	0
99.99495	0.0014090709	0.0013127632	0.0012030822	0.0011270763	0
99.99492	0.0014161057	0.0013183051	0.0012120334	0.0011303215	0
99.99489	0.0014256688	0.0013264955	0.0012222949	0.0011362019	0
99.994865	0.0014327914	0.0013321702	0.0012300356	0.0011408173	0
99.99483	0.0014422484	0.0013415614	0.0012389619	0.0011473759	0
99.9948	0.0014501445	0.0013494189	0.0012466498	0.0011527954	0
99.99478	0.0014543275	0.0013536648	0.0012505151	0.0011556136	0
99.99477	0.0014595053	0.0013589008	0.0012566316	0.001159261	0
99.99475	0.0014646511	0.0013639533	0.0012633145	0.0011631548	0
99.99473	0.0014699798	0.0013693629	0.0012689425	0.0011664049	0
99.9947	0.0014754663	0.0013745198	0.0012738714	0.0011702912	0
99.99469	0.0014808684	0.001379642	0.0012790828	0.001173593	0
99.994675	0.0014854148	0.001383067	0.0012828924	0.0011767016	0
99.99465	0.0014894716	0.0013870562	0.0012881231	0.0011790358	0
99.99462	0.0014973663	0.0013941649	0.001296733	0.0011849253	0
99.994606	0.0015011494	0.0013977307	0.0013022546	0.0011873172	0
99.99459	0.0015063924	0.0014029728	0.0013085114	0.0011906904	0
99.99457	0.0015126377	0.0014075375	0.0013119463	0.001195789	0
99.99457	0.0015146601	0.001411288	0.0013162321	0.0011964085	0
99.994545	0.0015184606	0.0014153295	0.0013208436	0.0011994925	0
99.99454	0.0015206686	0.0014178711	0.00132539	0.0012013171	0
99.99452	0.0015227331	0.001420258	0.0013299879	0.0012026879	0
99.994514	0.0015250441	0.0014231186	0.001333566	0.0012036865	0
99.9945	0.0015273468	0.001425574	0.0013374694	0.0012057592	0
99.99449	0.0015288242	0.0014272416	0.0013388848	0.0012061273	0
99.99449	0.0015292256	0.001426147	0.0013391024	0.001206502	0
99.994484	0.0015339712	0.0014299208	0.0013416606	0.001209437	0
99.99446	0.0015395713	0.0014350797	0.0013467743	0.0012123917	0
99.99445	0.0015433616	0.0014358793	0.0013485404	0.001216363	0
99.99443	0.0015483969	0.0014413949	0.0013553795	0.001219563	0
99.99443	0.0015490947	0.0014427725	0.0013584695	0.0012194737	0
99.9944	0.0015575368	0.0014509904	0.0013644289	0.0012260592	0
99.994385	0.0015631994	0.0014562791	0.0013692916	0.0012297474	0
99.99439	0.001561494	0.0014521377	0.0013660741	0.0012301771	0
99.994354	0.0015712132	0.0014640887	0.001377086	0.0012368948	0
99.99435	0.0015755242	0.0014677775	0.001381221	0.0012408884	0
99.99427	0.0015921147	0.0014826725	0.0013960311	0.001253711	0
99.99424	0.0015929963	0.0014867692	0.0014115737	0.0012697121	0
99.99423	0.0015967895	0.001490737	0.0014166184	0.0012727333	0
99.99422	0.001601441	0.0014918731	0.0014155351	0.0012781689	0
99.994125	0.001621547	0.0015150311	0.0014378658	0.0012926571	0
99.99409	0.0016350846	0.0015279071	0.0014513321	0.0013037123	0
99.99409	0.0016441604	0.0015327651	0.0014462643	0.0012927196	0
99.99407	0.0016495578	0.0015376254	0.0014516423	0.0012969559	0
99.99402	0.0016520625	0.0015463084	0.0014754775	0.0013171214	0
99.99399	0.0016544249	0.0015506052	0.0014846715	0.0013170894	0
99.99399	0.0016619083	0.0015533167	0.0014855191	0.0013112138	0
99.99401	0.0016568118	0.0015467849	0.0014741509	0.0013057209	0
99.99402	0.0016530904	0.0015470578	0.0014764189	0.0013054614	0
99.99399	0.0016529592	0.0015565929	0.0014934944	0.0013142353	0
99.993965	0.001657443	0.0015623176	0.0015001243	0.0013192915	0
99.99394	0.0016698063	0.0015693873	0.0015017476	0.0013191166	0
99.99394	0.0016676197	0.0015663545	0.0014986307	0.0013186653	0
99.993935	0.0016697464	0.0015694683	0.0015015262	0.0013211786	0
99.993935	0.0016707405	0.0015707909	0.001503951	0.0013216258	0
99.99393	0.0016648403	0.0015715774	0.0015141366	0.0013250886	0
99.993965	0.0016581098	0.0015627706	0.0015040453	0.001321211	0
99.993965	0.0016539658	0.0015607123	0.001503089	0.0013202577	0
99.993935	0.0016656242	0.0015662146	0.0015028099	0.0013188036	0
99.99394	0.001668603	0.00157079	0.0015033088	0.0013169541	0
99.99399	0.0016464341	0.0015558079	0.0014968431	0.0013145708	0
99.994	0.0016436592	0.00154851	0.0014869188	0.0013140007	0
99.99399	0.0016485027	0.0015543438	0.0014926812	0.0013185831	0
99.993965	0.0016529819	0.0015599777	0.0014985593	0.0013231686	0
99.993965	0.0016536809	0.0015591452	0.0014984333	0.00132432	0
99.99396	0.001656601	0.0015614027	0.0015013843	0.0013264513	0
99.993935	0.0016636292	0.0015644059	0.0015052105	0.001332633	0
99.99389	0.0016729225	0.0015729412	0.0015161518	0.0013411789	0
99.993835	0.0016872964	0.0015892033	0.0015367715	0.0013492177	0
99.99378	0.0016998505	0.0016022209	0.001552287	0.0013581165	0
99.99377	0.0017058108	0.0016075401	0.0015566556	0.0013615851	0
99.99377	0.0017064607	0.0016066269	0.001556004	0.0013634856	0
99.993774	0.0017111816	0.0016038064	0.0015500196	0.0013657731	0
99.99372	0.0017243241	0.001616709	0.0015646996	0.0013735108	0
99.99371	0.0017334567	0.0016229008	0.0015559455	0.0013723813	0
99.9937	0.0017360866	0.0016252812	0.0015588412	0.0013737701	0
99.99369	0.0017416116	0.0016284037	0.0015599511	0.001378829	0
99.99368	0.0017469092	0.0016311818	0.001562521	0.0013832459	0
99.99369	0.00174329	0.001625546	0.001561261	0.0013773907	0
99.99365	0.0017536225	0.0016366475	0.0015738129	0.0013822084	0
99.9936	0.0017717393	0.0016492814	0.0015839038	0.0013933122	0
99.99349	0.0018079518	0.0016754988	0.0016012506	0.001418213	0
99.993225	0.001890079	0.0017371492	0.001656508	0.001484321	0
99.99265	0.0020687114	0.0018807559	0.0017980165	0.0015988691	0
99.98974	0.0030175196	0.0026025455	0.0023954979	0.0022489077	0
99.99119	0.0025224646	0.0022773875	0.0021338444	0.0018888974	0
99.98859	0.0033860554	0.0029628503	0.002624886	0.0024484175	0
99.99215	0.0022222863	0.0020337012	0.0019124969	0.0016846199	0
99.99261	0.00208197	0.0019266574	0.0017903564	0.001598933	0
99.99281	0.0020092218	0.0018677302	0.0017468617	0.0015578876	0
99.99276	0.0020246345	0.0018811144	0.0017613857	0.0015757376	0
99.9928	0.0020064374	0.0018609222	0.0017830814	0.0015493188	0
99.99279	0.0020112498	0.0018654407	0.0017836561	0.0015544482	0
99.99275	0.002021476	0.0018734608	0.0017866176	0.0015638272	0
99.99271	0.0020397995	0.0018897677	0.0017979415	0.0015776345	0
99.99262	0.0020636418	0.0019118768	0.001814566	0.0015943826	0
99.99251	0.002094769	0.0019388904	0.0018315706	0.0016170496	0
99.99235	0.0021453344	0.0019835054	0.001863314	0.0016539898	0
99.99211	0.0022193678	0.0020483704	0.0019160834	0.001706514	0
99.99183	0.0023045097	0.0021218935	0.0019769138	0.0017662934	0
99.99148	0.0024143273	0.0022167647	0.00205569	0.0018451263	0
99.991005	0.002555916	0.002334467	0.0021628682	0.0019448531	0
99.99043	0.0027227052	0.0024782447	0.0022899546	0.002067109	0
99.98966	0.0029517366	0.0026800209	0.0024771057	0.0022371945	0
99.98852	0.0032816748	0.0029707872	0.002745919	0.0024780615	0
99.986885	0.003767408	0.003390489	0.0031341629	0.00282577	0
99.98393	0.0046682935	0.004148337	0.0037966813	0.003456728	0
99.97749	0.0066303415	0.0058307997	0.0052477983	0.0048020487	0
99.96413	0.010815908	0.009261839	0.008263987	0.0075333095	0
99.92353	0.024242837	0.019755594	0.017058875	0.01540777	0
98.77224	0.51872206	0.29022282	0.21301608	0.20580117	0
3.6388068	90.17971	3.6921685	1.2485899	1.2407244	1
8.554603	80.945465	6.2636824	2.0630279	2.173228	1
97.006996	1.050884	0.96703833	0.51756215	0.45752442	0
57.40547	28.239792	7.4697905	3.4318042	3.4531403	0
5.4675694	86.29096	4.90047	1.6684847	1.6725113	1
99.28512	0.23376897	0.20963584	0.14725867	0.12421487	0
97.003845	1.204885	0.8025961	0.53462577	0.45404774	0
1.0525327	96.54559	1.3282789	0.48781806	0.58577114	1
2.316645	10.653327	82.198296	2.8427298	1.9890004	2
0.30964085	0.67612815	98.1644	0.5625434	0.28728998	2
0.09211806	0.15417127	99.51735	0.14859653	0.08775947	2
0.08318962	0.11823811	99.56323	0.1550373	0.08031104	2
0.1079143	0.18629782	99.40999	0.18264681	0.113153234	2
0.07531157	0.12283923	99.59276	0.12755376	0.08153826	2
0.05991782	0.09169483	99.68103	0.10232789	0.06503136	2
0.06593897	0.09600313	99.64116	0.1245233	0.072374344	2
0.06211436	0.087349445	99.66511	0.11749367	0.06792828	2
0.06754674	0.09271033	99.63361	0.13216662	0.07396894	2
0.070487134	0.09487094	99.61839	0.14004587	0.076206036	2
0.16476226	0.20274629	99.08021	0.38582286	0.16645825	2
0.13393651	0.16706206	99.25345	0.3056852	0.13986546	2
0.17077592	0.20754436	99.03686	0.40984488	0.17498085	2
0.15430379	0.18821281	99.13555	0.36298308	0.15895306	2
0.26271185	0.30844772	98.468094	0.6975139	0.26324067	2
0.19737123	0.23566687	98.87249	0.493595	0.20087655	2
0.36812174	0.41448474	97.82051	1.045662	0.3512163	2
0.45761284	0.51349217	97.16116	1.4173028	0.4504213	2
0.3620018	0.41080615	97.815025	1.0532451	0.3589191	2
0.5491519	0.60358995	96.53406	1.7846713	0.52852446	2
0.4258779	0.47945374	97.3625	1.3108417	0.42132047	2
1.0392176	1.1110209	92.56902	4.30113	0.97961545	2
1.264678	1.3291862	90.57237	5.6712494	1.1625117	2
1.1848204	1.2583163	91.14414	5.278888	1.1338323	2
0.79349595	0.8637269	94.53668	3.0307577	0.77534175	2
1.0977125	1.0053104	4.6180778	92.25434	1.0245597	3
0.7188978	0.779103	95.140526	2.6535501	0.7079185	2
0.45581433	0.38572672	1.3265084	97.42397	0.4079761	3
1.0651782	1.1506101	92.26518	4.5022306	1.016795	2
1.1938846	1.1096694	5.2682815	91.29961	1.1285545	3
1.6343081	1.5247772	8.484304	86.830925	1.5256826	3
1.1892117	1.2572412	91.34976	5.0796647	1.1241167	2
1.4446461	1.3838053	7.17431	88.61922	1.3780243	3
0.32372785	0.27257967	0.8524358	98.258766	0.29248878	3
0.38091743	0.38683128	98.39125	0.5865825	0.25441718	2
0.46591833	0.52802867	97.577255	1.0527817	0.3760091	2
0.2971559	0.34076002	98.388504	0.69629365	0.27728856	2
1.1514606	1.2114683	92.15319	4.394762	1.0891172	2
1.3378136	1.3781308	91.278625	4.67206	1.3333768	2
98.671715	0.30275738	0.48571098	0.3294331	0.2103892	0
8.624172	80.9407	6.221943	2.1433704	2.0698128	1
0.7897637	1.8605349	95.39238	1.3427323	0.6145852	2
0.76422703	2.1124198	95.01713	1.2261124	0.8801137	2
0.43723482	0.7353543	97.06551	1.1150361	0.64686173	2
0.4759627	0.7328754	96.56033	1.1297635	1.1010666	2
1.1327178	1.5627377	90.471436	3.0069323	3.826182	2
2.408148	3.062178	75.73125	7.9487314	10.849699	2
0.91241634	0.6729748	1.3279845	0.8083854	96.278244	4
0.055397082	0.06231205	0.07951945	0.05430548	99.74847	4
2.7004395	3.3160594	1.7762463	1.0433738	91.16389	4
0.02550487	0.030995894	0.027760534	0.021897048	99.89384	4
1.4146446	1.0383322	0.85389245	0.5684717	96.124664	4
0.08255322	0.12972109	0.08535703	0.063935846	99.63843	4
0.024492739	0.03299917	0.026501287	0.020710034	99.8953	4
0.009833334	0.011558129	0.010951238	0.009561564	99.9581	4
0.008997533	0.010496986	0.010078798	0.009023546	99.9614	4
0.009657267	0.0111856265	0.010334985	0.009399721	99.95942	4
0.27227026	0.4086843	0.22192855	0.1586052	98.938515	4
0.009566082	0.011313489	0.010554649	0.00956316	99.95901	4
0.008555046	0.01018713	0.0095541235	0.008760132	99.96296	4
0.008733511	0.009747822	0.009147366	0.008501343	99.963875	4
0.24293868	0.24546927	0.19277304	0.13747068	99.18134	4
0.09273552	0.15103537	0.09556078	0.06982254	99.59084	4
0.032535255	0.042548746	0.03488167	0.025758231	99.864265	4
0.19849162	0.1756805	0.15121949	0.11717711	99.35743	4
0.89522797	1.1957763	0.70668083	0.44290778	96.75941	4
0.06146939	0.10006848	0.08505291	0.059905957	99.693504	4
0.021177322	0.0266156	0.023901938	0.018016472	99.910286	4
0.44943824	0.34385094	0.29007602	0.22155808	98.695076	4
0.6216533	1.5327661	0.7902856	0.46016517	96.59514	4
0.021804744	0.0294069	0.026365358	0.020147251	99.902275	4
0.06729615	0.07092064	0.071870185	0.053258926	99.736664	4
0.024936793	0.03433627	0.030619368	0.022768928	99.887344	4
0.47998908	0.44244373	0.41587198	0.27464846	98.387054	4
0.50415957	1.2390441	0.7742485	0.4134269	97.06912	4
0.46640882	1.0348794	0.77098626	0.36883226	97.358894	4
0.34793353	0.698674	0.71688926	0.31913668	97.917366	4
0.22189268	0.36003947	0.37625036	0.18444003	98.857376	4
0.9642323	2.3207164	2.281671	0.83300525	93.60037	4
1.5361103	3.0179405	87.48057	1.7327378	6.2326393	2
0.5398912	0.8988135	96.07079	0.75235474	1.738146	2
0.13872318	0.19980794	99.144966	0.19935238	0.31714594	2
0.052206654	0.065675125	99.70231	0.0886161	0.09118965	2
0.022111919	0.026656765	99.88603	0.03341988	0.03177032	2
0.021171305	0.025419079	99.891396	0.033751495	0.028261991	2
0.023164839	0.028478744	99.879906	0.038341563	0.030106861	2
0.03633284	0.043162666	99.80405	0.0636171	0.052838754	2
0.032449834	0.03947103	99.826996	0.056159265	0.044924684	2
0.04457899	0.053575024	99.76033	0.08312839	0.05839075	2
0.1304971	0.14293648	99.2774	0.29487437	0.15429269	2
0.08370023	0.09494725	99.55019	0.17315607	0.098000444	2
0.15390846	0.17040592	99.1443	0.35757017	0.17381936	2
0.14216363	0.16114923	99.21076	0.32373208	0.16219601	2
0.28603142	0.3178557	98.28716	0.7759268	0.3330232	2
2.229083	1.7493045	86.331024	7.900253	1.790339	2
0.5612498	0.4715113	98.157394	0.52142054	0.28842694	2
0.6970855	0.56351864	97.78147	0.638625	0.31928805	2
0.23695773	0.26094154	98.87125	0.43596625	0.1948864	2
98.661766	0.31968766	0.5322454	0.28489277	0.20141077	0
2.3128817	87.490845	7.015639	1.5032554	1.6773831	1
1.363515	4.866092	91.059074	1.5628408	1.1484814	2
0.15135373	0.29681572	99.18562	0.2263017	0.13991208	2
0.09295591	0.15203126	99.48156	0.17797808	0.09547283	2
0.06886685	0.104008764	99.61479	0.13610433	0.07622644	2
0.07670714	0.10681542	99.57435	0.15845548	0.08366831	2
0.111826174	0.14595872	99.362114	0.24717166	0.13293111	2
0.08464555	0.11096555	99.52618	0.17889751	0.099322595	2
0.33253807	0.38255486	97.99813	0.959518	0.32726154	2
0.43387493	0.4888657	97.272835	1.3541857	0.45024928	2
0.31528112	0.36669824	98.07246	0.92440397	0.32116115	2
1.2121048	1.2732308	90.83092	5.535139	1.1486111	2
1.7570089	1.7981821	85.03573	9.690092	1.718992	2
0.7972465	0.87889236	94.33574	3.1565309	0.83158845	2
1.1248783	0.97208333	4.7322593	92.16596	1.0048218	3
1.1515062	1.2622062	91.03667	5.387254	1.1623635	2
1.5479074	1.6273307	87.07195	8.249981	1.5028348	2
1.0066031	1.081593	92.51439	4.317789	1.0796233	2
0.9196278	0.80006623	3.585895	93.85471	0.83969814	3
0.5390377	0.46671242	1.7168099	96.79281	0.48462862	3
0.17709592	0.14366192	0.40576974	99.11996	0.15351848	3
1.0241796	0.95515114	4.4612136	92.59695	0.96250474	3
0.122542284	0.09932456	0.261652	99.41023	0.10624699	3
0.15465283	0.12509269	0.3411727	99.24634	0.13274646	3
1.9533789	1.8644305	8.859717	85.5638	1.7586807	3
0.35126188	0.28336042	0.94227695	98.11892	0.30418268	3
0.71913373	0.6347921	2.5576043	95.44262	0.6458457	3
0.33308706	0.27630207	0.8890776	98.215515	0.28601605	3
1.8781085	1.7834352	8.225932	86.43397	1.6785592	3
1.3430445	1.214148	4.9083123	91.34279	1.1917062	3
0.7813717	0.674823	2.837961	95.003746	0.70209754	3
1.1869974	1.071192	4.083527	92.61034	1.0479459	3
0.83294857	0.74992436	3.1971302	94.46423	0.7557629	3
1.7829742	1.6814418	7.558685	87.384674	1.5922345	3
0.9090063	0.80556786	3.6032784	93.8595	0.8226555	3
1.2456822	1.1316785	4.41869	92.09867	1.1052846	3
0.2488169	0.2008118	0.6183134	98.717514	0.21453826	3
0.85592103	0.77700394	3.3206933	94.26642	0.7799578	3
0.85142326	0.7447968	2.573774	95.08398	0.7460291	3
0.7498444	0.6840675	2.766899	95.11966	0.6795303	3
1.191652	1.0826552	4.0486956	92.62991	1.0470908	3
1.1694497	1.0606283	3.951361	92.79007	1.0284914	3
1.3218068	1.2127318	4.7144823	91.58258	1.1683909	3
1.7018094	1.5910767	6.9184446	88.27783	1.5108341	3
1.6769664	1.5606465	6.803532	88.46178	1.4970795	3
1.3265649	1.204177	4.7811155	91.51396	1.1741856	3
1.4805464	1.363347	5.60622	90.23638	1.3135041	3
0.5972337	0.4640968	1.658974	96.80968	0.4700135	3
1.5372044	1.255304	94.06302	2.3437476	0.8007215	2
1.0841733	1.244801	93.859505	3.019111	0.7924091	2
0.5600568	0.87236714	96.60127	1.2338381	0.73246795	2
0.46510383	0.6256382	97.08883	1.038361	0.78207415	2
1.0296819	1.0849738	93.63238	2.396401	1.8565668	2
2.1607976	1.7619046	91.90563	2.418706	1.7529594	2
0.21125118	0.23559465	98.9204	0.44526234	0.1874985	2
1.5283767	1.3411076	92.5841	2.9682426	1.5781773	2
0.35296223	0.30117646	98.59488	0.52439845	0.22658615	2
0.09821279	0.11683161	99.539986	0.1594027	0.08556067	2
0.43975908	0.4544131	97.936005	0.6389545	0.5308777	2
0.122202784	0.13466008	99.41264	0.21813238	0.11236786	2
0.060626626	0.069880344	99.72607	0.08803108	0.055396236	2
0.070380256	0.08647791	99.66669	0.108900726	0.067549296	2
0.44852585	0.51120293	97.29475	1.2640632	0.4814581	2
0.12517498	0.12660551	99.45785	0.17228188	0.118093446	2
99.76767	0.055414632	0.07913293	0.055154547	0.042626973	0
99.945526	0.015111286	0.016023742	0.012533348	0.010803147	0
99.960396	0.011151682	0.011335168	0.009080582	0.008045887	0
99.96595	0.009526829	0.009700717	0.00789156	0.0069310423	0
99.96721	0.0091224555	0.00934052	0.0076394253	0.0066821193	0
99.965	0.00977572	0.009988278	0.008121507	0.007122379	0
99.95323	0.013457997	0.013342044	0.010617594	0.009347874	0
99.86283	0.041801687	0.039679762	0.030004175	0.025691118	0
2.0495782	95.32265	1.3430812	0.5972944	0.6874008	1
1.1957165	96.44498	1.3267957	0.46672645	0.56577975	1
3.7277803	10.719052	78.08483	4.9516544	2.5166774	2
0.28677967	0.5438425	98.44883	0.48710787	0.23343647	2
0.17736292	0.35752314	99.09897	0.20229192	0.163853	2
0.056488223	0.09194752	99.71769	0.07814707	0.055726513	2
0.08104221	0.13896967	99.60039	0.09561428	0.08398841	2
0.04775743	0.061810505	99.757614	0.08291906	0.049901392	2
0.018116636	0.024975799	99.91168	0.024992311	0.020225542	2
0.017735383	0.024381941	99.91283	0.02457439	0.020485282	2
0.017048083	0.0228491	99.91647	0.023601485	0.020020459	2
0.016336672	0.021743797	99.921295	0.021801818	0.018817205	2
0.015862556	0.019639025	99.92365	0.023157056	0.01768698	2
0.016782722	0.021272363	99.918495	0.024582263	0.018871421	2
0.024431173	0.028520659	99.88146	0.039322972	0.026260668	2
0.023823636	0.029269198	99.88141	0.03833015	0.02716493	2
0.024009895	0.029436143	99.88135	0.03850546	0.02670392	2
0.056121748	0.06678971	99.70928	0.09976269	0.06804008	2
0.038760424	0.04662874	99.800674	0.069391936	0.04453813	2
0.033367533	0.039911162	99.83241	0.057763536	0.03654316	2
0.062886894	0.07694203	99.666405	0.11381788	0.07994629	2
0.097108655	0.11143192	99.48053	0.20802332	0.102902785	2
0.14108342	0.16525605	99.21352	0.3124415	0.16770008	2
0.13177565	0.14913982	99.28208	0.29969782	0.13729753	2
0.220019	0.25275403	98.73332	0.53895694	0.2549409	2
0.18811974	0.20799111	98.95935	0.45516455	0.18937589	2
0.2378125	0.26693386	98.65599	0.5748035	0.26445687	2
0.23487177	0.255795	98.683914	0.5943107	0.2311099	2
0.17320894	0.19251028	99.0555	0.40698805	0.17179579	2
0.15643461	0.17981754	99.14511	0.3599805	0.1586518	2
0.59805477	0.62137246	96.39046	1.8440737	0.5460376	2
2.1181374	1.3181388	6.410473	88.85451	1.2987429	3
0.10686103	0.14737576	99.459045	0.18623516	0.10048107	2
0.08361371	0.13539836	99.545525	0.14726885	0.08819175	2
0.09627942	0.13346523	99.458435	0.20424764	0.107575804	2
0.092751145	0.11938982	99.48488	0.1990367	0.10394307	2
0.18543339	0.22113398	98.98237	0.4296124	0.1814541	2
0.28208366	0.42130473	98.32361	0.66249937	0.31050408	2
0.13318008	0.14669172	99.30534	0.2867356	0.12805703	2
0.16618215	0.22129658	99.0453	0.36644238	0.200784	2
0.15486003	0.18095267	99.124054	0.3740094	0.16612627	2
0.14432596	0.19054048	99.15376	0.32247588	0.18889233	2
0.19950941	0.24805003	98.82512	0.48433137	0.24298848	2
0.24210016	0.30211964	98.53063	0.6285232	0.29662523	2
0.5276072	0.60479534	96.61461	1.6638618	0.5891284	2
0.30381247	0.36670798	98.147026	0.82186645	0.3605887	2
0.45211905	0.53161466	97.12476	1.3750393	0.5164643	2
0.33557215	0.40433156	97.93671	0.9376159	0.3857717	2
0.88053167	0.9702038	93.92173	3.2936924	0.9338419	2
0.4562546	0.5371278	97.09523	1.3876387	0.52375185	2
0.65152764	0.7478409	95.653625	2.2179353	0.7290708	2
1.1786761	1.266288	91.36501	4.9231253	1.2669036	2
0.9424777	1.0665483	93.26326	3.638206	1.0895044	2
3.3760805	2.9802635	71.410286	18.177532	4.0558405	2
0.15311065	0.18262316	99.27358	0.23643896	0.1542471	2
0.3876176	0.537833	97.3948	0.9355653	0.7441824	2
0.5304049	0.58036697	96.3597	1.5467107	0.9828152	2
1.9608177	2.2074347	81.88642	5.6071367	8.338191	2
0.4537998	0.5510487	1.086965	0.46765715	97.44054	4
3.5762467	2.8423128	3.4341857	2.0155203	88.13174	4
0.12194235	0.21252081	0.16015145	0.09815327	99.407234	4
0.015967513	0.019110689	0.018322337	0.014150461	99.93245	4
0.012911536	0.015307922	0.014791907	0.01193339	99.94506	4
0.022995954	0.026968742	0.025271527	0.019018477	99.90575	4
0.2791007	0.2349495	0.21045092	0.17494924	99.100555	4
2.5276322	3.5857472	1.8398279	1.0521652	90.99462	4
1.6662719	2.9319763	2.2415626	0.9986083	92.16158	4
0.12397412	0.22797523	0.17086412	0.10311879	99.37407	4
0.28335363	0.60659313	0.3680864	0.21504462	98.52693	4
0.046389546	0.05269962	0.049621314	0.038215835	99.81308	4
0.01877036	0.024665685	0.023460817	0.018060261	99.91504	4
0.016887685	0.020844785	0.02054894	0.016032998	99.92569	4
0.05192082	0.061058305	0.05846176	0.041095905	99.78745	4
99.73475	0.06762041	0.062594496	0.05048381	0.08455312	0
99.893974	0.030132668	0.026336322	0.020817956	0.028740758	0
97.75739	0.97936976	0.4622478	0.31944394	0.48155075	0
99.61608	0.13320842	0.09917923	0.06990796	0.08162451	0
2.0583353	95.050446	1.4198304	0.57743645	0.89394236	1
5.657792	87.32827	3.4305625	1.3210889	2.262292	1
13.265471	8.255296	69.980125	4.8610964	3.6380134	2
2.0555787	4.624227	88.99906	2.6450586	1.676076	2
0.90468496	1.9097041	95.16254	1.1432972	0.87978506	2
0.084645055	0.11197828	99.65236	0.078654625	0.07236859	2
0.08884473	0.14545931	99.59314	0.08151069	0.09105759	2
0.016395885	0.020113189	99.927925	0.01954355	0.016020559	2
0.022017168	0.028286822	99.89546	0.029989129	0.024250513	2
0.01644203	0.019093087	99.92854	0.019622497	0.016300125	2
0.07760244	0.10253783	99.6917	0.06083157	0.06732558	2
0.03905562	0.04086332	99.82768	0.05780942	0.03458507	2
0.014791881	0.018235944	99.93509	0.017215246	0.014664051	2
0.024049984	0.030322399	99.89745	0.025678795	0.022502659	2
0.06563117	0.06680295	99.712685	0.098450504	0.056428067	2
99.30029	0.17164025	0.2673074	0.14089955	0.1198518	0
2.4163196	94.00976	2.012695	0.69116443	0.8700666	1
0.5929435	1.4738069	96.68123	0.76412684	0.48788646	2
0.033196997	0.04705117	99.848854	0.04156976	0.029329201	2
0.022779088	0.032974035	99.89477	0.026605766	0.02287527	2
0.01676957	0.019887947	99.9234	0.023772122	0.016166532	2
0.012851198	0.015564113	99.94161	0.017317971	0.012655954	2
0.014109172	0.017166303	99.93526	0.019477278	0.013993207	2
0.01509344	0.01946844	99.927765	0.019695768	0.017982071	2
0.015809797	0.021131711	99.92461	0.019924516	0.018527549	2
0.028940812	0.03180356	99.864365	0.044683654	0.030208234	2
0.012217858	0.015193698	99.942955	0.01600817	0.013626144	2
0.013368931	0.015672272	99.9383	0.018243385	0.014410782	2
0.011740799	0.014310263	99.94571	0.015470061	0.01276279	2
0.013435274	0.016410518	99.93677	0.018457187	0.014915971	2
0.014878395	0.01799552	99.929596	0.02097911	0.0165538	2
0.024376461	0.028279694	99.88142	0.0380261	0.02790152	2
0.021559408	0.02590702	99.89452	0.032594565	0.025415275	2
0.019455897	0.023523629	99.90598	0.028993785	0.022052074	2
0.035847113	0.041547853	99.82215	0.06101898	0.03943485	2
0.022465626	0.026912492	99.89053	0.03481411	0.025274642	2
0.021284442	0.025597835	99.89709	0.032298256	0.02372528	2
0.024066443	0.028688585	99.88335	0.03721844	0.02668127	2
0.030169683	0.03611663	99.85062	0.049585953	0.033517506	2
0.035406124	0.041740365	99.8243	0.06014094	0.03841605	2
0.046237815	0.05296219	99.76971	0.08268169	0.048408825	2
0.055392075	0.06446909	99.71846	0.1030014	0.05868688	2
0.054318976	0.064352185	99.72163	0.101424046	0.058281463	2
0.34923288	0.3906321	97.93283	0.9529657	0.37433606	2
0.1185889	0.13643447	99.3615	0.25844672	0.12502971	2
0.15453134	0.17502949	99.15597	0.3548655	0.15960288	2
0.44540483	0.46636248	97.36365	1.2941469	0.43043032	2
0.48191473	0.53621036	97.029564	1.4455322	0.5067672	2
0.36119843	0.41311333	97.73768	1.0034883	0.48452318	2
0.47868058	0.5347711	96.97822	1.4978243	0.5105126	2
0.41534495	0.4682665	97.48833	1.1916	0.4364574	2
0.27783847	0.29636568	98.410324	0.7465648	0.2689023	2
1.2236121	1.2872498	91.21232	5.055953	1.220862	2
0.92639893	0.9730227	93.61406	3.577557	0.90895945	2
1.0073262	1.0883939	92.956154	3.9039173	1.044208	2
0.9096546	0.91288996	93.815025	3.5186079	0.8438237	2
1.1645741	1.248279	91.57178	4.8163915	1.1989698	2
1.1475353	0.9212476	4.3307147	92.615005	0.9854987	3
1.096438	1.1979028	91.85074	4.7961993	1.0587221	2
1.0796357	1.0759374	92.423065	4.4302897	0.99107206	2
0.8176865	0.835164	94.54001	3.0354393	0.7716949	2
0.8758798	0.8848422	94.06395	3.3398736	0.8354467	2
1.9351492	1.5603558	9.201646	85.63147	1.6713771	3
1.7029645	1.6274109	88.602	6.4351835	1.6324427	2
98.892975	0.24502161	0.3961545	0.28071043	0.18514086	0
99.00022	0.31784683	0.31722277	0.20098853	0.16372792	0
92.23615	3.4385867	2.186919	1.0867305	1.0516175	0
1.3848885	2.5017757	93.038216	2.1303487	0.94477004	2
0.6798196	1.0688885	96.90316	0.8529229	0.49521127	2
0.1933667	0.17155889	99.35138	0.17963882	0.10405071	2
0.114220485	0.16778551	99.51226	0.11312906	0.09260717	2
0.058778953	0.081450745	99.74015	0.06795006	0.051670887	2
0.061598565	0.08020794	99.73136	0.07114662	0.055693123	2
96.05798	0.82863516	1.7567542	0.833719	0.5228937	0
1.3303536	2.146758	92.62746	2.8769548	1.0184846	2
1.0936323	2.72193	94.12293	1.246024	0.8154819	2
2.6758304	2.2873874	87.980965	5.5258284	1.5299954	2
0.9130513	1.482643	94.913574	1.9246429	0.76609015	2
3.2490299	3.461292	90.49724	1.7169561	1.0754883	2
0.291609	0.40503788	98.75105	0.3555104	0.19678941	2
0.40843397	0.5675848	98.44506	0.3225035	0.256409	2
0.33046257	0.3480137	98.87431	0.27292344	0.17429267	2
0.109697305	0.14082132	99.515274	0.14696415	0.08724874	2
0.037601188	0.04585552	99.83404	0.047980983	0.03453077	2
0.070647076	0.067599215	99.72373	0.08113124	0.056890484	2
0.055342603	0.0615612	99.77143	0.06254628	0.049123034	2
98.76017	0.29034472	0.49093032	0.2563856	0.2021743	0
8.510118	7.5261874	72.293205	8.277363	3.3931274	2
4.280883	13.615057	74.86055	3.8238027	3.4197178	2
94.845535	1.4322938	2.2371988	0.81614715	0.66882426	0
2.9343495	3.773578	86.23296	5.0145535	2.0445545	2
2.6464424	3.5415013	89.78066	2.1469104	1.8844727	2
82.503525	3.1916142	10.0118685	2.5208137	1.7721869	0
5.6601324	4.5570097	79.76524	5.270774	4.7468457	2
98.87267	0.28942466	0.4420086	0.21632123	0.17957094	0
71.92661	12.568639	10.26259	2.7005599	2.5415928	0
3.3716724	82.6721	10.148751	1.761909	2.0455754	1
0.15374084	0.24010849	99.33137	0.15895776	0.11583229	2
0.042262446	0.055528305	99.80954	0.056545198	0.036127314	2
0.016441008	0.020895131	99.927345	0.019548642	0.015772767	2
0.01592049	0.019706469	99.92994	0.019349685	0.015089335	2
0.01713022	0.021348793	99.9232	0.02163951	0.016669966	2
0.019743692	0.02398554	99.91011	0.026786782	0.019381944	2
0.034548067	0.039654367	99.83774	0.05474083	0.033323035	2
0.23799758	0.26755944	98.68506	0.54761547	0.26176575	2
0.04134387	0.04686899	99.80614	0.06618413	0.039468262	2
0.17847985	0.19476724	99.034065	0.37908673	0.21360037	2
0.09714178	0.10577902	99.50116	0.19602539	0.09990043	2
0.217939	0.24225624	98.71433	0.45757154	0.3678959	2
0.18198925	0.19618686	98.935326	0.3966737	0.28982934	2
1.344048	1.644109	89.043976	2.8278904	5.1399755	2
0.9368552	1.0318758	2.8402083	1.1419394	94.04912	4
0.5613411	0.8476938	1.2430078	0.44811022	96.89984	4
97.0469	0.76732165	0.64754385	0.43064904	1.1075884	0
1.6630102	2.6292696	2.1559584	0.9623688	92.58939	4
1.6705589	1.4715991	1.2999814	0.72619957	94.83167	4
2.2449536	3.8916457	2.3891962	1.1128349	90.361374	4
1.5180471	2.7961898	2.4911892	1.0040021	92.19057	4
0.04282351	0.058234215	0.044470333	0.03068864	99.82379	4
0.026500834	0.032106638	0.026588425	0.019387398	99.89542	4
0.11889286	0.11019338	0.09530492	0.073916316	99.60169	4
0.03987925	0.05330224	0.03987077	0.028519606	99.838425	4
0.8526733	1.5603722	0.6705655	0.40861964	96.507774	4
0.023032412	0.029674381	0.0237739	0.017580627	99.90595	4
0.108223364	0.12527369	0.083190724	0.0611432	99.62216	4
3.4976315	4.681122	1.9563707	1.2061727	88.65871	4
0.05334146	0.076420456	0.053247854	0.03789907	99.77909	4
0.84207225	0.8964115	0.53150624	0.35859367	97.371414	4
0.023080692	0.029660385	0.023541356	0.017730052	99.90598	4
0.023377664	0.028757669	0.022634141	0.017085822	99.908134	4
0.06019161	0.057384975	0.050234806	0.041635044	99.79055	4
0.10694282	0.17474301	0.10341926	0.07440827	99.54048	4
0.022438046	0.030162536	0.023139173	0.01758082	99.906685	4
0.012811087	0.015517306	0.013172929	0.010264043	99.94824	4
0.014435286	0.016461197	0.013783263	0.0109318895	99.94438	4
0.0791361	0.07120989	0.062434904	0.05230167	99.73492	4
0.04360107	0.044345025	0.03968561	0.031826545	99.84055	4
0.0134109035	0.015954826	0.013452246	0.010396505	99.94678	4
0.021004327	0.025949419	0.020487122	0.015368078	99.917206	4
1.5850425	1.088163	0.7296389	0.5431862	96.05397	4
0.025908567	0.03354595	0.025191868	0.018863989	99.89649	4
0.4131539	0.5038024	0.34695178	0.22361967	98.512474	4
0.020428391	0.027301349	0.021048058	0.01579756	99.91541	4
0.013267966	0.016579501	0.01382647	0.0104884785	99.94584	4
0.03255292	0.038427696	0.02786186	0.02156787	99.879585	4
0.6321406	0.8748086	0.5250721	0.31991258	97.64806	4
0.02329443	0.033512186	0.025258658	0.018774908	99.89916	4
0.009135705	0.010888572	0.009845962	0.007814449	99.9623	4
0.009001051	0.010760077	0.009713884	0.0077520767	99.96277	4
0.025860297	0.03124722	0.024144394	0.018505268	99.90024	4
15.702149	16.109987	5.06988	3.0159674	60.10202	4
0.83936256	2.364696	1.0676994	0.61142707	95.11682	4
1.3539051	3.8716226	1.550944	0.8526221	92.370895	4
0.029102176	0.039617226	0.030826483	0.022556495	99.8779	4
2.4641728	3.8392432	1.8743612	1.0087206	90.81351	4
0.046889473	0.06861098	0.050126366	0.036062963	99.79831	4
86.15004	5.19699	2.0619602	1.4527011	5.1383076	0
2.3613234	9.551764	2.9297283	1.6022295	83.55496	4
1.1750611	3.686244	1.6101745	0.8687961	92.65972	4
0.5759413	1.4970798	0.85158265	0.45875442	96.61664	4
0.32501933	0.74585944	0.5141241	0.2717356	98.143265	4
0.047456868	0.0653824	0.05363346	0.036441393	99.79708	4
96.930916	0.9530968	0.58167666	0.42799577	1.1063168	0
3.8500757	74.8338	3.9611392	2.0281544	15.326831	1
4.480585	12.835106	6.395903	2.3241885	73.96422	4
3.2358985	8.3665695	6.23058	1.9728389	80.19411	4
0.7022219	1.9504491	1.2176173	0.59138954	95.538315	4
0.059069023	0.088406526	0.0708213	0.046598673	99.73511	4
73.18825	9.44277	3.7053232	2.3427978	11.320858	0
6.3323407	71.34426	5.1297164	2.4218223	14.771858	1
1.517073	5.1976113	2.3722098	1.1052041	89.80789	4
0.074807346	0.112495884	0.09307617	0.058160093	99.66146	4
7.0421495	8.587393	3.1379967	1.8070197	79.42544	4
7.8887024	22.553988	7.593461	3.1673121	58.796535	4
4.068423	23.80427	10.134621	2.922619	59.07007	4
7.7923546	62.578564	10.877182	3.0664282	15.685469	1
5.7725925	18.86707	30.227121	4.597876	40.535336	4
4.032434	9.544974	72.697845	2.467904	11.2568445	2
0.85630167	2.0130603	94.036606	0.83008045	2.2639544	2
0.16135168	0.2734411	99.05533	0.18019469	0.32968134	2
0.06860366	0.10664291	99.62661	0.07838124	0.11975842	2
0.029603349	0.04193103	99.84865	0.035076413	0.0447378	2
0.024962524	0.035966855	99.87628	0.028357247	0.03442937	2
0.015362127	0.020576531	99.92615	0.018181283	0.019730307	2
0.011434648	0.013182343	99.947815	0.014364657	0.0132017275	2
0.0125384405	0.01594514	99.94353	0.01387761	0.014117073	2
0.009767242	0.0117479535	99.95581	0.011784789	0.010891702	2
0.011846616	0.01331971	99.94709	0.015244708	0.012502991	2
0.009914623	0.011572694	99.956116	0.011833651	0.010558926	2
0.011183769	0.013129172	99.95037	0.013417972	0.011894698	2
0.014173803	0.016600115	99.93633	0.017698968	0.015192524	2
0.018920055	0.022298146	99.91486	0.0236833	0.020243559	2
0.050976332	0.050483465	99.79102	0.061866432	0.045651272	2
99.64723	0.0884465	0.12547791	0.07187211	0.066964254	0
99.81367	0.057063688	0.05688974	0.03639023	0.0359862	0
83.50874	7.0162086	4.8606815	2.0454683	2.5689013	0
95.08984	2.1045465	1.4454172	0.67034984	0.6898426	0
2.3171325	91.8484	3.6239176	0.94848305	1.2620702	1
99.55846	0.12788482	0.15070453	0.083550595	0.07940503	0
99.42828	0.19721773	0.17315413	0.10157234	0.09976948	0
86.07239	4.1608195	4.526847	1.9246631	3.3152833	0
1.5237317	95.45095	1.6905549	0.5776028	0.757166	1
1.8923597	93.39209	2.8589602	0.78878516	1.067811	1
4.084241	11.59741	79.87948	2.234428	2.2044306	2
1.2079118	3.6206107	93.12356	1.0009316	1.0469767	2
0.22558396	0.45312744	98.88617	0.21703252	0.21809305	2
0.061222453	0.09947897	99.70852	0.066989645	0.06380186	2
0.030995123	0.042911425	99.857895	0.03647233	0.03172123	2
0.022987835	0.02693612	99.90009	0.027925448	0.02205739	2
0.030399693	0.039504133	99.86654	0.03347706	0.030078756	2
0.044152886	0.049190428	99.81636	0.050948847	0.039342374	2
98.285225	0.41238236	0.69697446	0.32560536	0.27980492	0
2.3474238	89.93289	5.129224	1.1413836	1.4490776	1
9.623736	70.84284	13.52298	2.839692	3.1707504	1
99.64519	0.10122409	0.1198512	0.067843184	0.06589771	0
99.913445	0.024783242	0.026276821	0.017692763	0.017796326	0
99.93538	0.018688444	0.019003099	0.013439243	0.013487718	0
99.94427	0.0160088	0.016199337	0.011745367	0.011784559	0
99.94536	0.015770731	0.015725572	0.011570278	0.011570277	0
99.9385	0.01800255	0.01762264	0.012958852	0.012919282	0
99.901436	0.030987421	0.027640274	0.020094935	0.01983903	0
89.74722	4.8004413	2.1980605	1.2661484	1.9881276	0
5.3265476	90.049065	2.2016206	1.0985343	1.324232	1
0.7630873	97.77621	0.78452647	0.2947749	0.3814027	1
1.1277478	95.17476	2.273618	0.62589103	0.7979797	1
4.207569	13.865028	73.628716	4.9665422	3.332141	2
2.4295013	6.0145354	86.217	3.3110793	2.0278807	2
0.6664995	1.9310836	96.07458	0.6763464	0.6514942	2
0.124768555	0.24404779	99.36094	0.14176391	0.12848888	2
0.0670647	0.11810963	99.66397	0.078619495	0.07224067	2
0.043423295	0.07105263	99.7858	0.05283212	0.046893798	2
0.024198249	0.03199053	99.88481	0.034576114	0.024423685	2
0.018350119	0.025327168	99.91211	0.024693502	0.019515028	2
0.018873833	0.026850991	99.90979	0.024351986	0.020135572	2
0.016724754	0.022678886	99.920616	0.022468822	0.017515399	2
0.02365869	0.032216433	99.883736	0.031663217	0.028725114	2
0.014836005	0.019325051	99.93031	0.020158567	0.015367782	2
0.020460026	0.024604585	99.90408	0.030565064	0.020284379	2
0.015429128	0.019072708	99.92796	0.021896195	0.015641952	2
0.024091955	0.031856548	99.88028	0.03615117	0.027621036	2
0.016697066	0.020301053	99.92192	0.024267267	0.016809003	2
0.02318616	0.027531167	99.8901	0.036138263	0.023047442	2
0.050814938	0.0637527	99.7362	0.09253379	0.056701973	2
0.08842147	0.09374923	99.56397	0.17174089	0.082114615	2
0.03884152	0.045025785	99.81114	0.066753924	0.038231578	2
0.07428882	0.09273587	99.604324	0.14556858	0.08308833	2
0.042038172	0.048082966	99.79465	0.07357393	0.04165716	2
0.030595507	0.03631367	99.85109	0.050963864	0.031038074	2
0.07039126	0.07984366	99.64481	0.13560097	0.06935596	2
0.061221182	0.07080894	99.69055	0.11624268	0.061175298	2
0.06840296	0.07830631	99.65536	0.13051483	0.06741729	2
2.248968	1.7816589	89.731255	4.8384333	1.3996743	2
0.39896518	0.53409785	97.75271	0.90847427	0.40575647	2
0.09176462	0.103337854	99.535194	0.18170655	0.08799956	2
0.18972404	0.20552477	98.9724	0.45034412	0.18200926	2
0.530163	0.60672796	96.71781	1.5609927	0.5843091	2
0.13504988	0.15051751	99.29966	0.28684992	0.12791666	2
0.32977745	0.37689605	98.03607	0.90514135	0.35211402	2
0.85914016	0.85813653	94.37089	3.1091251	0.8027113	2
0.7575654	0.7586443	95.18061	2.6006167	0.7025625	2
0.81431437	0.8770789	94.59341	2.8754606	0.8397435	2
1.3710858	1.4257638	89.96534	5.849859	1.3879548	2
1.0112467	0.9997638	93.32737	3.6962318	0.965391	2
1.8364384	1.834744	87.59473	6.7606816	1.9734082	2
94.71966	1.022877	2.3274221	1.2329477	0.697093	0
44.19833	29.591787	17.172585	4.9925528	4.0447373	0
96.29046	0.93487704	1.5146172	0.7650147	0.49503842	0
89.358955	4.194136	3.7309017	1.4276698	1.2883382	0
98.81051	0.33868957	0.42043045	0.23670399	0.19366683	0
87.23688	4.719093	4.7601357	1.7676482	1.5162442	0
11.094279	66.65741	15.62463	3.2506137	3.3730724	1
76.15742	7.922904	10.550525	2.901082	2.4680762	0
90.19853	2.4650695	4.618277	1.5448432	1.1732886	0
8.48549	74.03581	11.735839	2.7032986	3.039561	1
3.0872386	6.962334	84.22753	3.750829	1.9720653	2
1.7892311	3.101817	91.17114	2.7279904	1.2098079	2
0.43327078	0.5316782	98.228226	0.5284354	0.278396	2
0.21727239	0.37891242	98.99805	0.20618092	0.1995865	2
0.15693139	0.19715366	99.40432	0.12456154	0.117025115	2
0.029419921	0.04180683	99.85974	0.03747149	0.03156139	2
0.02649752	0.03681708	99.87728	0.03127423	0.028124887	2
0.016081296	0.020192666	99.92536	0.021398716	0.016963487	2
0.01643623	0.020255843	99.92322	0.022818558	0.017266052	2
0.017088206	0.021208525	99.920166	0.02383899	0.017701225	2
0.023054153	0.027162338	99.891495	0.03460769	0.023682939	2
0.021058103	0.025296237	99.90068	0.031421904	0.021546345	2
0.06301092	0.0693932	99.69062	0.11522184	0.061757136	2
0.03233351	0.03724752	99.84495	0.05274242	0.03272703	2
0.043411758	0.049452513	99.78824	0.0751348	0.043763533	2
0.04764501	0.054857437	99.76547	0.0838305	0.048193812	2
0.28938368	0.32266563	98.374535	0.7053809	0.3080326	2
0.055949472	0.06258521	99.726875	0.09950787	0.05508005	2
0.09116393	0.09981493	99.53757	0.18131603	0.090133466	2
0.08154169	0.09098352	99.58601	0.15924688	0.08221014	2
0.47408003	0.5083994	97.25845	1.2728534	0.48620892	2
0.1339515	0.1414954	99.32429	0.26869765	0.13156915	2
0.13949609	0.14453103	99.33785	0.24827455	0.1298411	2
96.699776	0.6969415	1.3868904	0.7466919	0.46968958	0
2.445157	10.059568	82.69791	2.6911335	2.1062372	2
0.1198466	0.22040066	99.36231	0.18053064	0.11690758	2
0.04926203	0.073243394	99.74985	0.077067785	0.050580975	2
0.081887536	0.11250151	99.60225	0.12974615	0.07360267	2
0.045249403	0.06641602	99.78342	0.060030043	0.044885337	2
0.10422634	0.110579856	99.50704	0.18670054	0.09145055	2
0.031981025	0.03883141	99.84911	0.048313677	0.031768646	2
0.03715074	0.046089828	99.82148	0.057630993	0.037658524	2
0.06060474	0.07245925	99.70261	0.103916146	0.06041354	2
0.6255913	0.7182225	95.970955	2.007239	0.6779871	2
0.33476052	0.35062397	98.115524	0.8755181	0.3235699	2
0.6136846	0.6400185	96.26162	1.8873012	0.5973715	2
2.5148242	2.0039299	88.50878	4.6897726	2.2826948	2
0.6000687	0.6470618	97.83448	0.5567746	0.3616132	2
0.5586108	0.7694448	96.78267	1.2589453	0.6303294	2
0.3160985	0.30945984	98.43245	0.65581614	0.28616232	2
0.06643515	0.08566919	99.69242	0.088183336	0.06728366	2
0.16223136	0.20073138	99.20564	0.2869648	0.14442712	2
0.19671541	0.24559833	98.88652	0.40863758	0.26252815	2
0.10122501	0.11529365	99.56598	0.12581238	0.09168529	2
0.26416537	0.3418666	98.39964	0.54783815	0.44648176	2
0.15146701	0.16812564	99.14484	0.2720357	0.2635307	2
0.34325242	0.33437786	98.01632	0.7755536	0.5305089	2
0.924618	0.90520453	93.84596	2.2121997	2.1120143	2
58.879345	6.136751	17.043219	4.185916	13.754768	0
2.8339643	6.3934073	10.630825	2.2338412	77.90796	4
0.33133265	0.53590244	0.57807165	0.25997457	98.29471	4
96.93244	0.70517033	0.72859377	0.47087654	1.1629219	0
5.0480223	5.9657955	3.072827	1.6298356	84.283516	4
3.172863	4.5667095	2.5808544	1.278752	88.40082	4
96.190765	0.9721498	0.9474106	0.5318182	1.357863	0
5.8506827	10.094959	4.391908	2.1548212	77.50763	4
0.07456739	0.099146366	0.090987384	0.0551657	99.68013	4
0.3451833	0.30108434	0.26252753	0.17907488	98.91213	4
0.3517705	0.30535635	0.26716903	0.18514149	98.890564	4
94.4895	1.4618169	1.1485842	0.7398742	2.160225	0
2.2748704	7.739684	2.6123757	1.3371954	86.03587	4
0.12326215	0.1566186	0.110012524	0.07164631	99.53846	4
5.0794353	14.733789	8.904934	2.4838393	68.798	4
0.11138332	0.19156602	0.13787228	0.084754094	99.47443	4
0.01571337	0.01859644	0.017311113	0.012656405	99.93572	4
0.012588731	0.01485008	0.013913175	0.010306508	99.94834	4
0.02246017	0.025157683	0.02402297	0.017308401	99.91105	4
97.23478	0.68919134	0.5274547	0.3972403	1.1513298	0
17.681967	15.292989	5.265641	3.1513534	58.608055	4
0.12116864	0.18526737	0.13172401	0.08437997	99.47746	4
0.428904	0.40855837	0.36784497	0.23835404	98.556335	4
1.5890874	2.2671406	1.3186395	0.72770447	94.09743	4
0.041378483	0.05872711	0.04711011	0.03153475	99.82124	4
0.012863045	0.015035962	0.013670852	0.009797646	99.94863	4
0.075606056	0.07335344	0.053345308	0.039204538	99.75849	4
0.09736366	0.15447237	0.095585614	0.06280095	99.58977	4
0.013193868	0.015162811	0.012958234	0.0096041225	99.94908	4
0.9226175	0.83334374	0.51642054	0.36340138	97.36421	4
0.0129797645	0.015184612	0.013156324	0.009736671	99.948944	4
0.027299492	0.030854866	0.024201382	0.017546669	99.90009	4
6.849232	6.214986	2.836308	1.7123991	82.38707	4
0.7845037	1.8614087	0.82085395	0.46912068	96.06412	4
0.5717917	1.2543409	0.61775285	0.3509462	97.20518	4
0.12572636	0.23097846	0.16475676	0.097102225	99.38145	4
0.050590735	0.07646668	0.056148443	0.037024934	99.77977	4
0.008604318	0.009815939	0.009179027	0.006900388	99.96551	4
0.0074259625	0.008355456	0.007996974	0.0061206627	99.9701	4
0.00731688	0.008038165	0.0077452436	0.0060044313	99.97089	4
0.007081448	0.007912728	0.0076198513	0.005883097	99.971504	4
0.00729128	0.008000286	0.007669215	0.005976799	99.97107	4
0.007991622	0.008694317	0.008207548	0.006531916	99.968575	4
0.05075243	0.05408827	0.04034361	0.028809559	99.82601	4
6.589044	5.8245277	2.910472	1.7021152	82.97385	4
0.83096826	1.9386425	0.8593675	0.49145994	95.879555	4
0.01532452	0.019060805	0.016237738	0.012109248	99.93726	4
0.009470126	0.010888263	0.010088799	0.0077939685	99.96176	4
0.015383794	0.017581156	0.015737327	0.011622523	99.939674	4
96.82742	0.80418736	0.5918682	0.44478235	1.3317429	0
0.35754997	0.29478806	0.2284194	0.1691994	98.95004	4
0.20311901	0.18976772	0.1508453	0.10757587	99.3487	4
1.0819328	2.357572	1.1493086	0.6130047	94.79819	4
0.44966722	1.014988	0.7031079	0.34241664	97.489815	4
0.30084223	0.6116248	0.5115207	0.24168399	98.33433	4
0.18477881	0.21454848	0.17720374	0.11200843	99.31147	4
0.8164043	1.3646507	0.99436355	0.49413583	96.330444	4
0.0590322	0.086815536	0.07546183	0.046041496	99.73266	4
0.34297863	0.33138424	0.27603793	0.18236797	98.867226	4
1.4054971	2.8927374	1.6173432	0.7859528	93.29847	4
4.6094	5.883831	5.8001766	2.0385125	81.668076	4
1.9860158	3.9700508	4.262526	1.3847986	88.39662	4
1.241085	0.96577334	1.0062987	0.53318375	96.253654	4
0.78484714	0.93471754	0.84138197	0.4145177	97.024536	4
5.6618395	6.603252	4.8736787	2.0204773	80.84075	4
3.5562587	9.158947	6.2660227	2.09693	78.921844	4
4.885174	8.442087	10.006235	2.6468816	74.019615	4
3.3936653	8.141904	9.791962	2.4562309	76.21625	4
3.0247934	6.1126494	9.717217	2.3362775	78.80905	4
2.0307212	3.6779494	6.2511764	1.678476	86.36168	4
0.23610473	0.29052976	0.5099406	0.21313655	98.75029	4
7.62549	4.4259167	3.9012208	1.9298275	82.117546	4
1.5432109	4.7615657	3.9307456	1.2531501	88.51133	4
1.5693214	4.321233	5.3593326	1.3896384	87.36047	4
2.0857368	3.912229	11.665997	2.156597	80.17944	4
1.9294205	3.189663	10.99272	2.093836	81.794365	4
1.3325967	2.10604	6.031631	1.3899887	89.13973	4
0.7121854	1.1088381	2.4666793	0.7299502	94.982346	4
0.12558438	0.14919396	0.24185793	0.11594674	99.36742	4
0.22149137	0.23334685	0.30616805	0.16959432	99.06939	4
0.4982234	0.7921101	0.82953453	0.38461238	97.495514	4
0.038188435	0.047399953	0.054521028	0.03523044	99.82468	4
0.062369265	0.07540893	0.08606576	0.05265902	99.7235	4
99.418915	0.14442597	0.14272383	0.10490144	0.189026	0
99.6369	0.11050955	0.089918464	0.06477826	0.09790149	0
5.151131	87.64252	3.1353998	1.2990981	2.7718558	1
0.96930194	96.731346	1.0667648	0.39724937	0.8353375	1
2.15342	87.289116	6.458622	1.3363072	2.7625363	1
3.0138395	14.085777	76.726234	2.3032415	3.870905	2
1.7771298	4.4360394	90.572586	1.1671864	2.0470502	2
0.17667495	0.31955177	99.1287	0.16513139	0.20994046	2
0.028165514	0.038447868	99.86965	0.029887116	0.033846647	2
0.033602264	0.048285753	99.8428	0.034080967	0.041237917	2
0.022352481	0.030278487	99.89032	0.028213538	0.028833752	2
0.014284691	0.018462589	99.93317	0.016588952	0.017495263	2
0.0125714475	0.015987506	99.94164	0.014751539	0.015051309	2
0.013359604	0.017563405	99.937935	0.0151288975	0.01601397	2
0.010155294	0.012579762	99.95395	0.011749969	0.011573965	2
0.009211533	0.011205962	99.95858	0.010743407	0.010257464	2
0.008853097	0.010739705	99.96034	0.0103005525	0.009774221	2
0.009311557	0.011593236	99.958275	0.01046519	0.01034973	2
0.008404124	0.010179604	99.96283	0.0095960405	0.008991793	2
0.007916377	0.009424904	99.965195	0.009152136	0.008311076	2
0.0078111896	0.009326425	99.96569	0.008974006	0.008195549	2
0.007823667	0.009370027	99.96563	0.008979758	0.008202668	2
0.007852814	0.009396128	99.965454	0.009107219	0.008188171	2
0.007911155	0.0094096735	99.96508	0.009391346	0.0081983935	2
0.0081037255	0.009616586	99.96413	0.009769973	0.008379823	2
0.008519421	0.010192624	99.9619	0.010507791	0.008881961	2
0.00855065	0.010142704	99.96189	0.010615243	0.008798232	2
0.009188088	0.010766131	99.95893	0.011742484	0.009370297	2
0.0093733845	0.01125722	99.957596	0.012056704	0.009712324	2
0.01139008	0.013409814	99.94803	0.015497356	0.011679776	2
0.013284352	0.01582942	99.938385	0.018783502	0.013721964	2
0.025282526	0.029012447	99.87968	0.040385306	0.025647895	2
0.019170774	0.021974148	99.90998	0.029222833	0.019653104	2
0.013776165	0.016200913	99.93612	0.019778753	0.0141198095	2
0.014010571	0.016484695	99.93546	0.019855022	0.014185197	2
0.015326644	0.018132115	99.92865	0.022291481	0.015591967	2
0.019598763	0.022924442	99.90729	0.030257098	0.019920006	2
0.054947153	0.06619286	99.71586	0.10133445	0.06166536	2
0.028736927	0.03376218	99.86006	0.04794021	0.029501677	2
0.0756276	0.089596815	99.60438	0.14674169	0.08365854	2
0.033722576	0.038284857	99.836174	0.057681683	0.03414038	2
0.032926276	0.037657052	99.84001	0.0560951	0.033311393	2
0.12049977	0.12601887	99.38882	0.25123963	0.1134266	2
0.033885192	0.038776875	99.83542	0.05786986	0.03405175	2
0.11700034	0.12421774	99.40372	0.24405585	0.11101866	2
0.14658096	0.16825484	99.2111	0.3225179	0.15155296	2
0.05611637	0.06327261	99.71926	0.105506144	0.055839214	2
0.5374917	0.57141596	96.77977	1.5850544	0.5262633	2
0.31733498	0.34712714	98.19935	0.8206839	0.31550512	2
0.07726717	0.085950926	99.60663	0.15392578	0.076222405	2
0.39403126	0.42988756	97.69641	1.0807977	0.398868	2
0.07895694	0.08640298	99.60169	0.15619048	0.07676091	2
0.08199759	0.090022236	99.584	0.1638836	0.08009798	2
0.22865807	0.23581034	98.77005	0.5529013	0.21257904	2
0.21772276	0.22626859	98.8368	0.5156151	0.20360157	2
0.06705627	0.0732793	99.668396	0.12672846	0.0645408	2
0.16917491	0.17503309	99.12225	0.3765977	0.15694545	2
0.12287274	0.13276339	99.36277	0.26312685	0.11846728	2
0.39607677	0.40423694	97.734764	1.0986267	0.366298	2
0.2719988	0.2818186	98.5151	0.6742315	0.25685066	2
0.34223267	0.34311756	98.136925	0.8708546	0.30687428	2
0.25439107	0.2566516	98.684235	0.57665914	0.22806476	2
0.26820558	0.25561872	98.72337	0.5090541	0.24374583	2
79.80999	3.0990815	11.275025	3.645056	2.1708393	0
79.250946	7.7776895	8.400481	2.3737998	2.1970928	0
99.49936	0.13834712	0.17290258	0.10041503	0.08898581	0
98.57021	0.50429434	0.45489737	0.24286856	0.22772013	0
10.594245	54.32728	28.238806	3.4169788	3.4226913	1
4.509845	16.907837	73.402855	2.5295372	2.6499267	2
2.5552835	9.179222	84.62689	1.7111855	1.9274175	2
0.6729326	1.5967926	96.62045	0.5364236	0.5733974	2
0.21902625	0.40275586	98.99487	0.18627772	0.19706227	2
0.11968391	0.18954426	99.4792	0.10202121	0.109548405	2
0.10724545	0.16618139	99.53723	0.09132924	0.09801086	2
0.053216353	0.07495704	99.77234	0.049773574	0.04971344	2
0.09129701	0.099387355	99.67637	0.06675114	0.066194765	2
0.10030965	0.11473012	99.63904	0.071736395	0.07417794	2
0.060720555	0.07667996	99.761604	0.050039373	0.05095246	2
3.909989	2.4850173	90.15123	1.9708924	1.4828603	2
0.83371484	1.1038526	96.499756	0.93643403	0.6262426	2
0.6589022	0.81239015	97.34681	0.6412481	0.5406537	2
92.84097	1.6150689	3.510084	1.0828665	0.9510095	0
4.3139563	9.41466	80.41084	3.0632865	2.7972472	2
14.396474	11.200917	66.88171	3.9062634	3.6146355	2
91.12722	2.105141	4.452048	1.2367976	1.0787833	0
3.874972	84.73575	8.050133	1.4831613	1.8559949	1
99.55947	0.13556999	0.1456343	0.08018519	0.0791301	0
0.91621745	97.09944	1.1282741	0.3681654	0.48789656	1
4.0977087	13.734304	75.30091	3.9720283	2.8950586	2
0.14477749	0.24853532	99.3258	0.14365895	0.13722785	2
0.13518389	0.2186917	99.38563	0.1122453	0.14825459	2
0.036305062	0.045500934	99.846954	0.0332086	0.038040016	2
0.08507985	0.0995843	99.63558	0.07062203	0.10913023	2
0.067110255	0.08644462	99.68926	0.0634954	0.093687885	2
0.07756502	0.092774935	99.64766	0.07192648	0.11008098	2
0.15678702	0.18437919	99.17459	0.17852674	0.30572343	2
0.47576976	0.5126234	97.6364	0.74344635	0.63175684	2
0.77094966	0.8874434	95.738945	1.153348	1.4493165	2
1.9890927	2.1967533	86.78161	3.1944625	5.8380823	2
0.33258462	0.41000795	0.71792483	0.26869908	98.27078	4
7.758497	7.253208	4.7099257	1.9459023	78.33247	4
4.319433	13.34361	4.613566	2.0854063	75.63799	4
0.049329147	0.06874557	0.058061797	0.03622421	99.78764	4
0.078605376	0.098712906	0.07543649	0.049335036	99.69791	4
90.389786	2.5943344	1.7619487	1.1573334	4.0966034	0
4.1459417	15.461463	4.163581	2.0898829	74.13914	4
7.6140685	21.578867	5.0203586	2.6425836	63.14412	4
15.841074	20.879536	5.5393987	3.1421986	54.597794	4
2.1706629	4.4330096	1.8011885	1.0122733	90.58286	4
0.3691563	0.6029122	0.37651578	0.22322614	98.42819	4
3.9409719	4.9784517	2.0414124	1.1656547	87.8735	4
77.71431	10.591167	3.1890352	1.9882647	6.517221	0
4.234843	71.02665	4.441878	2.1342063	18.162416	1
1.2148944	3.0003686	1.6659975	0.8369647	93.281784	4
0.23499218	0.44967514	0.29123783	0.16657071	98.85753	4
14.563854	11.568199	4.2750125	2.5811942	67.01174	4
4.718137	13.161031	3.9299715	2.0727942	76.118065	4
1.3995204	3.2988288	1.5991086	0.84482485	92.85772	4
0.57645154	1.140827	0.6989033	0.38325197	97.20057	4
0.12517886	0.19704504	0.15245242	0.0876401	99.43768	4
11.112847	15.923198	4.7459335	2.7540188	65.464	4
1.3348751	3.0447648	1.4241028	0.7823527	93.4139	4
7.722934	13.666764	4.4786463	2.412927	71.718735	4
0.64489406	1.2161961	0.77845263	0.4049778	96.95548	4
1.5236166	3.2669122	1.7618034	0.85809755	92.58956	4
0.07540242	0.10167367	0.09733468	0.05496075	99.67063	4
2.9678469	1.6465372	1.8956578	1.019436	92.47051	4
99.84261	0.04015351	0.035829205	0.030169837	0.051235363	0
99.945984	0.014617639	0.012725225	0.010963499	0.015712518	0
99.97807	0.0059437617	0.005428567	0.004699689	0.0058641247	0
99.98386	0.004430102	0.0040607206	0.0035222278	0.0041352618	0
99.98389	0.0044180853	0.004049383	0.0035406097	0.004103939	0
99.98306	0.004795873	0.004242655	0.0036463134	0.004245329	0
99.988045	0.0033308468	0.0030778036	0.0026323549	0.0029173917	0
99.98941	0.002939879	0.0027437508	0.0023456144	0.0025553633	0
99.99012	0.0027494277	0.0025687548	0.0021909624	0.0023684376	0
99.99058	0.0026316957	0.0024586807	0.0020944	0.0022497594	0
99.990875	0.0025488276	0.0023801194	0.002026771	0.0021656486	0
99.99111	0.0024876425	0.00231996	0.0019748888	0.0021012155	0
99.99131	0.0024383278	0.0022718417	0.001934642	0.0020516526	0
99.99143	0.0024049971	0.0022382413	0.0019061244	0.002017347	0
99.99155	0.0023773687	0.0022068392	0.0018801602	0.0019875925	0
99.991684	0.002340667	0.002171424	0.0018511714	0.0019608815	0
99.99177	0.0023156195	0.0021462583	0.0018302652	0.0019362385	0
99.99182	0.0023038222	0.0021304772	0.0018162343	0.0019201167	0
99.99185	0.0023116018	0.0021260856	0.0018104982	0.0019120134	0
99.991974	0.0022708178	0.0020903663	0.0017831426	0.0018806931	0
99.99201	0.0022595767	0.002079697	0.0017741759	0.0018686706	0
99.9919	0.002308637	0.0021063841	0.0017947414	0.0018979994	0
99.99202	0.0022639968	0.0020785418	0.0017728934	0.0018649375	0
99.99194	0.0022924505	0.0020966055	0.0017860923	0.0018826143	0
99.992035	0.0022636922	0.0020759483	0.0017696979	0.0018633576	0
99.9919	0.0023074094	0.002107582	0.0017959796	0.0018895273	0
99.99102	0.0025865617	0.0023100777	0.0019730912	0.0021141577	0
99.991455	0.0024632707	0.0022192574	0.0018814566	0.0019867818	0
99.99188	0.0023185196	0.0021036319	0.0017962935	0.0018931944	0
99.99162	0.0024057955	0.0021607892	0.001843707	0.0019636473	0
99.99204	0.0022695172	0.0020708977	0.0017645907	0.0018496172	0
99.991974	0.0022920985	0.002091026	0.0017839917	0.0018623602	0
99.991486	0.002460563	0.0022009283	0.0018668523	0.001990544	0
99.991714	0.0023716956	0.002165656	0.0018371362	0.0019122802	0
99.99143	0.0024524962	0.0022119288	0.0018918941	0.002003077	0
99.99096	0.0026087952	0.0023436886	0.0019884272	0.0021046402	0
99.991135	0.0025564893	0.0023101794	0.0019512974	0.0020376036	0
99.99026	0.0028570245	0.0025190276	0.0021202501	0.0022429316	0
99.99058	0.0027420728	0.002440234	0.0020610397	0.0021774706	0
99.988266	0.0035054076	0.0030036687	0.0025256462	0.0026957588	0
99.9862	0.0041831494	0.0034937756	0.0029249906	0.0031974437	0
99.966255	0.010962932	0.008214797	0.0067345165	0.007831259	0
99.87678	0.045117103	0.028900998	0.022457836	0.026749453	0
99.98747	0.0037562961	0.0031992244	0.0026650697	0.0029052345	0
99.98753	0.0037324156	0.0031731247	0.002634731	0.002919766	0
99.98709	0.0038848852	0.0033207831	0.0027522568	0.002960132	0
99.97555	0.007833161	0.0061085317	0.0050016893	0.0055097784	0
99.74791	0.08738821	0.05903215	0.044185773	0.06148812	0
99.72105	0.11094464	0.06359067	0.04839799	0.056024104	0
99.97761	0.007014385	0.005578548	0.004555798	0.0052383626	0
99.987946	0.003593673	0.0030622939	0.002567212	0.0028235214	0
99.989044	0.0032299191	0.0027841835	0.0023460572	0.0025992927	0
99.98846	0.003429724	0.002924036	0.002452912	0.0027386989	0
99.98769	0.0036954344	0.0031163993	0.0026001623	0.0029046184	0
99.9871	0.003889177	0.003294037	0.0027528775	0.002974864	0
99.96067	0.013228713	0.00963178	0.0078118653	0.008666479	0
99.965645	0.011374788	0.008441889	0.00689146	0.0076505253	0
98.753944	0.5135683	0.27253696	0.1949353	0.26501542	0
98.18044	0.77747214	0.3952961	0.2729564	0.37383857	0
94.08042	2.847653	1.2247841	0.7783255	1.0688154	0
99.9577	0.014017313	0.01048394	0.008301076	0.009489896	0
99.98638	0.004185655	0.003440259	0.0028810417	0.003114899	0
99.99116	0.002610813	0.002263998	0.0019440062	0.0020234329	0
99.99242	0.0022007262	0.0019437026	0.0016863451	0.0017402075	0
99.993164	0.001966821	0.0017571826	0.0015366965	0.0015730626	0
99.99378	0.0017697039	0.0016024789	0.0014112225	0.0014252866	0
99.993996	0.0017060289	0.001549575	0.0013683969	0.0013759354	0
99.99412	0.0016703494	0.0015197274	0.0013450148	0.001348952	0
99.994194	0.0016466778	0.0014995829	0.0013288266	0.0013313671	0
99.99428	0.0016221413	0.0014784647	0.0013116347	0.0013130689	0
99.994316	0.0016108693	0.0014674657	0.0013017546	0.0013056608	0
99.99435	0.0016005639	0.0014583378	0.0012950007	0.0012991204	0
99.99437	0.0015934154	0.0014516419	0.0012894745	0.0012951839	0
99.99436	0.0015979281	0.0014544728	0.0012907973	0.001299802	0
99.99433	0.0016069667	0.0014621135	0.0012954304	0.0013065094	0
99.99426	0.0016262422	0.0014784203	0.0013074287	0.0013200982	0
99.9943	0.0016140151	0.0014691468	0.0013006612	0.0013108314	0
99.99437	0.0015917636	0.0014512503	0.0012874382	0.0012940968	0
99.99441	0.0015794073	0.0014415202	0.0012811874	0.0012848204	0
99.99444	0.0015718597	0.0014351342	0.0012772474	0.001279367	0
99.994446	0.0015691902	0.0014323225	0.0012753647	0.0012774788	0
99.99443	0.001573647	0.0014358948	0.0012780646	0.0012807923	0
99.99443	0.0015751104	0.0014375148	0.0012791813	0.0012813465	0
99.99441	0.0015793872	0.0014418818	0.0012822464	0.0012831497	0
99.99441	0.00158107	0.001443136	0.0012833751	0.0012833759	0
99.99443	0.00157354	0.0014371674	0.0012792667	0.0012768538	0
99.99447	0.001561643	0.0014273315	0.0012724629	0.001267026	0
99.99454	0.0015426431	0.00141183	0.0012609722	0.0012514916	0
99.994576	0.0015293941	0.001400511	0.0012532484	0.0012408684	0
99.994606	0.0015221657	0.0013942005	0.0012493292	0.0012340994	0
99.9946	0.001522255	0.0013941036	0.0012503383	0.0012323806	0
99.994644	0.0015084809	0.0013832154	0.0012442995	0.0012215191	0
99.99468	0.001496673	0.0013732797	0.0012378732	0.0012128166	0
99.9947	0.0014926604	0.0013692193	0.0012341506	0.0012101076	0
99.994705	0.0014879984	0.0013688278	0.0012261579	0.0012168938	0
99.9947	0.0014898282	0.001369675	0.0012266326	0.0012179432	0
99.994705	0.0014885116	0.0013683708	0.0012257774	0.0012167336	0
99.9947	0.0014912471	0.0013707457	0.0012281471	0.0012183763	0
99.994705	0.0014857715	0.0013658343	0.0012248658	0.0012140444	0
99.99471	0.0014839137	0.0013644546	0.0012248218	0.0012129269	0
99.99471	0.0014836253	0.0013642109	0.0012254008	0.0012131362	0
99.994705	0.0014851205	0.0013652961	0.0012265254	0.0012145302	0
99.9947	0.0014865173	0.0013667019	0.0012278463	0.0012155854	0
99.99468	0.0014924824	0.0013716589	0.001231641	0.0012197791	0
99.99466	0.0014996493	0.0013778441	0.0012367064	0.0012250004	0
99.994675	0.0014967935	0.001375513	0.0012352729	0.0012231211	0
99.994644	0.0015052868	0.0013832189	0.0012414269	0.0012288502	0
99.99461	0.0015156566	0.0013915169	0.0012484776	0.0012362704	0
99.994644	0.0015050753	0.0013832616	0.0012430581	0.0012280116	0
99.994675	0.0014930535	0.0013739225	0.0012367818	0.0012186175	0
99.994675	0.0014960493	0.0013761454	0.001238932	0.0012208018	0
99.9947	0.0014852888	0.0013675438	0.0012335003	0.0012136546	0
99.99467	0.0014937759	0.0013757414	0.00123935	0.0012195942	0
99.994644	0.0014993392	0.0013809945	0.0012434303	0.0012235906	0
99.994644	0.0015007082	0.0013828005	0.0012447495	0.001224484	0
99.99462	0.0015061817	0.0013882157	0.0012490295	0.0012283605	0
99.9946	0.001513427	0.0013950584	0.0012539919	0.001232737	0
99.99461	0.001511832	0.0013939032	0.0012535608	0.0012313442	0
99.99463	0.0015047329	0.0013878072	0.0012495598	0.0012255607	0
99.99464	0.0015026791	0.0013862626	0.0012499256	0.0012240399	0
99.99467	0.0014937558	0.0013787056	0.0012456236	0.00121766	0
99.99467	0.0014933826	0.0013784649	0.0012467917	0.0012180983	0
99.99463	0.0014991936	0.0013831925	0.0012510838	0.0012231774	0
99.994606	0.0015076731	0.0013909364	0.0012574961	0.0012299744	0
99.994545	0.0015281405	0.0014091214	0.0012711714	0.0012445133	0
99.994484	0.0015488786	0.0014270949	0.0012837573	0.0012591515	0
99.994484	0.0015498282	0.001428345	0.0012853439	0.0012602797	0
99.99448	0.0015511059	0.0014294925	0.0012871787	0.001261751	0
99.99447	0.0015526415	0.001430808	0.0012886862	0.001263007	0
99.99445	0.0015540132	0.0014320005	0.0012907289	0.0012644022	0
99.99442	0.0015671371	0.001443295	0.0012996104	0.0012736694	0
99.99444	0.0015579178	0.0014356462	0.0012950364	0.001267868	0
99.994446	0.0015577836	0.0014361122	0.0012959639	0.0012674816	0
99.99438	0.0015735946	0.0014501858	0.0013067448	0.0012782019	0
99.99437	0.001578997	0.0014585451	0.0012962873	0.0012931911	0
99.994385	0.0015736505	0.0014553525	0.0012961079	0.0012897736	0
99.99443	0.0015623496	0.0014429245	0.0013032586	0.0012682053	0
99.99443	0.0015611236	0.0014411304	0.0013022677	0.0012671656	0
99.99448	0.0015445225	0.0014272837	0.00129325	0.0012550898	0
99.99451	0.0015360723	0.0014191458	0.0012882779	0.0012491483	0
99.994514	0.001534224	0.0014172262	0.001288839	0.0012483685	0
99.99451	0.0015373535	0.0014191773	0.0012914456	0.0012517856	0
99.99447	0.0015466505	0.0014308046	0.0012862171	0.0012710197	0
99.994415	0.0015624966	0.0014453767	0.0012971081	0.0012813417	0
99.9944	0.0015668232	0.0014492387	0.0013007588	0.0012845282	0
99.99441	0.0015634623	0.0014469284	0.0013002809	0.0012821836	0
99.9944	0.0015630339	0.0014469005	0.0013015049	0.0012817458	0
99.99442	0.0015569256	0.0014416173	0.0012991563	0.0012775406	0
99.99443	0.0015539757	0.0014388026	0.0012983695	0.0012756323	0
99.99443	0.0015501762	0.0014365241	0.0012994771	0.0012737068	0
99.99443	0.0015532356	0.0014391141	0.0013018998	0.0012754003	0
99.99443	0.0015514945	0.0014374239	0.0013020308	0.0012744062	0
99.99443	0.0015513995	0.0014369185	0.0013034147	0.0012751038	0
99.994446	0.0015469413	0.0014323834	0.0013015794	0.0012727875	0
99.99445	0.0015429201	0.0014284452	0.0012989994	0.0012691854	0
99.994415	0.001555903	0.0014399934	0.0013083498	0.0012779889	0
99.994415	0.0015522835	0.0014376689	0.0013084563	0.0012753452	0
99.9944	0.0015580468	0.0014427232	0.0013131666	0.0012791436	0
99.9944	0.001555885	0.0014418071	0.0013148204	0.0012780282	0
99.9944	0.0015581716	0.0014445531	0.0013191837	0.0012802524	0
99.9944	0.0015533329	0.0014406604	0.0013180093	0.0012770476	0
99.99443	0.0015455091	0.001434153	0.0013154702	0.001271979	0
99.994446	0.0015405265	0.0014298448	0.0013144945	0.0012692101	0
99.99447	0.0015328648	0.0014226981	0.0013116051	0.0012647737	0
99.99448	0.0015310008	0.0014210048	0.0013126935	0.0012642044	0
99.99445	0.0015359326	0.0014261941	0.0013195167	0.0012692595	0
99.99444	0.0015416697	0.001430861	0.0013261578	0.0012566833	0
99.99446	0.0015366761	0.0014266813	0.0013254266	0.001254412	0
99.99443	0.0015453317	0.0014339607	0.0013321382	0.0012619136	0
99.99438	0.0015586036	0.0014452265	0.001340911	0.0012730919	0
99.99435	0.0015678935	0.0014543735	0.0013504882	0.0012820888	0
99.99426	0.0015899808	0.0014755435	0.0013683205	0.0013006123	0
99.99417	0.001615912	0.0015009425	0.0013903567	0.001323073	0
99.99403	0.0016544644	0.0015365727	0.0014193767	0.0013553905	0
99.993835	0.0017157949	0.0015863292	0.0014620872	0.0014015959	0
99.993546	0.0017970308	0.0016604889	0.0015248619	0.0014732416	0
99.993034	0.0019447412	0.0017877659	0.0016335216	0.0016003512	0
99.992584	0.0020736326	0.0019040855	0.0017380636	0.0017058302	0
99.99055	0.0026476989	0.0024388293	0.0021786992	0.0021813933	0
