2.7724074428685777e-05	0.0013277534739748243	1.7641245608126494e-05	2.5718329231285e-05	99.99860116287675	0
2.2200237855675627e-05	0.0014315584249746287	8.169981141105413e-05	1.2284949574042056e-05	99.99845225657619	0
1.6009630237235293e-05	0.0007897595602842837	4.548192885854168e-05	1.688102493101785e-05	99.99913186785568	0
4.985452877056414e-06	0.0012194384301215317	5.665453302707888e-05	1.644022359442771e-05	99.9987024813604	0
1.7544057696293493e-05	0.0019217374999265634	0.0001264662943512516	9.331952876906044e-06	99.99792492019516	0
9.36440909794846e-05	0.0013929971196729406	0.00010658488962482206	2.9669015450433254e-05	99.99837710488426	0
1.91593682073399e-05	0.0009331850145766038	7.892586361523219e-05	1.038177373597924e-05	99.99895834797987	0
1.2461441207815737e-05	0.001188646488316043	9.006765271046695e-05	6.051650526505235e-06	99.99870277276723	0
2.419451976944184e-05	0.0021472174359505377	0.00017215796818655232	7.888681374335179e-06	99.99764854139472	0
3.2492668746882476e-05	0.0023155511463976244	0.0003213964099189558	1.228902843684502e-05	99.99731827074649	0
0.0005196365485383758	0.0031855590877226114	0.00033724719994248286	1.5000849180562485e-05	99.99594255631462	0
0.00041450509058434744	0.00387596625608219	0.0002709451401846438	1.1395006974004275e-05	99.99542718850618	0
3.3089055860080675e-05	0.0013637906800245	0.00017506494182833134	1.017939208332144e-05	99.99841787593022	0
4.241453195305516e-05	0.0014061678157855032	0.00031943460979874167	3.967988981313924e-06	99.99822801505347	0
9.588994486981347e-05	0.004191679093980838	0.0005106102163487676	9.257089948383075e-06	99.99519256365484	0
6.676410676299695e-05	0.006340045848173927	0.004793051377561827	2.344671754465522e-05	99.98877669194997	0
0.003492628728336964	0.01177097501575097	0.004494735480536479	1.4460932998935314e-05	99.98022719984239	0
0.0035549151605303994	0.02346257598647484	0.008496718228339329	5.506265732742948e-05	99.96443072796733	0
0.0027557785836969	0.02401764512132276	0.01676555807167116	7.551553475761168e-05	99.95638550268855	0
0.0023920741308161297	0.025908936029454533	0.03316287059089773	2.8714473945585726e-05	99.9385074047749	0
0.002362417516025365	0.013900611503779576	0.008990184856260871	1.0723925415384816e-05	99.97473606219852	0
0.004052584124411222	0.02104610937911344	0.005421925689991495	0.0001181205613215144	99.96936126024517	0
0.0024276186332764494	0.018509259085936668	0.0072473104331907436	0.00018623978577000816	99.97162957206183	0
0.0018174839576236672	0.016569048029752672	0.0054664479336742535	0.00016426688206799958	99.97598275319689	0
0.002453273096655914	0.03382363439995678	0.0056370628520918545	0.00012483951281103798	99.95796119013849	0
0.0023060946592003578	0.017276335729016403	0.005590187352755174	0.00010119578587424104	99.97472618647316	0
0.0027528970018949332	0.025277537745825075	0.004748625954396156	0.0001017681843366912	99.96711917111355	0
0.009101557590052286	0.022516313369892575	0.006518570559612826	0.00013973443733054228	99.96172382404312	0
0.05954965538252539	0.1170769456116534	0.009969412014980396	0.0004291699886063098	99.81297481700223	0
0.0057826638445604844	0.013336983690961007	0.0035645565448620097	0.00013789699846550427	99.97717789892116	0
0.030742523447086	0.12153767655789138	0.016513468349457307	0.00029548430883105686	99.83091084733674	0
0.005713558466841489	0.027838778781021742	0.008719311968879945	9.098561991620753e-05	99.95763736516334	0
0.0030507253180404046	0.00998678133626724	0.0027165440633804888	8.398947551750707e-05	99.9841619598068	0
0.005601773885468211	0.017671064359406883	0.005038537540348117	9.091436411716504e-05	99.97159770985067	0
0.0017960320610100823	0.01364163668048295	0.008687831301198469	4.044128241423098e-05	99.97583405867489	0
0.0021922144299766832	0.019990305465009444	0.004807669022109089	7.396554149624723e-05	99.9729358455414	0
0.004982458320646994	0.030919909970678214	0.014395027851772131	5.289280440344242e-05	99.94964971105249	0
0.006731409338268258	0.062149011062896144	0.010662107603420951	6.773564054314897e-05	99.92038973635486	0
0.010531523158936606	0.05711462458842042	0.008179527520236226	0.00017411164193861716	99.92400021309047	0
0.015542844604539086	0.05360498876280631	0.011614139369037709	5.5297280556385804e-05	99.91918272998306	0
0.00854609094193623	0.049535158953675384	0.0077144213585023415	0.00011150635547682492	99.93409282239043	0
0.007360499906445621	0.04240451101092494	0.007668369177833134	0.00013272299859200644	99.94243389690621	0
0.00284164681082621	0.019714646798503526	0.01852437296442279	9.281408191618749e-05	99.95882651934434	0
0.0034001269975049825	0.018380028995148415	0.01361030930911761	0.00033782977215110466	99.96427170492608	0
0.019607960029895573	0.02584732641344661	0.0022184028482550595	0.0004616720397366949	99.95186463866867	0
0.07397021553126819	0.08991969384935633	0.003860359439697446	0.002355175743709737	99.82989455543597	0
0.01673230437183566	0.030822388117959506	0.010334091825533543	0.0014356994480088088	99.94067551623667	0
0.010112491923395235	0.020489802200302547	0.002948326184436158	0.0011246981347814411	99.96532468155708	0
0.1367347972430376	0.10150349371621398	0.003169921837546461	0.008393758951665347	99.75019802825153	0
0.1239267265311247	0.08020040071508697	0.001654996857453001	0.00492454222143046	99.7892933336749	0
0.26625397538957224	0.20641911404822885	0.002432845085705782	0.009141948073662472	99.51575211740284	0
0.04411994622283266	0.09030657578172466	0.014092474222413484	0.00647764556929479	99.84500335820373	0
0.010926593149833552	0.03222071446976607	0.004687338563994938	0.002298010425204599	99.94986734339119	0
0.09443462129338401	0.04135943753096894	0.0012278260203798963	0.002812164478613789	99.86016595067666	0
0.03877633185192046	0.04557202203310373	0.0035266131016488244	0.0018379358908663743	99.91028709712246	0
0.051040519477131896	0.0457406667513009	0.0032232529222481388	0.012738674499080293	99.88725688635024	0
0.07072728462064404	0.054602282079167674	0.0019335279416110157	0.004892469784431612	99.86784443557414	0
0.06036623193093718	0.06928230790526638	0.005114911044004132	0.003738985775745849	99.86149756334405	0
0.056869372216394064	0.04749355661737781	0.005647546251822006	0.003922479058150146	99.88606704585627	0
0.2589336821662232	0.10502521610278095	0.00273211644389327	0.010029104149460316	99.62327988113763	0
0.027629703713711918	0.030787289764007575	0.0013653854884573887	0.0033611501886567034	99.93685647084516	0
0.11785319608223974	0.10122031986241473	0.002558455507562761	0.012728928481899144	99.76563910006588	0
0.04684158314853922	0.03617105600903154	0.004067053368213352	0.012218789671432383	99.90070151780279	0
0.06080059619841509	0.05697944683004954	0.0036328837366852765	0.012668314728210615	99.86591875850664	0
0.05720079776697557	0.03695322692537624	0.0023414472123902135	0.015929616481487725	99.88757491161377	0
0.6078193565327052	0.23470826063305508	0.007534609097689336	0.0860587014732235	99.06387907226333	0
0.1961310584470377	0.06967280641849291	0.001956508994377122	0.041406526008130454	99.69083310013195	0
0.12908095289520416	0.1146133975914328	0.002413927501244112	0.01945767651359648	99.73443404549852	0
0.19998887068029222	0.09147823372067879	0.0004016924049849027	0.05334263198726784	99.6547885712068	0
0.047338141223775575	0.09556619732304833	0.003375826144551557	0.012138182259705104	99.84158165304892	0
0.006142680254698917	0.015033271360449666	0.005097691066494579	0.00200655799277329	99.97171979932558	0
0.0384358224023211	0.024947787563801154	0.002445277168882023	0.002194828553502262	99.9319762843115	0
0.006723548049501235	0.01281689231282031	0.006798233067702848	0.000832698881241252	99.97282862768873	0
0.00335039633215925	0.013059422768563558	0.0022247644664472386	0.0005847531414229686	99.98078066329141	0
0.03453693778064376	0.06830361735428515	0.007044455180055167	0.0021728262029993084	99.88794216348202	0
0.04205105479495027	0.051730806548448235	0.006902038108405318	0.004903228636462712	99.89441287191173	0
0.01964100859186617	0.03739232788545988	0.00940605482756783	0.0014652548149227795	99.93209535388019	0
0.045509206901476945	0.05477231817210942	0.005711564995768061	0.004688494523927287	99.88931841540672	0
0.029218221509938858	0.11210193185463169	0.01777782064419381	0.004745173372146155	99.83615685261908	0
0.13733976672521858	0.08499708112268388	0.00558051793301959	0.0028481769250190167	99.76923445729406	0
0.03517941811069071	0.05053151202508425	0.002580358011283436	0.00610213444209297	99.90560657741085	0
0.04956990690240233	0.05906629835012503	0.007947686233777323	0.0033906906813953217	99.88002541783231	0
0.16490051286485677	0.08333395466955204	0.0034382430130715366	0.008047347458106252	99.74027994199443	0
0.03524752009451258	0.02795401907426677	0.0019541659235448655	0.007680981186743323	99.92716331372094	0
0.028440332120817743	0.029827589309986705	0.002117949162244353	0.0032741650487974044	99.93633996435815	0
0.017427249134436835	0.02329554724602805	0.001492830773279927	0.0018728593998337307	99.95591151344641	0
0.036202478786204965	0.027371655759085702	0.003591708148581852	0.0011532354587387547	99.93168092184739	0
0.04058812862754517	0.02050166462394687	0.0010560631522798394	0.0018275450727082347	99.93602659852351	0
0.03476841420160366	0.028506288098603574	0.0015242661012365934	0.0022252516165480766	99.932975779982	0
0.030408382669255146	0.019597208438747436	0.0008721391905622486	0.0013798423962648933	99.94774242730517	0
0.1209823328103501	0.04898841658117523	0.000867070159919638	0.007375725967525266	99.82178645448104	0
0.07613600474096956	0.057705214470833016	0.0019680512728969765	0.00470457384100917	99.85948615567429	0
0.06537256115413048	0.05128315127150385	0.0017300993660683338	0.009755962000543385	99.87185822620775	0
0.10882420435447712	0.057742671956722454	0.0015356864879565088	0.012207782951330482	99.8196896542495	0
0.09823396119015078	0.057693123550022506	0.00157009611855152	0.009955769275717587	99.83254704986555	0
0.05259387445885632	0.11166594209244367	0.01580522941591371	0.010571106047252353	99.80936384798554	0
2.064012877840564	0.5017782733466881	0.007084512277603696	0.1225860752549604	97.30453826128019	0
0.49593160086500016	0.1243517586292361	0.0016955143334025403	0.04593720595010924	99.33208392022226	0
1.372736100019107	0.33699555515841334	0.006476192092065114	0.21927380493352955	98.06451834779689	0
2.3960746528940144	0.7632951406706602	0.006075259570603049	0.2623799013640146	96.5721750455007	0
0.9770756851120046	0.26066124218361725	0.004743839083717809	0.4800483633192567	98.2774708703014	0
0.3376567336011335	0.17158533767967166	0.003864071781846024	0.22074530554549704	99.26614855139186	0
0.34989030298558244	0.21167207146018693	0.014033962413161362	0.0801990755847787	99.34420458755629	0
0.030246511823045864	0.03220043069507863	0.0022325085968308016	0.009532428478732344	99.92578812040631	0
0.2076185566280616	0.09965994673999232	0.0057613156398041085	0.07313322895036017	99.61382695204179	0
0.10268885479876146	0.18580937869819353	0.0019202314344766702	0.04491074233056684	99.66467079273801	0
0.1518443182405847	0.16981588490869556	0.0005790751913375005	0.03997864274612785	99.63778207891325	0
0.0645092340273732	0.11108584699794442	0.00025814506633237095	0.023531943437569376	99.80061483047078	0
0.022001961701860178	0.043587106636527116	0.0004123724409582037	0.009693508536546692	99.92430505068411	0
0.0466166268454992	0.03875292286708663	0.0004938733248593972	0.023415210208777168	99.89072136675378	0
0.04456180939539839	0.019701028691756762	0.00022048127587964857	0.011429989003005852	99.92408669163397	0
0.062379771732766716	0.05395916535866999	0.006984043792390581	0.02504726842156139	99.85162975069461	0
0.08546948753813585	0.056014716693994826	0.0026909597135080492	0.00977036462802007	99.84605447142634	0
0.1232098526093042	0.047774399883568616	0.001670061042589718	0.0049993971110649975	99.82234628935348	0
0.3417567941308602	0.23047274503471263	0.0030958887414126563	0.0058885654678555496	99.41878600662515	0
0.18319274741458721	0.12927500423031055	0.0011150340356506287	0.004709124862045515	99.68170808945742	0
0.44054302215949914	0.21924007139782908	0.0021651936578499734	0.006760878528768017	99.33129083425605	0
0.3551345094821465	0.2140963553365145	0.00134035989281638	0.004823139128417802	99.42460563616011	0
0.0931463313794187	0.10469679414903295	0.0008988021803468707	0.012907488479079712	99.78835058381212	0
0.07543329763298418	0.09619606447653321	0.0021960375543238187	0.004696143553186911	99.82147845678297	0
0.0815774944674911	0.14210023022612034	0.00259297350865571	0.004809367295656404	99.76891993450207	0
0.1810077553664376	0.16083115319733446	0.0015533806358624174	0.028115673604295077	99.62849203719608	0
0.16658817200585313	0.07256940908621035	0.0012893335765586608	0.0398778425450924	99.71967524278628	0
0.04095994778165992	0.08914388035926321	0.008021184764223224	0.024046175549083584	99.83782881154578	0
0.06934991438629501	0.3136871962879707	0.021563701363650913	0.07592277993218356	99.51947640802989	0
0.23087991071980726	0.4646935697554298	0.030469887025208562	0.06842536370478357	99.20553126879477	0
0.21248587183183934	0.27749666897153774	0.011559907766655065	0.03710049515441223	99.46135705627557	0
0.04887952232412625	0.13399529564740847	0.004428572916515547	0.01808831981446472	99.79460828929749	0
0.052651641007920254	0.24762152977044705	0.003921502943814331	0.007017863592132895	99.6887874626857	0
0.05596858136994057	0.08386939659383401	0.0022970734798789818	0.00730287393084366	99.85056207462551	0
0.1361293497783032	0.25379476059124584	0.016279272868197137	0.018920146300674817	99.57487647046158	0
0.25074180896799186	0.26883108627191366	0.007524602115681376	0.015452191708518428	99.4574503109359	0
0.3637617930380087	0.3220024307003778	0.006491911550640524	0.006500723469231608	99.30124314124174	0
0.18755942618074722	0.34492934366158123	0.003861699573734943	0.008956753188662566	99.45469277739528	0
0.18614940432943064	0.2465687923258281	0.0027713122124107077	0.00530040661724579	99.55921008451509	0
0.39742021252092574	0.48966876246526214	0.008152841172972377	0.010939968100391082	99.09381821574044	0
0.33924403576740514	0.3875010501612331	0.0035566100142476456	0.0057322012924995265	99.26396610276463	0
0.19733769903305648	0.19167571158803764	0.0008503578511810903	0.002118862712912154	99.60801736881481	0
0.22298408048903767	0.21002767486500323	0.0010039558264970517	0.0024369733787336046	99.56354731544073	0
1.8890761879674145	0.21842942711467864	0.0016920065268115458	0.006037086729169474	97.88476529166192	0
1.3535702996013257	0.13833773508342728	0.0011521062024670166	0.004368901540373717	98.50257095757242	0
3.744264428196886	0.43768946210266546	0.0034643799907372163	0.0033348614367969902	95.8112468682729	0
0.5860211500686785	0.25810349011853156	0.0026000414383563954	0.0026000484186567093	99.15067526995578	0
0.43705620949988966	0.20180938094805975	0.0033410036968403714	0.00452209009955872	99.35327131575566	0
0.6354344706396935	0.2198533202232955	0.00082184078434246	0.016307429574309987	99.12758293877836	0
0.16303614909542796	0.39049506511143106	0.007017172770797365	0.00840589793382524	99.4310457150885	0
0.45448190500156394	0.23990553529214756	0.0016225410832498362	0.021366633682401284	99.28262338494062	0
0.15690004255116213	0.20736322510969385	0.0005543993163274896	0.010681719822869806	99.62450061319996	0
0.760966224965851	0.2062948942783428	0.0005161772683912371	0.015425517755828429	99.0167971857316	0
0.4162589120923358	0.4345684571250492	0.0031758340298274953	0.00877377715278865	99.1372230196	0
0.7365957439397476	0.5751639021096918	0.004626357821095437	0.005730666326944746	98.67788332980251	0
0.499955426365214	0.7661670787367413	0.02761299120288147	0.007199610114581341	98.69906489358058	0
1.0999893595612007	0.8889068823863921	0.005588461772312236	0.008222247278358814	97.99729304900174	0
1.3058486129472981	0.7076916000462481	0.004703114080812268	0.010855382759708952	97.97090129016594	0
0.6714330414678019	0.20496673659646278	0.002052530428257886	0.007365365397248902	99.11418232611022	0
2.25835763473552	0.4823991505684493	0.0037569441203082164	0.004967410240336122	97.25051886033539	0
0.717336862880081	0.8722922423559243	0.01348836433704543	0.00842377730654382	98.3884587531204	0
0.5922236639084274	0.39576554460453134	0.010863787575945303	0.009652060480030209	98.99149494343106	0
0.4164136577286535	0.49289701821413934	0.004317597826392738	0.007880096529731992	99.07849162970109	0
0.34759882572483897	0.5515595260514405	0.001825504625855981	0.012180967578040191	99.08683517601982	0
1.330228557082653	1.245312927262399	0.004038126876158689	0.03607163390934494	97.38434875486945	0
1.1222155014901027	0.5992225538650922	0.0037864865247614577	0.019964165424869337	98.25481129269518	0
1.2646337560418481	1.1079787808682735	0.01697590525558728	0.018614149305175062	97.59179740852912	0
2.299051256776914	0.9501718893918052	0.0018808095680480717	0.007908277398377619	96.74098776686485	0
23.127730477793346	4.301122439818231	0.0063118035895651835	0.01839884070019767	72.54643643809867	0
43.55612010139942	1.9672573690374304	0.002947028123814747	0.06556413377287622	54.408111367666464	0
61.76506776400327	7.404140707690275	0.0024619508256301745	0.10167271768337384	30.72665685979744	1
63.310989034713394	14.694171006175068	0.006249872579690979	0.9532803572761721	21.035309729255687	1
47.80754941259827	37.891100469863595	0.00850797911598814	1.127272747052146	13.165569391370003	1
0.4273637107233711	1.0015306163025537	0.0058109529288940765	0.05863062516011776	98.50666409488505	0
33.543238142036245	15.005571273240367	0.016150914150880057	0.5856768226704103	50.8493628479021	0
27.646825806729886	52.61333863764685	0.013587165776815095	0.9539845088040846	18.772263881042356	2
23.19060887774582	51.473236547104975	0.07285278486107034	0.48159126056242907	24.781710529725707	2
32.02448932648854	33.818922993480676	0.056565704361462264	0.8011465803559212	33.2988753953134	2
10.789986619172357	56.145139609313674	0.09610976897827934	0.4307758212823579	32.537988181253326	2
1.2300513490673	4.571743739771256	0.09400656877015849	0.03115613244451998	94.07304220994678	0
33.43875157703929	44.62193050530023	0.11496955778663685	0.27590225327779544	21.548446106596046	2
31.169711790893857	45.1032196069932	0.16799649109892	0.2904561296778454	23.268615981336175	2
32.754328465882836	42.447564746530475	0.08416192282504736	0.21278222672843228	24.5011626380332	2
24.347453786131634	61.74356237245588	0.08873894942840463	0.3358298660339738	13.484415025950119	2
31.638853765786827	41.33266698254357	0.174552447597866	0.28330868011344146	26.570618123958305	2
25.572717195959388	45.59510952910873	0.28466059394824633	0.21912258170330598	28.32839009928032	2
37.56609231819777	43.7755981319868	0.20188803554414175	0.23237652717121504	18.224044987100072	2
29.465439472512823	61.213691128488755	0.21465199416603095	0.20056929637229812	8.905648108460088	2
12.154138997216075	82.80079330710619	0.5697389015872768	0.14409842786037316	4.331230366230098	2
14.336572533589612	71.18950314853319	0.36023584616481713	1.3003727332783648	12.813315738434023	2
12.262998069721212	79.39376504225729	0.15453350015120818	0.5614736819377287	7.627229705932578	2
4.842817316361334	87.56626882530433	2.674372918090525	0.18761023305966656	4.728930707184153	2
3.154014470539507	87.90267115415239	5.881131182449828	0.10992551550272814	2.9522576773555524	2
3.147119767194044	89.18045331174008	3.5773934221913066	0.01812547287320587	4.07690802600135	2
5.608055461358527	89.97151380289709	1.6127636137140449	0.015617777983960635	2.79204934404639	2
1.8421812549191512	92.09285413878531	4.40317892987474	0.006935016975640077	1.6548506594451642	2
1.139921321277586	93.82342962223345	3.667947280939466	0.006002090561121979	1.362699684988383	2
0.9254981267020982	81.29755225296105	16.356986876921756	0.006204141415507689	1.4137586019995962	2
3.165164074752484	92.20669784242276	1.0974358045819694	0.013533806252810811	3.517168471989992	2
1.1042533883967829	91.33042694595959	4.9734963261765515	0.005043420526594252	2.586779918940481	2
5.477495245736424	86.99065227702455	0.6712184297493882	0.01018160850942607	6.850452438980232	2
2.15824080807168	91.21808794221363	4.848954569182641	0.007766929099418616	1.766949751432643	2
1.1094209236267012	87.15765488352768	10.508266476127854	0.004614773238765861	1.2200429434789983	2
0.35553419194234703	50.321224100377826	48.319303528757644	0.004359266020477476	0.9995789129017092	2
0.8913906409069576	82.38069248302938	14.446585708426671	0.006523662637527445	2.2748075049994583	2
1.4085585034290948	90.48872059038776	5.983585208014781	0.007945687043130388	2.1111900111252253	2
0.31500639268545777	44.68070365092561	53.89384716254049	0.0030479118801586555	1.1073948819682928	3
0.4666373048715952	59.21575725855098	38.227297157301244	0.0038251270970457896	2.086483152179128	2
0.6203026871633097	76.4256411753361	21.171865818772854	0.0046893776357307656	1.7775009410919966	2
0.07946847287616753	19.39091612306068	79.86162114863485	0.0015713245682616517	0.6664229308600276	3
0.1101620154881863	30.00128979422015	69.10015685418259	0.0026124070124227392	0.7857789290966434	3
0.040789591586362	10.352026103367205	89.31599596408104	0.0012862183533340326	0.28990212261207354	3
0.2993313483084683	52.260036910789175	46.673349532636024	0.00562995198686533	0.7616522562794656	2
0.559687201396659	18.783360916333145	55.01749281762977	0.005869006214647535	25.633590058425774	3
7.709304734405007	58.46545549688007	0.2705678905232942	0.020573471428768073	33.53409840676286	2
3.479730505361901	94.16293019309663	0.44317096339317635	0.0642258297522912	1.849942508396007	2
1.0177136366926636	97.05402353819194	1.4593118378106973	0.053864896883653646	0.4150860904210305	2
0.26100130872569904	94.28464869467207	4.99338455147405	0.04653612662830771	0.4144293184998687	2
0.03211500687768889	18.656367225406004	81.17939800411564	0.007984720854955565	0.12413504274571208	3
0.0657687010760499	56.539637079957025	43.18669184516047	0.014978524660502134	0.19292384914596153	2
0.14655944317031594	77.03001695247822	20.324065601187517	0.015612814097927844	2.4837451890660325	2
0.036446527197546305	15.638340331026207	84.14818415030834	0.005130349552660858	0.17189864191526538	3
0.05283990274301648	35.67621560583807	64.05306495056207	0.006644915300708661	0.21123462555613812	3
0.007683224464786785	5.556071119097763	94.39092619793229	0.0015405411759291782	0.043778917329232225	3
0.008331101231871234	2.035176332217746	97.93944479687543	0.0020830954270918936	0.014964674247848744	3
0.007866427681865866	2.992659897423187	96.96697425393131	0.0015574171743360798	0.03094200378929879	3
0.04452149890512335	22.779633140046045	76.90029412908608	0.004396186156057077	0.27115504580669697	3
0.013998890436528128	5.915331371352781	93.93653575905316	0.0025251845545228653	0.13160879460300806	3
0.012825465564799663	2.823152792308425	97.13546016440195	0.002420827127461044	0.026140750597368603	3
0.012257427885463412	7.139416507723335	92.73771491535624	0.001935781247203754	0.10867536778776724	3
0.010898864923771984	3.991261606878349	95.95988104237665	0.0011336545765514815	0.03682483124468137	3
0.016060452527137812	9.430731008131586	90.48670369424366	0.0016007487634712412	0.06490409633415335	3
0.0038057012784283592	1.1742823104947737	98.1866742460307	0.6198015678560098	0.015436174340076044	3
0.037081134069343775	19.924698941629593	79.95439715933647	0.002071013694510401	0.08175175127007538	3
0.011502052696591875	3.918261568553489	95.96746745516876	0.0011333510142338633	0.10163557256692135	3
0.01777400159561456	8.08925115920676	91.82066399524747	0.0019784719480061106	0.07033237200213693	3
0.019377430279787923	4.927560936430235	95.01235827763884	0.0010516820903786323	0.039651673560756315	3
0.22623455147900307	62.826211089605266	35.40986287482661	0.0026441844395648116	1.5350472996495657	2
0.717439113624372	90.25162714857386	8.02835528831297	0.00411858238964906	0.998459867099157	2
0.24687341871154825	81.83134471581268	17.46341769446408	0.006013812636194202	0.45235035837550874	2
0.16343035084232344	89.57980322468333	9.712131198622005	0.007881495365951941	0.5367537304863985	2
0.10793554056213042	79.87444892002434	19.09895924452738	0.004993994432922016	0.9136623004532529	2
0.18094940804181234	74.69164920334474	24.457944998414423	0.006779331415274614	0.6626770587837576	2
0.23082098376512866	81.17625517574615	17.327535015977666	0.010807462923316717	1.2545813615877508	2
0.12070111350257103	36.38252132877664	62.986285834986845	0.009691498954131168	0.5008002237798117	3
1.3068834125339286	6.185123666590164	1.058059139469572	0.006920242518502239	91.44301353888781	0
3.4504122703633198	26.881210089234976	0.2865561223157786	0.008829371988918927	69.37299214609702	0
3.6447524712247352	82.52651291607526	0.17477119660626877	0.01534161849122774	13.638621797602504	2
9.717141273536972	84.22598735002357	0.36353676005703417	0.008701314879338612	5.684633301503092	2
3.755066576262537	89.69318584511788	1.1759210129682214	0.008479473468199423	5.367347092183157	2
1.1099297400474766	82.158781099075	13.034593118082116	0.011365886594420579	3.685330156200987	2
1.5017148224990164	82.46734484681572	11.47062709578629	0.01207068546790137	4.548242549431076	2
1.3832506097700672	85.09765767353224	8.379838355549426	0.00839150558185487	5.130861855566425	2
0.2528574268908446	38.26632229541112	58.85951321073737	0.006456434597954838	2.6148506323627148	3
0.12141242100042514	38.6177828255357	58.524882331447756	0.0059985965195954736	2.7299238254965363	3
0.1502781098427541	31.547798220165568	67.05391767815976	0.005421632479008839	1.2425843593529056	3
0.09315752010062196	17.505920467971702	81.24451726274462	0.0025577622028022905	1.153846986980254	3
0.057786209454406025	15.202221945072388	83.83837858287472	0.002561196686307265	0.89905206591215	3
0.013041279356923525	3.96155036686449	95.85454636666807	0.001211059162550613	0.16965092794795716	3
0.1532163231855435	26.721866806004442	72.14161259514768	0.006676680780933823	0.9766275948814086	3
0.0703348169539006	9.851686436617738	89.63543867717038	0.005224873705816665	0.4373151955521691	3
0.10589203532094912	6.711088935382878	92.89370984203967	0.004342250455095284	0.28496693680141094	3
3.879021824943443	62.414158701483736	14.688491615100085	0.09656559471178144	18.921762263760968	2
7.922700832668875	73.09798725895132	4.868486408107585	0.26617664969176624	13.844648850580443	2
12.98791592469058	37.98909401255753	0.4840487138804688	0.652388506959842	47.88655284191158	0
17.74174904785352	68.11707545780598	0.4510985357201905	0.8169095095801376	12.873167449040166	2
12.879359186943695	67.5398417385204	0.9294651995618318	0.597457174643047	18.05387670033103	2
7.814037192091456	64.64309395816127	13.53641247598206	0.47609122726434094	13.530365146500884	2
4.233550723913149	39.99398438333589	51.456664666939304	0.3117309491271304	4.004069276684518	3
2.5837245934577227	32.65984502395079	61.073286410334745	0.19402689868020037	3.4891170735765433	3
0.7661307379164646	21.883087210314688	74.7362329117771	0.046709857551372115	2.567839282440359	3
0.11202065680838999	7.4818991862197715	91.50425674053713	0.01685028089452296	0.8849731355402031	3
0.22506313091910038	17.22063099711388	82.0283505379972	0.058647247835009075	0.4673080861348003	3
1.6862226486310898	37.214977206514696	12.831486630235373	0.09154142538079543	48.17577208923803	0
4.985759787779036	58.92263741546112	3.0575947387539433	0.230092097233847	32.803915960772045	2
14.23128037189301	56.59456850366718	0.36520998581893965	0.5414116299579361	28.267529508662935	2
20.20590977464065	71.94374253067512	0.8082735051871536	0.5796533732501309	6.462420816246955	2
9.711662105305871	74.95744401602114	7.966957738942939	0.4685837171543976	6.895352422575647	2
1.0362264412919424	51.10069017799906	45.66638088119517	0.19270887262438496	2.0039936268894407	2
1.0869728284885454	73.91509975697109	22.09683386449731	0.2246360084472461	2.6764575415958025	2
0.5788235251927416	46.47027289633872	51.55469990413329	0.13730449769523298	1.2588991766400253	3
0.15321260940301767	19.527025479339724	79.5027477010945	0.11183543079713278	0.7051787793656352	3
0.22421078625081653	25.088746775907794	73.58523475776117	0.08746831091081955	1.0143393691694016	3
2.5515656177325616	82.27354072683835	7.961596640571983	0.28347904520065437	6.929817969656452	2
0.5179041237657914	42.22829397948563	55.8247146789078	0.18652545186962685	1.2425617659711397	3
0.1953460999803574	11.264278415185917	86.26318902121068	0.080684973908862	2.19650148971417	3
3.371770355560662	13.437552250716736	0.8983429177655865	0.19746018134037002	82.09487429461663	0
4.8832800137041135	3.6192319325159863	0.07263223153830731	0.15154606749416827	91.27330975474742	0
51.08047429655521	11.053147102902525	0.06569629280639425	0.3248574675437847	37.47582484019209	1
4.805058914400844	5.224689942946601	0.19911617227582756	0.10761735054966039	89.66351761982706	0
47.61655796336301	42.957833481475284	0.036092673598491776	0.1658440439024933	9.223671837660739	1
18.649565455951166	16.254507251214662	0.01583115389853615	0.09182328316148756	64.98827285577414	0
50.88441079665931	45.89121315914223	0.04655020570710298	0.24129703419439363	2.936528804296968	1
7.750451512547339	90.86024099218125	0.13825305874927882	0.12658990705939685	1.1244645294627524	2
1.9604187010572611	97.01491032009963	0.22991887599407385	0.027787508031195892	0.7669645948178283	2
0.8189994218930173	98.71160074177388	0.14170788589863872	0.02363480997811335	0.3040571404563605	2
0.3904292391873311	96.36666403344945	2.9880375681146787	0.00986732240371148	0.24500183684480983	2
0.2549881596139553	78.38238587370739	21.094249632957723	0.0028192499559419955	0.2655570837649916	2
0.27564441904506554	93.27267965214804	6.091647517897894	0.007343668333458135	0.35268474257552623	2
0.0334911096119649	44.74072598924998	55.08168258679328	0.0021683415589104074	0.14193197278586703	3
0.03356941336250585	25.942488147332643	73.8987935405405	0.0024634621619485228	0.12268543660240663	3
0.11983049750459653	92.64668467462039	7.078920121464305	0.007058054147799072	0.14750665226292456	2
0.020967880250383385	7.303003738581003	92.62941061811718	0.0014350875549663706	0.04518267549645531	3
0.03485834292762594	25.157978142791844	74.69425283550845	0.0021130618377354898	0.11079761693434916	3
0.01868955793644797	8.467090506444007	91.45914933529296	0.0016483113720530938	0.053422288954533596	3
0.046686645509680706	34.97085769619673	64.89133756752602	0.002120194944259135	0.08899789582331638	3
0.014717515475481136	7.154485355316541	92.77056299596072	0.0012853333351447167	0.05894879991214379	3
0.061513581142447184	82.55811372041111	17.126026351480967	0.03709942301912847	0.21724692394631487	2
0.036415310912969234	32.662034551895424	67.10856114872651	0.002701861411906408	0.1902871270532038	3
0.03815178753401258	36.38240208527318	63.455457523345885	0.0022469265838487053	0.12174167726308013	3
0.0280721654007657	24.73934162524619	75.17539087015935	0.0022871755537397075	0.054908163639951456	3
0.09011033574982565	59.22150969818484	40.594228733778806	0.0062897672672102755	0.08786146501933394	2
0.022543291514816044	19.865286932906777	80.0363831361034	0.002529378731723652	0.07325726074328501	3
0.01564098328463412	7.945814057489785	91.97602547399802	0.001836964253311696	0.060682520974220326	3
0.007844311109578192	5.69570255564393	94.23702466620483	0.0028319335382703437	0.05659653350340972	3
0.010850140433803642	11.093958187809193	88.71813803925424	0.09346935098354268	0.08358428151923226	3
0.08615459711888059	63.649562324727505	35.85423217341664	0.07242246632481697	0.33762843841216	2
0.14985644117820643	91.33342533182483	7.39727533285241	0.21901460480948906	0.9004282893350772	2
0.08439684105180585	75.20291074499028	24.151362443182705	0.19245543293947226	0.3688745378357519	2
0.1855961272015129	96.07100244323452	2.327529730712766	0.864636580705332	0.5512351181458625	2
0.14508845200647968	84.16503927418125	14.364672195613535	0.9380704792226203	0.3871295989761247	2
0.23020968604750544	95.42460247157722	2.539062245821221	1.340976699933535	0.4651488966205205	2
0.47592975652449393	92.17193288166996	1.9186962339382787	4.658271395047124	0.7751697328201549	2
1.0383954727470734	88.56754872146355	0.3672482134143297	8.79082118961692	1.2359864027581242	2
2.677897072924676	6.9527213306940086	0.352181690931529	0.6302621714454266	89.38693773400436	0
23.37285838637205	11.030381255359323	0.013767625373406072	2.7182780646401303	62.86471466825508	0
23.29324143251929	64.41815219227733	0.07117552075013452	6.202171506708247	6.015259347744998	2
3.4450538417320873	93.77415249690479	0.15877905167966608	2.1857824390954788	0.4362321705879613	2
3.2291397312272965	90.99888431207005	0.03610034865078269	4.639306370708206	1.0965692373436695	2
2.599474868182799	84.64598414886878	0.0237854985095412	9.208536744066695	3.5222187403721787	2
1.6106777210223115	88.36656766756532	0.011544599861022546	9.410498708470653	0.6007113030806934	2
5.999058841333238	83.7556437204196	0.028548392872722896	7.256099289773628	2.9606497556008042	2
4.07370339651527	85.08018443707624	0.1690852422359702	9.674773668723853	1.002253255448656	2
3.8186959265304354	73.14409912525757	0.008623417782402762	21.24871614707586	1.7798653833537392	2
8.602181443152757	64.90655031660498	0.024594406670348512	23.826946772583803	2.639727060988111	2
2.556502928697761	63.151092714071076	0.04679090451117967	33.38549997785103	0.8601134748689523	2
0.8872726423530191	16.286378701232884	0.024418523386819217	82.45382348190653	0.34810665112075106	4
7.6554178484239515	34.70805782819739	0.125578125381702	13.100561370590578	44.410384827406375	0
0.5902321916379532	0.6427237296408111	0.01997027350643805	0.1469111708157126	98.60016263439908	0
2.0247671381315344	0.8447410964969115	0.0016535512166823657	0.13514619280203438	96.99369202135284	0
34.15973713745472	29.817535285754005	0.006524397551593935	1.2224926588496166	34.79371052039007	0
0.6586062755656586	0.537049087434351	0.037338895141918044	0.04140820880962389	98.72559753304844	0
0.6352120378968352	0.4078087454669165	0.010614743196099083	0.029871876681873955	98.91649259675829	0
0.3997143217843454	0.28197686293450286	0.0069051800561874795	0.01855551104810753	99.29284812417686	0
0.39333643003136626	0.33853941220745004	0.02295570021088235	0.011265140723376862	99.23390331682694	0
0.6956165702698155	0.44012308203662315	0.029348571231728404	0.008747599691640476	98.82616417677019	0
0.14812605401924234	0.2312359716930988	0.008039942158847048	0.0022652757667738317	99.61033275636203	0
0.04601606647331871	0.13162169886203148	0.027056373875108935	0.0031781355963996314	99.79212772519314	0
0.572540498686342	0.3635627439952393	0.05098714208767196	0.004631686681380809	99.00827792854938	0
0.6433820301959268	0.8116331081405322	0.054305768611552084	0.005358023983854125	98.48532106906812	0
2.109690637815327	0.558302724013987	0.010918663691629605	0.018865720470398282	97.30222225400867	0
0.4642062422613329	0.29771919026884375	0.01495895454693411	0.004572514155334141	99.21854309876755	0
0.7833389058658746	0.41801479060166413	0.0038215079839741756	0.00804732484582213	98.78677747070266	0
0.8024758006435593	1.225802502558012	0.01148350725581067	0.009270271312883759	97.95096791822974	0
0.6583391654673634	0.5689853072684712	0.020178130144322005	0.006098252294181651	98.74639914482567	0
0.8668258268502517	0.7476445670806227	0.09277788770849497	0.013909354234932695	98.27884236412571	0
0.9532458271390641	0.45450807970915985	0.006456032210625533	0.0093355454390908	98.57645451550205	0
0.9981597234904944	0.39262199004526194	0.0017005778466032738	0.019109033530357776	98.58840867508728	0
0.5692222806566282	0.21047447025667443	0.002305398248750036	0.012844872643680928	99.20515297819425	0
1.6324607724578493	0.6304859026894206	0.004117693819727497	0.009898012094973417	97.72303761893802	0
0.4792570547262967	0.41728792688437066	0.005626799195336768	0.024470649691022257	99.07335756950296	0
0.10381741109006672	0.2789166510695897	0.012327392616283387	0.012081020927203229	99.59285752429686	0
0.5248905296070302	0.6079392225936565	0.035517797015103963	0.011866277800748854	98.81978617298347	0
1.982318756198591	1.264597571053867	0.01074781382297918	0.013666059585538019	96.72866979933902	0
0.6619945993165361	1.448933978911602	0.023703308749124605	0.016663258975346307	97.8487048540474	0
1.4892273819489863	1.2550916190320143	0.013603713270876814	0.01371740707992099	97.22835987866821	0
0.9720558448553401	1.0070901112725366	0.009408902877152445	0.013769297481029208	97.99767584351396	0
2.515106048822038	0.4205562076861209	0.0017412772934040368	0.005126760851400913	97.05746970534703	0
3.454709096999651	1.1888210040048732	0.006690690169340456	0.027300708508461027	95.32247850031767	0
0.3965249173492065	0.6413691946908604	0.020410923069543778	0.007594882568173974	98.93410008232222	0
0.4595361326727646	0.3551680874827894	0.002335900369764863	0.010031298163674474	99.17292858131101	0
1.9980859344063728	0.2951926663429474	0.0006047452654866784	0.009837822402196215	97.696278831583	0
1.384328561875989	0.20095013777557308	0.0006486028389994633	0.010947114144775913	98.40312558336466	0
1.6843235459885544	0.5354616804047626	0.0015112115470187289	0.010662541940168913	97.7680410201195	0
4.691770111620314	1.5114150288569175	0.005284600438469371	0.0208763973686989	93.77065386171562	0
1.2466589186848323	1.1496500151628382	0.010168326871085867	0.024187134520791544	97.56933560476045	0
1.4109941115079658	1.00509498639417	0.008394893910857525	0.012139453398611938	97.5633765547884	0
1.0166093612649532	0.5877833631002056	0.022994400167559517	0.013369454322748964	98.35924342114455	0
0.7356526837576735	0.43114959477370524	0.008791629008068557	0.015504495569998184	98.80890159689055	0
1.5940785116313618	0.7859498739748569	0.004877560112873744	0.009200402621277075	97.60589365165964	0
1.2865022789968172	0.9755054822649912	0.0032547960991399756	0.008855257498126672	97.72588218514092	0
1.3512543324899244	0.4297624336034046	0.0007504254839982092	0.008227823265275946	98.21000498515738	0
2.0347398588212537	1.5715315245543144	0.004397500763772151	0.018930559795926127	96.37040055606472	0
0.5171595217996927	0.3068219369149744	0.0071026607119773965	0.014683443426083654	99.15423243714727	0
1.157428716732656	0.7091382733155027	0.006115002817018076	0.014274723573411455	98.11304328356141	0
0.22633618423524093	0.2698031347297204	0.006237053722630877	0.013287632520404989	99.48433599479199	0
0.5997434618900072	0.45574000177513463	0.0006111429224580849	0.011022563407170439	98.93288283000523	0
1.797116700004187	0.8703730312791672	0.0012009851019428976	0.048764931258797495	97.2825443523559	0
3.0045893742494956	0.627340016274524	0.0009281596887975184	0.05617179092268888	96.31097065886448	0
2.7432857639685007	1.81417170313918	0.0007631985615851291	0.07374874742710166	95.36803058690363	0
1.1952533383861565	2.366566162574875	0.10432153650178906	0.16322361771730948	96.17063534481987	0
1.2687399089198441	0.5841587286514988	0.04817044425596625	0.04783140697976213	98.05109951119292	0
1.200874459337941	0.6340972328146074	0.010473098123656306	0.02940733735927224	98.12514787236452	0
1.4831799848588976	0.6139167279217334	0.0012447378731276703	0.011810855022008921	97.88984769432425	0
0.9853498176903026	1.754197103903659	0.02569834244496543	0.047746587986028655	97.18700814797504	0
0.718132159559688	0.3352056519778849	0.0017480607216699118	0.008698340650868512	98.93621578708989	0
10.811895281667153	0.84901469817388	0.002504768472683413	0.003448553245309405	88.33313669844097	0
10.875984748243148	1.059228659103096	0.000869981143080405	0.009276898624628174	88.05463971288604	0
55.98744846298845	13.623561760529213	0.0028239222168038526	0.20958192689960195	30.176583927365925	1
73.72048077266471	14.153255885394413	0.005267194697965589	0.5217598932911233	11.599236253951764	1
59.107547102123114	35.55059083016523	0.006735088418507184	0.7018970265083968	4.633229952784775	1
8.772988227420573	89.60865845387667	0.024726665706963694	0.5046645706698084	1.0889620823259771	2
11.173967122099073	85.30973184216748	0.027997552377062748	1.0150743559813298	2.4732291273750358	2
7.3669419354036645	88.859085311832	0.06521153279834076	1.6347025403383189	2.0740586796276927	2
1.8681331170050934	5.382210777050118	0.02554554456778285	0.16743478732561753	92.5566757740514	0
46.45800897724202	31.82544793539657	0.01000445138249719	1.739364534369516	19.967174101609398	1
20.61726914662991	70.4887079913865	0.03237879657569458	1.9493151718632207	6.912328893544658	2
13.360296808729702	5.165644501101425	0.029681562997869056	0.2152113583149956	81.229165768856	0
55.78688197812889	32.42001643123587	0.008511530309987646	9.016384027912347	2.768206032412912	1
21.02108116026748	75.35695097375559	0.022487344601683765	2.868267413042808	0.7312131083324265	2
3.885226188410821	94.20807970566175	0.3636962488347005	0.7005172912655203	0.8424805658272225	2
10.075317538877483	84.9614283090845	0.040567320578575955	3.013256475446782	1.9094303560126393	2
1.6557114311944758	97.56125343918363	0.030885915143711612	0.4645919588698326	0.28755725560835316	2
0.9613730545676673	98.54292492345714	0.01882285239232119	0.29261681972835085	0.18426234985452009	2
2.7138362078223	96.27660282999835	0.04556151379733676	0.4484155888218535	0.5155838595601505	2
1.791701339051229	96.96301720660057	0.038628615749595925	0.6359780600929352	0.5706747785056767	2
0.786679303603418	98.42735160312556	0.08894412870458591	0.3826467801129244	0.31437818445349186	2
0.9164308802680154	98.00294572666212	0.049930048479459144	0.5800452831357937	0.45064806145460445	2
0.3897557818976965	98.78679144880135	0.08803313670751735	0.27716938805616353	0.4582502445372715	2
6.534286734326505	63.90554591913412	0.4106617327293827	0.9427726918135916	28.2067329219964	2
19.750985696477535	20.618852315943116	0.10006551192757879	0.7838232165937103	58.74627325905807	0
16.003562757194423	21.612501377668725	0.031175350906938095	0.570492452505004	61.782268061724906	0
21.550383967726333	74.0197785737309	0.0428322986123632	1.4178461934282234	2.9691589665021887	2
7.554945106368568	90.60445382174963	0.03618117379540936	0.3714496263466334	1.432970271739779	2
23.056401734692592	73.9646983416079	0.0025680389571363874	0.7090243997459117	2.2673074849964383	2
7.021526839352209	89.63268607678498	0.016990461029872058	0.9078478161660617	2.420948806666886	2
4.749732286035812	91.86656513586485	0.019259203673997607	1.6020165287451145	1.7624268456802057	2
2.328804759727442	95.80214498130744	0.016761002503219796	0.6142213623305444	1.2380678941313565	2
2.364848697420476	95.93462881604839	0.02939651260709312	0.6060387376463294	1.0650872362777275	2
0.8619680156495712	97.88373185060692	0.13298657669592256	0.29680817385396485	0.8245053831936133	2
0.6323183667980167	97.90176008122876	0.5170936574456003	0.19524010709788472	0.7535877874297486	2
2.5569149440559724	9.613220508005682	0.28461856065216495	0.10944688047367926	87.4357991068125	0
22.634781908550053	18.702682239425357	0.010104655926938017	0.19560783473747367	58.45682336136018	0
36.540518159228995	56.633067087404264	0.019409092144361425	0.20922800869070607	6.597777652531659	2
40.469178696058975	21.729574619563724	0.14935613556966001	0.10790472320404572	37.54398582560361	1
28.8061365981802	58.34331733247479	0.024676809411679077	0.19880117394725697	12.627068085986076	2
10.701547466819738	86.03179839211761	0.01746850598876566	0.18543605942167585	3.063749575652212	2
6.121177601530581	91.09925992697849	0.1436500886112392	0.09686890239729253	2.5390434804823765	2
3.420204359605932	95.14823253336685	0.08416651415268264	0.10067916922065744	1.2467174236538736	2
2.5979265729959335	96.04864282815765	0.06839332026369993	0.08050200360521809	1.2045352749775067	2
1.7816666080032975	95.26890130979174	0.11450827310703626	0.07091576771286963	2.7640080413850514	2
1.4202107126319505	96.77638296168531	0.2622837763946622	0.088331384847156	1.4527911644409113	2
0.6627542396866384	94.46012772439312	3.4884120629830857	0.06002745262414804	1.3286785203130187	2
2.7991905802115977	94.01872622420633	1.863610344599138	0.05897310320096451	1.2594997477819638	2
4.303377148456286	23.015474878629494	2.0425549170251007	0.030947940598224036	70.6076451152909	0
3.2988564118088455	6.74321936443982	0.26722655860580746	0.029896890848274946	89.66080077429724	0
64.37677544919886	22.3695121571943	0.07201793227619671	0.20408304301819932	12.97761141831244	1
35.06671544366648	60.819408275165145	0.16137772002731693	0.2108478140404509	3.741650747100584	2
15.742216879378597	82.35132782772826	0.10672523478517142	0.46730078429605904	1.3324292738119132	2
1.1545575136794886	96.7627904703269	0.8922381149742602	0.24868340148203041	0.9417304995372822	2
0.6420344756262133	93.0035216656059	4.0808311926203364	0.4693741400316633	1.8042385261158624	2
4.590329412933873	10.41552166985362	0.5490912328115808	0.204522307644689	84.24053537675624	0
2.031075603731015	3.4940189978021237	0.04787448704006623	0.06481838254141833	94.36221252888537	0
18.04051879233596	6.169810201081423	0.045504246291492315	0.12114743938697106	75.62301932090416	0
68.07273125862577	30.398248742470663	0.00035881669368468806	0.4189612897786427	1.1096998924312496	1
22.33783084137344	76.26317035937446	0.045110295756744266	0.6456243871173204	0.7082641163780464	2
1.1819926426791418	97.41156117329123	0.11909862307370216	0.8092906590906997	0.47805690186520894	2
13.100334819258967	74.5196306940579	0.09747403511908809	0.7875364463565074	11.495024005207547	2
17.52024985759448	78.35522257596193	0.009836108590760553	1.703319619861277	2.4113718379915365	2
0.31134654079257196	98.91965726294299	0.24193546738967797	0.23799778739694105	0.28906294147781675	2
4.864300292435213	92.33846265937119	0.11221475119601618	0.26765042204984374	2.417371874947725	2
0.5125808118191305	99.02614806183875	0.043003465623325174	0.1688497890915796	0.2494178716272073	2
0.5932724617265444	98.93463161665598	0.03561073330510174	0.3168250831716847	0.11966010514069343	2
0.9496912972318047	97.70492353187501	0.46684858825651865	0.1664980951639195	0.7120384874727407	2
6.998526801283134	87.41886349228038	0.027518277965733397	0.7826993480363595	4.772392080434391	2
0.7711915463583244	98.77260235695738	0.017693248352291496	0.26905523700555234	0.16945761132647355	2
0.2153539740068192	99.37070691188089	0.1791220184008675	0.06508806104118486	0.1697290346702517	2
0.7020546814518259	98.51792784287589	0.045816615484665583	0.4374504309525493	0.2967504292350759	2
1.8392321104920117	90.11685048460872	0.46525669811545	1.0702543376982705	6.508406369085547	2
2.4891304523916014	2.6671098236416424	0.12703024940074237	0.09709329868759851	94.61963617587841	0
37.514767767739485	53.295430664189084	0.042880362673426126	1.323698562955859	7.823222642442157	2
32.07757578763775	65.22425700043406	0.02299131640524879	0.29096801637989206	2.3842078791430357	2
25.995477672880806	72.51951832573957	0.028629794945848334	0.2961610210331226	1.160213185400654	2
7.874149884252835	90.53184989256121	0.09515839244059514	0.3096173747352369	1.1892244560101	2
8.673696126482183	89.29595549991491	0.07180756425998204	0.7576322098776854	1.2009085994652249	2
0.8794244624383009	97.78274434170896	0.46289494008132803	0.3585668990903553	0.5163693566810771	2
0.4584917529621822	97.65463651805881	0.630572830047236	0.7722847087364443	0.4840141901953202	2
4.467385047089247	63.28043753955333	2.5830047862724337	0.4946638382710658	29.174508788813924	2
6.340125440659058	83.61395324271771	0.2671225622976602	0.21701931872202518	9.561779435603542	2
8.309854503995801	89.09320594863975	0.011040890245684441	1.7093284274559206	0.8765702296628647	2
3.1097707675955286	95.33790178517621	0.09224096898746185	0.2506608995793603	1.2094255786614376	2
5.220162165208906	92.09805373938954	0.16599823819388668	0.59203099002086	1.9237548671867764	2
2.2572356306415924	96.4136391471282	0.09991937087528767	0.23627860572374665	0.9929272456311783	2
0.7082011457355362	98.51127411502026	0.12197896169718729	0.21922498880014565	0.4393207887468862	2
8.093184245091376	90.30634001737704	0.11843528937021544	0.3023522460009931	1.1796882021603776	2
1.4357057389233516	98.10929916624104	0.03287235574214703	0.13124012022216003	0.2908826188713032	2
0.49003480952087963	98.96380603325416	0.07288860380380623	0.08639561522009859	0.3868749382010665	2
0.9050732993249334	98.35442349192708	0.016234087867076957	0.08986492072834587	0.6344042001525756	2
0.5476384783684092	98.95758511664742	0.06148899605700224	0.07462306707216572	0.3586643418549874	2
0.9109435999826014	98.55259631194156	0.12706869926458952	0.04613803172916507	0.3632533570821105	2
8.407542093206082	86.48235412758876	0.09790546613668653	0.11393590206472434	4.898262411003737	2
1.509064829163116	97.36357188847005	0.11007368881832233	0.11660709333899195	0.9006825002095314	2
0.8345081133589562	98.71403171461483	0.09274940458054433	0.0825647763469344	0.2761459910987034	2
0.2946971221009346	98.5057012359259	0.5793776537502776	0.09557310624959063	0.5246508819733096	2
0.7293879811839793	98.54577226418743	0.1716625613711642	0.12875595870467574	0.42442123455274405	2
0.8368580656730675	98.52549680548665	0.07759060760001109	0.05024337581517511	0.5098111454250925	2
0.2862212228074981	99.18750376923116	0.12024333776139869	0.03286606605148655	0.3731656041484716	2
0.13921723327927116	99.63839427140279	0.0735850972659783	0.0547012502401838	0.09410214781180475	2
0.4612904992246059	98.65336410752899	0.20710678060386167	0.22122069419740334	0.45701791844515466	2
0.5164401487116421	98.94422872663824	0.018676469563852095	0.32886058263707973	0.19179407244916863	2
1.6268730577709927	96.79299615786151	0.09883164224959443	0.6026413472171511	0.8786577949007218	2
0.3191737593352547	98.75785469931618	0.10158697731811378	0.5947853645278498	0.22659919950258847	2
0.372763493616274	97.66102000709489	0.045051639268233745	1.7086661490048685	0.21249871101571613	2
1.2276867421123832	94.23254672377985	0.2373337167108163	3.5947020340441704	0.7077307833527812	2
1.6098957662924605	5.1260481923318615	0.12892521708229002	0.7134292012255483	92.42170162306783	0
15.984430735839283	44.69882847064071	0.004123876336011926	35.43203666630823	3.880580250875775	2
7.567998027691643	43.55748206783433	0.052222271816485116	46.955345988870725	1.866951643786798	4
14.89710334773886	54.795492185550806	0.04373046892571663	29.34246376601925	0.9212102317653573	2
11.959721255762608	35.16525033889991	0.11669622971465364	39.45731739719479	13.30101477842804	4
2.835205519229705	2.019690255027496	0.004869619290584803	2.6048084298138914	92.53542617663831	0
16.392256187460887	23.65502325318425	0.0005385340590984046	59.09077275342193	0.861409271873839	4
14.01750934283394	6.484043725936687	0.006893976322422885	16.209761670373773	63.28179128453317	0
40.14783535909302	20.99846956429624	0.008778413514922605	13.030076954426306	25.814839708669506	1
21.237703745260607	27.10472781096882	0.04554173499963308	27.827416949891138	23.784609758879803	4
50.14486267377664	23.031210523377556	0.0511123844424185	17.569979752572635	9.202834665830746	1
45.190620926067595	33.95468134656202	0.001052530248026662	15.992881494500761	4.860763702621607	1
17.117980468179322	56.46807705224294	0.005644600887987477	25.166667801904612	1.241630076785119	2
8.947232594739496	76.56817889993512	0.05633677958737639	13.021263568657057	1.4069881570809504	2
16.54410937008956	27.525874289255707	0.00468943607706313	25.35567455290445	30.569652351673227	0
10.484146230884228	26.134957479266312	0.014539848536027338	5.740731899371645	57.62562454194179	0
7.837190679040668	75.39255674224405	0.0001550234722517818	15.036858467355845	1.7332390878871764	2
16.504263131941656	7.48920308794085	0.007833049840662718	3.9154698654320343	72.08323086484478	0
30.561107642828116	10.107472494780469	0.009011499701746244	5.610336386178338	53.71207197651133	0
12.368500858399898	69.64963093068152	0.0019171001460891964	17.63340921934505	0.3465418914274413	2
15.302366746068008	36.20743755754409	0.018157396259112092	44.943734226698254	3.5283040734305526	4
3.007748891359911	82.24056347399144	0.0443026989485215	13.614813860008798	1.092571075691324	2
7.434043651043942	74.58419039406647	0.04253791637403514	17.158120165984762	0.7811078725307751	2
3.2818064821480926	78.98025326747575	0.062440532190452654	16.722178489066504	0.9533212291191889	2
5.151282031214348	72.3705260956878	0.01880318835796478	21.45349712360261	1.005891561137279	2
14.33616050247669	54.26406393622272	0.007036080439816059	19.20117009997345	12.191569380887335	2
11.805640486854367	74.19932974964365	0.039625282241173336	12.894905554454045	1.0604989268067662	2
17.705909140543618	21.49587399742146	0.004694470045324859	16.518615149438507	44.274907242551095	0
3.968392772299499	5.996038333275173	0.01425543052707548	1.9159540592532016	88.10535940464504	0
8.39750637763838	7.821317213861907	0.023078821050181435	7.722486897550833	76.03561068989869	0
9.896402604094865	4.901905617961763	0.0007946651989807138	2.143319313780238	83.05757779896416	0
1.4636246873508763	1.4687278404275672	0.026217361064020284	0.19900322689019706	96.84242688426735	0
0.3134471927416734	0.1682247204428248	0.014368574965514372	0.017629949581806865	99.4863295622682	0
0.27522573489368946	0.16792563817658243	0.002437179688897883	0.004725526454927478	99.54968592078589	0
0.6491580911051689	0.42235793260029797	0.0038180636615933396	0.0036152528344049408	98.92105065979855	0
0.43936063886699506	0.5606461775632017	0.013524549329021324	0.004797422516189074	98.98167121172459	0
0.15063685054290657	0.1258723786696203	0.010156081509337741	0.0031565312851771546	99.71017815799297	0
0.07227709004134664	0.16076531477194175	0.023690327501968995	0.004224199305879445	99.73904306837886	0
0.6320488939520702	0.3187564895001302	0.002455859885036977	0.029835622134470913	99.01690313452829	0
0.04337682199177893	0.038750421745383734	0.002383846526247302	0.008002569873566692	99.90748633986303	0
0.011333368090722136	0.01879063077563388	0.011651870770907385	0.0016456547472026653	99.95657847561554	0
0.010306325058825281	0.01813947296747053	0.007203284537805121	0.0010416342838251657	99.96330928315207	0
0.008748754835183363	0.01856385423735701	0.00539351964996818	0.0005743305020511927	99.96671954077544	0
0.011757155816034438	0.02059672921874781	0.004707776732991281	0.0004438782808331253	99.96249445995139	0
0.033223972548120796	0.15018826481683994	0.012398023826872906	0.0036204063367354603	99.80056933247144	0
0.046733226320233474	0.20261720064235667	0.017982680984842712	0.0028596358763437156	99.72980725617622	0
0.1569668870664251	0.34267617788099736	0.003296465038778023	0.011098267633125712	99.48596220238066	0
0.07496169912192822	0.2423228007302027	0.010499864556289052	0.004121508834265607	99.66809412675732	0
0.062424279000098455	0.15672800649959756	0.026847870534421163	0.0027872834903653796	99.75121256047554	0
0.046454764855021806	0.05761975189987972	0.007201076711648593	0.0036716651203794514	99.88505274141306	0
0.01547618379980472	0.018915888794070197	0.011062982186926031	0.0019432196774819583	99.95260172554173	0
0.008469872077244941	0.02996507512620136	0.009926003369458536	0.0011551263698507954	99.95048392305725	0
0.013905262907084007	0.05252570109924152	0.01998965709813565	0.004182348429267334	99.90939703046628	0
0.01791700587260159	0.0475219445447297	0.013603748548249379	0.0038693719615350963	99.91708792907288	0
0.04269726143650313	0.061949096643922064	0.003826436515929565	0.006178167712008964	99.88534903769163	0
0.1231745792386449	0.1534487676804707	0.00957741250835905	0.0517767221750547	99.66202251839748	0
1.1223492654098688	0.28769212395922955	0.011963367986124317	0.17786435266470926	98.40013088998006	0
0.47957376011570413	0.2204025337012913	0.0023722203103408697	0.3824198894488406	98.91523159642381	0
0.0913556041835368	0.14553372600551684	0.004629344456318915	0.051801962011144016	99.70667936334348	0
0.33840842068889293	0.19635266973705195	0.003683498910241031	0.0944451644881915	99.36711024617561	0
0.11136014886494192	0.1288267975517294	0.005750883945804202	0.021275564081357976	99.73278660555617	0
0.519010855871071	0.15670516589182268	0.0031000632121916715	0.020296694719260305	99.30088722030565	0
1.3045902888847278	0.18854590490363865	0.0008258375357612601	0.04442551537223147	98.46161245330364	0
0.1815226503328492	0.1315041350619625	0.0005169996275353703	0.007008915980228029	99.67944729899743	0
0.2837094541258127	0.15591948776661171	0.0028649974644086693	0.024093402519245615	99.53341265812392	0
0.4758532678781801	0.1954151755355457	0.0011266952339965951	0.04146181928647199	99.2861430420658	0
0.45212304088324423	0.09397118489124294	0.0004746855219888838	0.036743746799255746	99.41668734190428	0
0.042305590831180045	0.04855326464709039	0.0013984109290224572	0.005834623687819668	99.90190810990488	0
0.022677280600729783	0.048208984578418	0.006633650726841709	0.01483901957797054	99.90764106451603	0
0.01326537755262268	0.03914650445139643	0.003174090739563367	0.004110590639697312	99.94030343661672	0
0.03434371115071278	0.02975238763803391	0.002262607463438144	0.002988048248585045	99.93065324549923	0
0.0556468099651241	0.06851014235136448	0.009407775964905588	0.0035704963814839493	99.86286477533712	0
0.004931338358462758	0.016900859413430513	0.0032561402457096386	0.0009241720034284046	99.97398748997897	0
0.005876665763796542	0.060880324852545055	0.00901444820953822	0.0011331780745407012	99.9230953830996	0
0.02173752845379105	0.05679809917598605	0.004451489653455595	0.0017703194477622964	99.915242563269	0
0.051595520054624304	0.12474726914925202	0.0035972500417313577	0.00422770952796743	99.81583225122644	0
0.017226535130917178	0.025076310363792664	0.003665726203844781	0.005884682358835074	99.9481467459426	0
0.016435702747960003	0.08225437474157514	0.012752091888254755	0.004052362518574235	99.88450546810364	0
0.46732039521567	0.6314753949061396	0.007194967025522984	0.0649651831314227	98.82904405972126	0
0.4121154580248104	0.43219823025419735	0.004044314849012982	0.07381443027182066	99.07782756660015	0
0.09282580098457541	0.09564194439561678	0.0008349526373721683	0.025834608345158012	99.78486269363728	0
0.6274531106362276	0.575936371035191	0.00366565236495769	0.5198021136966893	98.27314275226693	0
0.8708619699667208	0.2759337482047988	0.0018332862125778491	0.22268855032659235	98.62868244528931	0
0.889221163825289	0.19386928378445592	0.000649809250704423	0.18215561484187381	98.73410412829769	0
0.09671619952659032	0.4150379899653607	0.016798760111446508	0.05413800387462658	99.41730904652198	0
0.24420083166731663	0.18793914850667398	0.0019450552738517627	0.048387279150736165	99.51752768540142	0
0.534853258700213	0.20271170629309546	0.0010072622957749478	0.03398015357743632	99.22744761913347	0
0.771128837918433	0.481682638603685	0.004836280379445545	0.10802692072353648	98.63432532237489	0
0.2884197192497195	0.40048038127645913	0.003982554475896154	0.050277575077895834	99.25683976992003	0
0.07589896111167879	0.07394471283868573	0.0008464144768298499	0.02795245180861153	99.8213574597642	0
0.07088986160668508	0.1285208977834313	0.002494031304767614	0.027373387806225453	99.77072182149888	0
0.03576466756852862	0.14688370095279668	0.024433772164837275	0.04870171750663939	99.7442161418072	0
0.06672573791873444	0.24911525995184697	0.018618696468045294	0.051358082714911185	99.61418222294647	0
0.16288375831695565	0.16958033101780262	0.01390515560693599	0.06708189709192497	99.58654885796638	0
0.2246005264582622	0.3229082980221885	0.0010475504869298647	0.18676349735253495	99.26468012768007	0
0.38593916377014875	0.04324328933292557	0.0003851880311532634	0.06810944898430529	99.50232290988147	0
0.972883268945539	0.13341559554293358	0.0012542175000814304	0.1850242368594127	98.70742268115202	0
0.9452425812565857	0.21175445126654324	0.003790743926899439	0.2883318079966635	98.55088041555331	0
2.897425892856348	0.4689827075420865	0.01056511971291133	0.7330892739717848	95.88993700591686	0
1.253787174950034	0.3798934099267142	0.0035377419036124913	0.3071784153065873	98.05560325791305	0
0.913511069167998	0.15391172203544784	0.0014887864666318757	0.1062941890344275	98.82479423329549	0
2.1877984497677705	0.23263925548533992	0.005925374641311698	0.10424802265838905	97.46938889744719	0
3.3033724206311605	0.6102079965762217	0.00369239342084257	0.03884288725760323	96.04388430211418	0
0.9534049645092527	0.4774838112999451	0.0020736669709515558	0.04551834949039034	98.52151920772945	0
3.6179271545367446	0.8389026339771104	0.002554459224173811	0.02328879664571146	95.51732695561627	0
0.5315983265601304	0.31800234560281343	0.001033943758346379	0.017959360708493997	99.13140602337022	0
0.19840421748050294	0.8284564541304624	0.02381635983774226	0.03466901161271914	98.91465395693857	0
0.24523743841104081	0.29071630316359764	0.008800471953962618	0.02673113077392192	99.42851465569748	0
0.07133822474180417	0.09760878981515986	0.012096155179739216	0.022671075682225674	99.79628575458108	0
0.0421302588134753	0.1310460973564595	0.02546846622950687	0.0086565627041023	99.79269861489645	0
0.0263390357770294	0.19121746170558818	0.029622426454380672	0.010552150650820734	99.74226892541219	0
0.5908994347632981	1.116194188618616	0.011909888648099443	0.03807336680969844	98.24292312116029	0
0.10494505343234474	0.22756861235484976	0.035977785270944584	0.02543333690049651	99.60607521204136	0
0.025203133890371546	0.12825875499578415	0.008325841596770883	0.008947623826908531	99.82926464569016	0
0.2124971395534362	0.6123412231120362	0.01557320455856766	0.08951067798872744	99.07007775478723	0
0.42282216524015737	0.36727467419348964	0.003978576644086049	0.08887427452216806	99.1170503094001	0
0.45830857365183997	0.37181828289134394	0.003906643555203207	0.15995593229246513	99.00601056760915	0
0.1527649971602319	0.15334191045374942	0.013141152185026981	0.20465481341528177	99.47609712678572	0
0.4866896770370965	0.22763627460220853	0.0007941562970783605	0.06391061686832436	99.22096927519529	0
0.9395522793981275	0.11613433429245891	0.000499648206440024	0.017661416008970907	98.926152322094	0
1.4939060482278694	0.2650213431672951	0.0023034257641277416	0.1062970108725937	98.1324721719681	0
0.9102568771348912	0.3373432350633599	0.004152445446456231	0.060751481717117195	98.68749596063819	0
1.7781659517316282	0.2451741959415958	0.0007695786771037153	0.05182451605740395	97.92406575759227	0
1.3773991053465484	0.4235894291266011	0.005624426740243493	0.15054543882160148	98.04284159996499	0
0.17060089626432995	0.8246520148600164	0.017444924185941527	0.07901016456636448	98.90829200012334	0
0.15557400692685772	0.7449025900256111	0.015560382841801267	0.02238041672466852	99.06158260348106	0
0.17593659030818687	0.5931751210756975	0.0058455567325146895	0.012331205076316376	99.21271152680727	0
0.4405218686681996	0.26900381881056284	0.0008410314274948372	0.006901686240696655	99.28273159485305	0
1.5401901170954575	0.350459328385552	0.0005560279687547954	0.00186009121857875	98.10693443533167	0
0.8044228512217823	0.27397236028143485	0.00039335591648493744	0.003987590471420899	98.91722384210887	0
1.0067124651676223	0.4640377824820511	0.001117626324194969	0.010083123732273134	98.51804900229385	0
0.7543357692045417	0.3363987044136588	0.000558102233556864	0.0035070609585769463	98.90520036318968	0
0.5169264107773632	0.24935404986019222	0.000804669972761862	0.007390253875583348	99.22552461551409	0
0.44321121300234323	0.5391860375857676	0.0008427338395409115	0.007375143037282596	99.00938487253505	0
0.616202687177829	0.5932931091958552	0.0009090359391709719	0.008424371993109003	98.78117079569404	0
0.5793601401616753	0.5454535245337769	0.0007531966312204792	0.006745889928412752	98.8676872487449	0
1.1975530655923063	0.21810297045916852	0.0003684899614019739	0.0026574330807769154	98.58131804090634	0
15.525215147444339	1.587779610711961	0.00045469523484742885	0.04246963593364206	82.84408091067522	0
3.3310101769032365	1.0090424192477527	0.00029257484516233	0.023067295739696653	95.63658753326413	0
3.2653890008310538	0.49069112862636144	0.0003423476603616059	0.020037462586861645	96.22354006029536	0
6.012634268902756	0.8226869746496865	0.001074237755755752	0.048018072290336875	93.11558644640147	0
8.875388478962863	0.5199593326309964	0.0005519130081157535	0.0597011482054474	90.54439912719258	0
29.528419110415914	1.2516663902328586	0.0004755236809924715	0.049953504475494744	69.16948547119473	0
2.593435903622435	1.3822092528712628	0.0016392444947096426	0.07427902960864263	95.94843656940294	0
1.108683176287519	0.5578987365768294	0.0022616378234750012	0.024659847500557035	98.30649660181163	0
0.2741117523237123	0.35869918167434534	0.010616969522123983	0.04224361952721673	99.3143284769526	0
0.8511196804776991	0.27226689006437504	0.0004029304473583945	0.03400544826572451	98.84220505074484	0
7.0599924416284825	0.9667910818412315	0.0015933006350099116	1.121926604531028	90.84969657136425	0
18.447775583802652	1.2581129905373687	0.0015965770799049235	0.3139497699581923	79.97856507862188	0
16.53717893199034	5.053183197555073	0.0031762808330319326	0.8360254671439495	77.57043612247762	0
1.1873875317064277	1.1367039870168827	0.0019263008458656747	0.39814844801098986	97.27583373241984	0
0.5620334693063062	0.6888458082029812	0.018257645172072526	0.20522946481645407	98.52563361250219	0
39.51611624944482	3.345147243520219	0.005033752194804691	7.253566593842561	49.880136160997594	0
52.75877108902209	21.79380566504371	0.008608540243384803	5.687390391121254	19.751424314569565	1
3.413572776893598	1.5331550831895202	0.003931519101605103	0.444373046336566	94.60496757447872	0
51.677276977819986	22.15274644746667	0.006016829933237182	7.179139300222973	18.984820444557133	1
46.699330716233845	25.13825766838667	0.008196594298606247	23.978495478473235	4.175719542607643	1
26.60660741108729	17.77674906903594	0.007170957091529387	8.59523943020423	47.01423313258101	0
34.391915021825554	15.799427920615233	0.007172664631704097	43.64939758436879	6.152086808558711	4
20.292814968031667	44.638065871992175	0.04325977833874301	14.572021341617578	20.45383804001982	2
1.3440347348853179	1.7673321885242934	0.006991654699096339	1.2586039684702086	95.62303745342108	0
21.423655759671497	3.8721603097593387	0.0037638836404775273	10.967347400824305	63.73307264610438	0
19.645397534305488	3.009135423659672	0.009049669178969011	6.783520045532056	70.5528973273238	0
10.96239108389551	3.2780163612136017	0.019622895908940875	3.2064999626691417	82.5334696963128	0
4.6301592554135675	1.5034103974885666	0.0038343475755377465	3.6268272201317413	90.23576877939058	0
45.394752624536856	16.493265179227457	0.008202059999591354	16.502592279516552	21.60118785671953	1
42.06931576875304	12.928050115329354	0.002974569526112218	34.487660559249974	10.511998987141544	1
8.241693287939617	31.36954337402341	0.00016533474706366993	58.851343953881695	1.5372540494082187	4
15.630480947879338	21.812636167650247	0.08031765023525994	23.204906088858422	39.27165914537674	0
6.747070877850659	8.761061981147797	0.0164556228168338	17.961352676217164	66.51405884196754	0
18.633803190774703	37.908165836886575	0.011745150422309721	31.856119837625513	11.590165984290895	2
29.742940049801565	31.034172478851218	0.0002588850477938003	33.361396254678965	5.8612323316204655	4
18.90212103226582	57.49614883692682	0.0029788390757446398	19.98262793685424	3.6161233548773803	2
3.764602224054201	6.4790175220552735	0.01327463699754662	2.1810863000391754	87.5620193168538	0
28.525705151176712	43.99905504492076	0.00903457634036235	23.26798401991028	4.1982212076518906	2
5.019852566931105	90.93599210065254	0.07240444453798314	1.6674289852680668	2.304321902610306	2
6.190647173120934	2.706845596963394	0.03425495439814592	0.448128780026252	90.62012349549128	0
65.27558118784046	23.993690019278084	0.0005620074106612923	3.7320811215456695	6.9980856639251465	1
10.204317102614366	88.37569341599443	0.0031999839475159468	1.030742437440291	0.38604706000338246	2
32.659186023497746	59.91314807229712	0.0003436807628188347	1.1217766105875069	6.305545612854798	2
5.228675207907302	92.9980624538316	0.0005468032430788727	1.042137651864414	0.7305778831536002	2
1.011017468058616	98.20759330364184	0.0021161824127529814	0.5640159872006432	0.21525705868614178	2
0.19223285640423812	99.19641233960533	0.015457289718565284	0.4024095090760011	0.19348800519586573	2
2.485235202983451	95.26932236043586	0.02239081779865981	0.8821150007597929	1.3409366180222266	2
1.8075705381808527	96.80839153384845	0.0011719163947054132	0.9016852147720791	0.48118079680391845	2
0.20522919291770686	99.52105388242455	0.008545224562974007	0.17104200863420035	0.09412969146057086	2
2.843576794922944	65.84967149500838	0.006753616674104859	1.261195646002128	30.038802447392428	2
2.5895819430741156	95.70470459405087	0.0006343149379182269	1.1634139077940542	0.5416652401430383	2
1.0246609396297932	97.0450662468993	0.0018468478609470595	1.7695642033056107	0.1588617623043698	2
1.1321829878720682	6.218162020850923	0.03719327918133092	0.44436122577511483	92.16810048632055	0
25.18674904525958	34.5790327114714	0.006624516122216249	6.8489914113863275	33.37860231576049	2
2.5274777215531374	3.0109793088342505	0.032302295603223605	0.18488889694306682	94.24435177706633	0
57.70623923535377	16.487620289276034	0.0052192386943143605	1.3769877522008327	24.423933484475047	1
21.178698676156156	74.15204089804949	0.006229604730766282	1.6287605818826199	3.0342702391809686	2
25.471743518941153	66.87376631825046	0.010918833256605327	1.620883279262703	6.022688050289087	2
2.0122769647251224	97.33618427506721	0.003066486272299257	0.4742899148294777	0.174182359105884	2
0.5884933978883534	97.37537931904873	0.0030661061090875505	1.9054224657761847	0.12763871117764813	2
1.6113597682950211	82.43656904466788	0.0724692105092787	8.974784191055631	6.904817785472203	2
5.965212307147919	53.663808046360394	0.0008582404687670844	29.54541395149079	10.824707454532149	2
5.671950101574747	5.20111700832685	0.011497289865484539	4.128801922522214	84.9866336777107	0
37.18191420586241	6.640093517451154	0.0066875174066683574	19.69672756594232	36.474577193337446	1
34.724605940871704	52.59560955763355	0.0006818357063728425	11.63560981836521	1.043492847423158	2
32.350479329040546	42.49464459013062	0.006672715545080145	21.917370497376233	3.230832867907527	2
2.391066348284823	84.63762538819168	0.028667920387353375	12.507706111492913	0.43493423164321643	2
0.5901363476271907	8.476326005074956	0.02759608800191388	89.08427538286765	1.8216661764282944	4
4.910314754996275	13.270739765816131	0.007571525935837747	41.76399927710687	40.04737467614489	4
5.579365012662996	20.751392683289023	0.00025451726132350933	66.3403802410402	7.328607545746463	4
4.978273216538769	4.381942939863282	0.001803627663895372	18.738736985107238	71.89924323082681	0
8.226161999780441	6.919671176442721	0.002884263910116876	14.495991315075285	70.35529124479145	0
6.1752178424999205	21.175992389404247	0.002924909650375418	70.88245670724866	1.763408151196796	4
15.566524134199412	17.02712409743878	0.0036910950275818644	54.373306881819374	13.029353791514867	4
4.872836297105598	8.974190213056078	0.007506205395561367	83.54457544605177	2.600891838390993	4
5.239699483786673	5.85663820799742	0.004214687950140854	19.211917659568147	69.68752996069762	0
9.857422055628364	16.958082350368024	5.508422692005409e-05	72.03650355296494	1.147936956811738	4
9.378183762801347	24.48735568964608	0.00012014670209375633	64.39317339600726	1.7411670048432204	4
5.083539162340839	15.650257543498098	0.00187173377548574	78.78898760771182	0.4753439526737544	4
0.5775245208637363	6.705064518801378	0.016494652381154794	90.61461797667867	2.0862983312750574	4
2.494206974403252	1.274675321831801	0.003789941851167682	0.9272472588872072	95.30008050302658	0
43.79130392759883	17.558065881796907	4.650426234489174e-05	31.401671645472646	7.248912040869277	1
66.98768300234241	9.068691235839877	2.6636556221386116e-05	10.32591962635477	13.617679498906707	1
48.40180718416233	31.12242162476806	2.3298260551577607e-05	19.46300865644224	1.0127392363668255	1
7.909296039926603	23.69183326597213	4.857900684328826e-05	64.6775457566287	3.7212763584657242	4
8.413317035485669	24.1278813604582	0.0004070737894749821	62.01878680727481	5.439607722991849	4
8.018395135839642	25.01387402424411	0.00011739171038198376	65.14508655687973	1.8225268913261206	4
5.875369199334713	31.614382051132957	2.551924347572827e-06	56.62392257853932	5.886323619068663	4
9.97718339778723	11.492259512371048	5.556373392142469e-06	76.73981222094696	1.7907393125213684	4
1.8297829022861902	11.92543456241484	4.6076811641776985e-05	85.56190656466998	0.6828298938173433	4
3.348760453100134	2.363521269970008	0.007828749578561132	2.2879503296531287	91.99193919769816	0
12.962676285033345	15.488877195545033	0.0030844236501584212	70.40775989166083	1.1376022041106164	4
4.914065438632817	10.873983453351716	0.01130493669440217	82.65624400091234	1.5444021704087192	4
18.2774398818286	14.876441788497225	0.047881690090725106	30.48700330106052	36.31123333852292	0
3.0691172920032725	7.718931631944112	0.001425638071331662	87.20945916606641	2.001066271914865	4
2.859392636982433	16.987703844442354	0.037797547702561336	76.03224714762933	4.082858823243317	4
5.270501456117862	1.168786350598846	0.0031159075890808715	17.504571792725223	76.05302449296899	0
4.5400692363817265	3.3088791598611986	0.0032231266743863087	29.064610021207884	63.083218455874814	0
20.132707665959824	8.392187676818207	0.0014004844095051102	49.67575300906286	21.79795116374961	4
10.26532676168376	1.1521854716583717	0.0019531008758883362	2.7093553235124705	85.87117934226951	0
24.106442603492823	9.706658528228374	0.00039598898642798915	63.919495269799555	2.2670076094928113	4
12.373381012541925	13.533087079883993	0.004662720329231406	51.774022334943325	22.314846852301518	4
1.4089741123439035	3.6177767903060793	0.0012908190545748244	94.52090178078343	0.45105649751201493	4
0.9273897661389484	1.906465421138013	0.00040836372523465203	96.21581341077639	0.9499230382214202	4
3.0197913601531656	4.02000533385101	0.05064871385587543	57.765982678938855	35.14357191320109	4
4.122224370692748	1.2937965554356758	0.0010457705022295853	78.89221860943005	15.690714693939306	4
12.57458476489946	3.8527724671331205	0.0015119731840485678	79.14507499121332	4.426055803570058	4
9.29587396035798	6.324637283555981	0.00010131191962231319	83.90066956269244	0.4787178814739638	4
0.9101044422785664	0.8863642455918429	0.013485104135736933	1.9956185871350038	96.19442762085886	0
19.271834862341112	7.232305509944871	0.00018344067719443878	14.90262050355245	58.59305568348437	0
17.854484634621247	11.941402883323445	5.694889882350082e-05	67.47490234402537	2.7291531891311114	4
8.79942069621756	5.638878740530382	0.0010213852822352114	84.04850957114417	1.512169606825647	4
0.26357410774002404	1.8025781061543789	0.0013638432856954291	97.7705777492939	0.16190619352599683	4
3.453476298701131	2.8570063237225845	0.007656919119005793	51.84335691938718	41.83850353907009	4
3.592129288241077	6.9754575128824765	1.428738168902814e-08	88.00014410629785	1.4322690782912282	4
0.4103547641922986	1.891878378075549	0.0029498913713001066	97.57840941864137	0.11640754771946617	4
3.828047357286446	0.9904090743356924	0.005410878631628158	49.719831172641044	45.45630151710519	4
0.24931295890129654	0.6362317958580288	0.0007762122479514164	99.0226306812701	0.0910483517226019	4
0.48237912694319657	2.349495577515414	0.00021158503549244628	97.02077891493241	0.14713479557347126	4
0.192775776070226	0.9889892317776138	0.001498076511456631	98.66311633909058	0.1536205765501274	4
0.15717109815081648	0.6622256085900846	0.0017699350018358317	99.02736809941786	0.15146525883941953	4
0.05478130173024369	0.5594044575802867	0.0051778325160244925	99.25849467640447	0.12214173176899813	4
0.07383661286191763	2.480228916823107	0.006782723523173444	97.36805796176304	0.07109378502875764	4
0.3992176697911994	0.8467202796735444	0.04307178865592182	7.4006426980940665	91.31034756378527	0
2.8779639769846073	2.2322258369416037	0.011711410769820713	63.80062563183478	31.077473143469202	4
3.60376672295802	2.1488047439755897	0.02057515120735594	8.353741562285336	85.8731118195737	0
16.35705562593433	3.93023540120657	0.007191797617882293	6.535883804904491	73.16963337033674	0
29.609881879333972	10.764135450921401	0.009087889377655483	15.757173511010606	43.85972126935637	0
33.286061827274985	7.302244096260835	0.004556582149317383	38.34702042207866	21.06011707223619	4
44.783245336644576	34.296573323538944	0.002146356882381581	17.795734138277975	3.122300844656119	1
14.638464838507522	40.31378635509484	0.00014490013022351705	26.535667935742108	18.511935970525307	2
11.86336798756472	6.40022298853281	0.0893129491516832	2.0876932814588693	79.55940279329192	0
58.853413761923775	5.337718994266766	0.006569876044890786	6.998517016081602	28.803780351682974	1
42.03877447048382	31.806169268181844	0.0011723919687535095	24.89883487045098	1.2550489989146176	1
7.07425134677597	3.005750395515059	0.003291403635311328	0.5694540074852236	89.34725284658845	0
25.24781776126931	46.08965250325325	0.004763150511868329	27.420186887655827	1.2375796973097448	2
9.494435907709619	59.10345832687041	0.0029192055503636754	30.91816706183994	0.4810194980296758	2
8.751180839709637	79.82311732686244	0.012798789510511168	8.062673415093892	3.3502296288235116	2
10.897181902740657	40.00769787423256	0.011603416314560988	48.346626285744016	0.7368905209682068	4
1.3297605130782173	90.01427347833221	0.007156810891897245	8.410367707267271	0.23844149043037804	2
4.830936739313402	80.54248782834752	0.0007042303588668951	14.07640947294286	0.549461729037347	2
0.34011387829578754	97.06978122106698	0.05931301445626593	2.416665057683176	0.11412682849779243	2
1.138822731049825	92.99633111161569	0.04638511839287044	5.654362398026835	0.16409864091478205	2
1.406523922457174	94.67035886926101	0.07719101981201888	2.814373060504167	1.0315531279656274	2
10.967147343438857	75.1254169752749	0.018548788983806748	10.774587074508647	3.1142998177937904	2
0.5623448842953649	98.35769066982094	0.0008620568805856859	1.0065323539999058	0.0725700350032106	2
0.5230462453394618	98.33473823150489	0.0016099845943197142	0.9581548045105116	0.18245073405080628	2
5.5871060892754425	81.52682765369278	0.013944455035457473	2.174342142463219	10.69777965953311	2
8.824049794378578	32.80076787186078	0.0029083333770642773	1.1113134959597972	57.260960504423785	0
7.1107909545065615	90.53226470421617	0.0020859470821964227	1.758607055501836	0.5962513386932272	2
1.3078577465898695	98.12867442062466	0.044315031835044025	0.47951284077919937	0.03963996017124391	2
9.337113852701243	43.316564969589585	0.27372780302110866	1.7938175717714888	45.27877580291658	0
12.058872968757871	71.43872656369919	0.0033936948644427214	2.91135006850072	13.587656704177784	2
1.0047085912340246	97.63600294236802	0.0016121165406644043	1.0533716647496698	0.30430468510762293	2
0.3458591561952605	99.26420249575251	0.005150081547430117	0.25274070915094676	0.13204755735383647	2
0.7565053614198889	97.56357981529338	0.001817460355329137	1.235850300279364	0.4422470626520551	2
6.4045811893956275	39.40842665587521	0.01277738132228039	1.490916962170985	52.683297811235896	0
23.158186774237194	62.71194069318719	0.0063998182076833	1.355087182760602	12.76838553160734	2
4.512328256635412	94.07349403372598	0.004082719072572565	1.1159715197680637	0.2941234707979762	2
1.3393996842774192	97.78301259143515	0.004216603818979165	0.8256235586014453	0.04774756186699745	2
9.552010854046562	66.22914976624223	0.04116111827625135	2.2573567700580535	21.920321491376892	2
21.798588888818013	71.78306572240383	0.09541092282928146	4.039296351462219	2.2836381144866666	2
2.843833008620634	95.45783099349293	0.01571817752767844	1.3195863131157077	0.36303150724305217	2
1.5761825194675794	97.21785428295038	0.008877405981255516	1.0066634572382565	0.19042233436254108	2
0.9152857272219477	96.52541183324075	0.26919020860907505	0.5858117655085555	1.7043004654196736	2
12.07761463842346	80.57457085209987	0.0033542394214988703	3.0293590522174347	4.315101217837737	2
5.376623194189327	93.56979760386933	0.020587869972341605	0.7512665899476891	0.28172474202132514	2
2.793746340777152	95.0972714103006	0.07565847880567551	0.49360133812014195	1.539722431996436	2
29.704528908442242	55.55044428496421	0.04696107003669166	5.297201475642698	9.400864260914174	2
3.789312103357462	89.91442092759259	0.20465892587147877	5.617674106472008	0.4739339367064849	2
0.47720882488371147	98.04639402040092	0.03769106806840942	1.1392340995070562	0.29947198713990597	2
0.5649326685342295	96.7142138398764	0.007263920680431255	2.420857903327999	0.29273166758095553	2
1.1355493877607234	94.61452838601924	0.007686720752348605	3.803351376163121	0.4388841293045587	2
1.2276113724852382	10.655374011831714	0.25175048660837124	0.1981054922611514	87.66715863681351	0
14.676027889619188	70.32694585941546	0.0060023874674962	0.7327651147868656	14.258258748710977	2
8.120793542407522	88.17123375979344	0.004462215996204608	0.4776517836488124	3.2258586981540356	2
33.59146423280452	64.50149595189436	0.033046947606081754	0.5688577222632745	1.3051351454317783	2
0.3877196515860979	99.18612090141787	0.03900962979437662	0.21400049332410864	0.173149323877565	2
1.033953669918591	98.00526644071897	0.03270036026090801	0.6690271545621344	0.25905237453940577	2
0.09242366190472553	98.87521476806819	0.4741466838355181	0.21855802311054345	0.33965686308103665	2
10.310369830174993	57.45897862228205	0.23961080979959312	2.3129017409471953	29.67813899679617	2
10.446090425146615	85.02865504063764	0.02308284061727312	2.9773575995039754	1.5248140940944928	2
0.38961914298632516	97.97313498774326	0.17764077771247255	1.208065993739991	0.2515390978179402	2
0.15019701131376834	0.41008245922007375	0.03037672798410993	0.09162697598889852	99.31771682549315	0
9.553922771852042	5.793152421551452	0.026901718973514295	1.7005966315837153	82.92542645603928	0
47.12955817923963	14.79868606216954	0.020663000755382653	4.050064617027069	34.001028140808394	1
72.357630271286	11.38766016172834	0.005523530334469625	3.0937668491943797	13.155419187456818	1
57.92977906696278	26.168371650654716	0.002888871073411041	12.53509631710262	3.363864094206452	1
1.969350320091532	92.77840133888297	0.011810551527364883	5.057889147101772	0.18254864239636834	2
9.926909436820605	78.4743947272901	0.0049878908695784995	8.706939154888898	2.886768790130817	2
1.3000131935032566	1.292753608641729	0.07712645896559463	1.6590317838643578	95.67107495502506	0
22.46774416036015	23.71459585141224	0.01239728607992661	37.57239795732929	16.2328647448184	4
33.71172952802648	42.043785434043436	0.008509505510299423	20.166497923413743	4.06947760900605	2
36.8858062354008	4.152585458606171	0.011388119481929228	1.7929821792845655	57.15723800722654	0
19.59891950814167	65.96494676345907	0.008218763043218872	8.919111572877853	5.508803392478182	2
4.227489555905191	93.95592726176247	0.012124641828831122	1.6477387703507325	0.1567197701527797	2
16.337740412913806	54.164156130240094	0.034494926572286096	1.5587676167413844	27.904840913532443	2
36.85046217027412	50.02676147151618	0.006907780118343053	8.937801981517495	4.178066596573853	2
3.1097820340360127	95.0429262478526	0.030546213216964258	0.8313060198315106	0.9854394850629127	2
17.75562407346055	65.62856289848968	0.017794704773542922	5.058906502500098	11.539111820776126	2
1.8000575609473966	96.29285882698125	0.005132293746675756	1.5447401692467844	0.35721114907788226	2
1.2170031029887762	97.35047211614466	0.0027692981876340857	1.133513736544676	0.2962417461342442	2
16.460360108015173	43.26231708166888	0.010748715477647122	2.929417119726376	37.337156975111924	2
9.454193413144605	86.61213649170348	0.2010703186258525	2.9314701349028915	0.801129641623152	2
1.1670286119555455	94.88393173358884	0.7677100164962636	0.6636550010260709	2.5176746369332625	2
45.28502764314803	45.93113278616618	0.006905193640641978	6.459511539826876	2.317422837218274	2
2.1026484746750733	94.65054133065419	0.002747981416979496	2.940724292935485	0.3033379203182808	2
4.759137240505399	75.78475496297355	0.07148085393148827	2.9332600134540034	16.45136692913554	2
15.934487549369367	76.32773048522213	0.0017449259899066545	6.334924405279148	1.401112634139432	2
1.805434792527046	91.81228613770588	0.11051335880588574	5.955498716141031	0.31626699482013093	2
3.324379182493167	74.26134430975829	0.02333661258701198	21.181190798551075	1.2097490966104765	2
6.08088770386727	27.09764378043056	0.06905337224871481	29.54763158440808	37.20478355904538	0
5.878123461552589	79.84088211572073	0.0011862727231697465	13.651794463975776	0.6280136860277148	2
1.77009281732472	87.95778488270723	0.009683618001924146	9.746870817812916	0.515567864153216	2
2.9952912442966646	70.79312613421335	0.07923140584987813	25.49062088060858	0.6417303350315327	2
0.4465848924368675	18.105555950862353	0.019783021627882775	81.17740688615697	0.2506692489159132	4
2.2129794277133663	4.472741872885715	0.01488214083101488	6.657984039021798	86.64141251954811	0
9.90496642636338	11.70309150640647	0.02371731843399577	8.774448662475795	69.59377608632036	0
13.909852487198613	29.542078423452978	0.0008948398838222603	54.112476924485186	2.4346973249793913	4
1.1008034061956984	6.424773113278041	0.015955339346306878	90.50642542328107	1.9520427178988675	4
34.75932507640671	14.453577803269207	0.0003653103691716764	31.18226421341413	19.604467596540772	1
4.184973964003977	5.96998608110712	0.00478231063823633	84.81570230528148	5.024555338969188	4
1.4121058362947672	1.1500071163145291	0.07827281477092037	1.0655309494065488	96.29408328321324	0
1.7716975421313823	0.28238924453720565	0.0012063688022349473	0.36137488956775093	97.58333195496142	0
17.86590925830191	0.7294153535137529	0.0014103579761704876	2.5934980773701772	78.809766952838	0
69.54830611913464	2.2080577512843402	9.313044343174785e-05	5.151080737002705	23.092462262134873	1
56.951660372212764	6.841738520956675	0.00014462204766748266	34.26300220758682	1.9434542771960666	1
10.607455261458819	9.248569319731672	4.559903717030258e-05	79.76239315795613	0.3815366618162176	4
0.1019670806437835	0.5447371289563852	0.00014053750224122955	99.33751125499624	0.015643997901345384	4
0.29295409393829747	0.3078789674590811	3.427955013827609e-05	99.27597293420493	0.12315972484754742	4
0.12663252436392675	0.3886942459330262	0.002270652191579052	99.39333410840415	0.089068469107332	4
0.12149911645609214	0.49051172419256267	0.005723025150984701	99.33211671353914	0.050149420661225186	4
0.142976106525031	2.7008185716128135	0.05159618982799306	96.84569513094033	0.258914001093824	4
1.8051841834585445	1.7945634403862647	0.0062253337691131	95.34397956694778	1.0500474754382885	4
0.4914597980323226	1.8604674364575062	0.014474097447147609	97.46236007248511	0.1712385955779225	4
0.07044427906637268	0.6918213801644217	0.017602823180095616	99.06731429773981	0.15281721984929728	4
3.5569331507047948	8.557560185579018	0.10270083088130605	76.15828204775971	11.624523785075178	4
1.39912180969956	1.535322013558939	0.0967382764326543	96.54085493616843	0.42796296414040824	4
0.22133357706647147	1.2894454781107465	0.030698676916921006	98.02891034177179	0.42961192613405425	4
0.21164369047856468	0.7635362907353112	0.01758493815451907	98.46554482932125	0.5416902513103663	4
0.2590322774053154	1.6712460292863205	0.00824896839536652	97.81325404741308	0.24821867749992435	4
3.6311264135041363	2.4523305439409295	0.041231913886132635	53.70787009544432	40.167441033224485	4
6.783682871927654	1.5782788634713025	0.0072388973522107365	39.90413737357723	51.726661993671605	0
2.305486319307538	0.9699259929541503	0.005526803433368543	6.1251109143784435	90.59394996992648	0
3.2326480497982986	1.0298594518612643	0.0019526602744276435	9.328259647357399	86.40728019070862	0
0.34281504492608056	0.2715394604644317	0.0012730482876471552	1.0079778122883676	98.37639463403346	0
49.95867499590707	4.622684255855222	0.003086235567716861	2.8857459663690217	42.52980854630097	1
73.59584103178608	13.263699147031238	0.006385510659390172	3.792861487472452	9.341212823050848	1
64.3740983483701	29.200875981156937	0.00628118807329532	3.462538542825693	2.956205939573996	1
1.2937784592485453	1.2382984623848985	0.010940441196592503	1.382186284836432	96.07479635233354	0
21.757625385284534	4.362036221478871	0.007408893893167932	5.315799066184963	68.55713043315846	0
51.467996780682725	6.291198156403996	0.0026830813591417484	8.57407124937767	33.66405073217646	1
36.66863455046464	5.143984050690871	0.0026708973249107287	1.6972469610264056	56.48746354049317	0
67.53819556033055	16.479000922984614	0.0027152166935719172	6.777176628802996	9.20291167118826	1
20.704729375563875	28.977721495895125	0.00010230685550083873	49.60164078201541	0.7158060396700928	4
12.459407538280526	14.625898661799392	0.005860908700848616	16.284520081073126	56.624312810146115	0
11.75284943597911	9.528762513637325	0.03529296726693521	16.84162647856791	61.84146860454872	0
4.2217570107466695	2.443648114514862	0.016866610250450758	4.612913623367366	88.70481464112065	0
13.543961231636178	0.8696785799419225	0.001609451784097689	1.6157773063023937	83.96897343033541	0
40.57574963020047	7.275699513134359	0.00208323473944449	5.330496743456503	46.81597087846923	0
49.68250408395857	19.69647182486779	0.0048384330124913435	4.407221052867249	26.208964605293904	1
35.90347166900229	3.9634401485201645	0.003225015442364452	1.4236151732073563	58.70624799382781	0
58.45198026331473	7.966728568395803	0.003343635017117713	1.4985055843901234	32.079441948882234	1
45.127955393658866	42.534849985038846	0.0073872060548738315	9.864155415704733	2.465651999542691	1
60.243701497478966	29.254956568395002	0.009859384636833857	4.758887368644869	5.732595180844329	1
24.062645215497827	54.14894709360415	0.017827989319244685	20.12415306915914	1.6464266324196428	2
1.1584860664808894	2.8965733496351525	0.10954680169990262	0.896173340017121	94.93922044216694	0
45.2130780257517	16.14917305679443	0.02321360673249433	12.137244730293496	26.47729058042787	1
40.83425775882325	46.346512628369936	0.01517705593060428	7.972105145320563	4.831947411555644	2
15.346581513278709	72.571453751967	0.08776806136192848	10.91219776468499	1.0819989087073916	2
1.148655443174672	96.76443811018842	0.0022424571913672482	1.8514533617090563	0.2332106277364886	2
0.6216099837984772	97.84868524888023	0.021140241102255587	1.4179117519983218	0.09065277422071157	2
2.086606149706179	5.817907541602756	0.012254742494802838	0.30130504016281834	91.78192652603344	0
20.5249902799075	71.03580301182386	0.010609240582460978	6.5663640917435	1.862233375942673	2
15.739076468960958	75.22173235302155	0.2061557440743858	3.1444491509419756	5.688586283001137	2
3.070018021588557	96.13914974611332	0.0012178358876380082	0.5758008079157584	0.2138135884947212	2
0.38353820761022395	98.71094674862087	0.01444489418273637	0.7749890842237503	0.1160810653623941	2
3.1521302636474298	54.52890266454621	0.04795505754965372	1.2037969789422018	41.06721503531448	2
23.1701317878832	48.318184389967875	0.014142255616607187	3.405674662986831	25.09186690354548	2
6.368234124146069	89.61565759382644	0.02190225689468745	3.394607521380461	0.5995985037523521	2
7.703377119941636	34.90988907156496	0.06249985316912613	0.884630953466418	56.439603001857854	0
9.65812900986348	85.50337038984071	0.0012377850071755706	3.6954599960923122	1.1418028191963232	2
4.085556531901045	90.96455279720695	0.01857440529952267	4.3033054087525775	0.6280108568399162	2
14.958881639834676	20.827720222779536	0.015713434437231718	3.9604408391630654	60.237243863785494	0
27.876616336981208	57.22227388994615	0.007001524780448575	5.441152732141206	9.452955516150993	2
17.66048544900416	10.28635840057941	0.004515817586220535	1.4174770075034129	70.6311633253268	0
43.78437092576875	47.606054176290044	0.008094163981473798	3.8191529257512062	4.782327808208541	2
5.454477811619621	91.66684558285259	0.1421233608813086	0.8259143900862268	1.910638854560282	2
19.364806119950075	33.120966503661776	0.008388560329600836	0.7035555102771138	46.802283305781415	0
7.34349911350917	89.61430216039375	0.002411376545775078	1.424425403590128	1.6153619459611455	2
5.603400647652842	93.18270765473923	0.0005892641749263621	0.7619992092131859	0.4513032242197925	2
1.8455322308804731	97.1927325483565	0.0014429452487235653	0.6783309829265747	0.28196129258772906	2
13.616996670425138	53.723112340213774	0.023571416879562494	2.2732753541630193	30.363044218318507	2
8.35219108798694	63.52372554437876	0.27755743879282607	2.0197917591282457	25.826734169713227	2
19.300345190708914	68.53512818331278	0.009297618703714547	5.329001808078624	6.826227199195969	2
3.602972865049652	95.0424691652566	0.0012694238749099058	0.7444525917454444	0.608835954073406	2
1.1758584607766545	2.6842751962456095	0.012704474653050414	0.2636266676892817	95.8635352006354	0
13.971797282099718	10.335965458987365	0.006563005200158012	1.176742943528445	74.50893131018431	0
0.05843414653029717	0.16907528974980351	0.008908230750086099	0.01295218820510884	99.75063014476471	0
0.07569212724385296	0.0626639445806025	0.012567634292296346	0.0049877000545498155	99.8440885938287	0
0.008828309269753858	0.026426469994130244	0.005542216950460287	0.00046892069906512025	99.95873408308657	0
0.0029640807527939973	0.009990349283542	0.0018095260380115938	0.00020395451461604027	99.98503208941104	0
0.001626707366421859	0.0037981065202759173	0.0015408862935400395	0.00010634604555568309	99.99292795377421	0
0.0012218789203789118	0.011948818332454116	0.004198298439608121	0.00019814838799627987	99.98243285591957	0
0.0008290092607934696	0.01056013260733489	0.001981697887908986	0.00017494195647486713	99.98645421828749	0
0.002539511026285735	0.02223227561648841	0.003891650624614606	0.0006562704249134541	99.9706802923077	0
0.008434651692883622	0.08007612845028288	0.01841273268294261	0.0009360635250490715	99.89214042364884	0
0.011614697143757655	0.11400476449564349	0.01797144854509934	0.002016084059809737	99.85439300575568	0
0.017374032899703934	0.046237259880853	0.007697260619508484	0.0014481509639533376	99.92724329563598	0
0.006540735771905568	0.03998796367780899	0.015531026236478371	0.0018574167862954933	99.93608285752752	0
0.006814955821442664	0.023230204910776778	0.0062550344467135425	0.0029177941252200995	99.96078201069584	0
0.12020737647827481	0.18705461761070835	0.00904735522353303	0.014303723951401745	99.66938692673608	0
0.22529493815819876	0.18803077102634336	0.027465682896489426	0.03371493685698439	99.525493671062	0
0.29950374133792645	0.37094186856022743	0.006903769421761758	0.055323795283112404	99.26732682539698	0
0.032473972763864364	0.15411245734910942	0.0034754017899120823	0.01891756736912478	99.791020600728	0
0.0314065098488119	0.05822603542173677	0.0024290496611627417	0.016004550989774168	99.8919338540785	0
0.024848701131557925	0.07990691297688372	0.002267665456803144	0.02630846409746594	99.8666682563373	0
0.047085521629402764	0.08063645184042795	0.004982214135822085	0.024981015085220777	99.84231479730911	0
0.019634230127640075	0.04026782016948001	0.0020698766907933847	0.01089898180662453	99.92712909120546	0
0.013535354909658976	0.023788344306800414	0.000472471140586517	0.0018170787471343854	99.96038675089581	0
0.04712502428917817	0.08353251523177174	0.0018506049610320556	0.00660929972894805	99.86088255578906	0
0.0221965168139314	0.025407826971964937	0.001126842912768725	0.005155905846036494	99.94611290745529	0
