0.003158707839966836	0.007265734528995968	0.001607915724701565	0.00010435357500487344	99.98786328833134	0
0.006117695915621768	0.003565995413688547	0.0007809165197990301	0.00011709973362375879	99.98941829241727	0
0.0014258382534162687	0.004052451843934456	0.0007651778933834751	0.00010881313709140708	99.99364771887217	0
0.007328187308822795	0.00970419609052745	0.0015415882478101845	0.00017690843957032665	99.98124911991327	0
0.03695061986893497	0.051976428328191285	0.0015760872598370751	0.0002760151225616284	99.90922084942048	0
0.025246063628240896	0.047326056946502104	0.0002089242459407825	0.00018229245143882254	99.92703666272787	0
0.08361357493068888	0.08710049888392217	0.0006228174428853804	0.002377832996819594	99.82628527574569	0
0.21511906006669496	0.30572158956920464	0.0018813016257975303	0.02549675944015614	99.45178128929815	0
0.09064188127496024	0.10542897947766121	0.00039481415317706056	0.02733680612583954	99.77619751896836	0
0.05996556784410819	0.01469979163215088	0.00019206160480818112	0.013004929819568491	99.91213764909938	0
0.06233667227459351	0.0282541347602519	0.00029381741680461717	0.005914926284057608	99.9032004492643	0
0.38788038588476803	0.2001572118753988	0.0006540789859055653	0.01602833808273087	99.3952799851712	0
0.209157303307857	0.10224544473162116	0.0002976844835792218	0.012283795984209804	99.67601577149274	0
0.3839021638009075	0.03696417120685795	4.1170244154280066e-05	0.022548828313599154	99.55654366643448	0
1.1957452106647903	0.27749215047719006	0.002344569502748556	0.05045487840164524	98.47396319095363	0
0.38858644258751757	0.24613427777506855	0.00010508289691236375	0.018887796707652324	99.34628640003285	0
1.9820931136024942	0.21176500119436462	0.0003007993615783637	0.1752747300353535	97.63056635580621	0
1.5598303017807649	0.12031386462052489	0.0005016712855361859	0.10552468587731814	98.21382947643585	0
16.07146049094758	7.027208762690895	0.0062565222722615315	1.3505175718772178	75.54455665221205	0
45.94721914175941	8.13272962696812	0.004128082044105365	2.7770125690282104	43.138910580200154	1
42.16661345941646	8.824157524683288	0.014460463793151423	5.316262124548134	43.678506427558965	0
58.169908200618394	13.435866668582175	0.02109956839558982	5.276757409580853	23.09636815282299	1
36.80499578194723	44.54704710603144	0.07321956816269792	6.610646222275116	11.964091321583515	2
17.933756470233078	71.84738620065846	0.1461665980980411	2.893257427937998	7.179433303072426	2
4.083819199601188	85.83071508350118	0.4562795514736249	2.178343476537799	7.450842688886223	2
5.532783800819339	81.47766196958925	0.35514373426491314	3.447725526250447	9.186684969076072	2
2.197770187324282	91.00232763163305	0.8387673200931336	1.9590087877345965	4.002126073214949	2
3.6770554107628493	81.9819597641441	0.10547947807790646	2.4364482810637993	11.79905706595133	2
10.190058525299134	32.148844624267376	0.030784763094660928	4.019144230496041	53.61116785684279	0
7.9207763388350605	79.66259233051602	0.11888001630079204	1.782062825413011	10.515688488935092	2
7.970471143182187	79.21463188589686	0.17398403850206823	1.9380197573430884	10.70289317507578	2
1.1830330206263702	2.5383176746684235	0.001827088682099525	0.1515511835446528	96.12527103247847	0
12.773684851856821	30.318309215166384	0.05290544595910075	0.9270045156242305	55.92809597139347	0
8.07343201430631	78.24001270770317	0.344555315796646	0.4490758469112003	12.892924115282673	2
7.401850007033765	83.66790373424026	0.2243596888195195	0.5958253031336745	8.110061266772787	2
4.978274473181211	58.870079084799876	0.05658628922686617	1.39096843220441	34.70409172058764	2
0.7955071615730194	96.26948991539366	0.27745904752409184	0.30465820151737044	2.3528856739918766	2
8.522341456787371	85.16448039602658	0.17768595251056762	1.2542886681628787	4.881203526512603	2
3.90087075691248	90.59311420077792	0.06815017371172832	0.6316769621709185	4.806187906426937	2
2.487020154980033	90.73123347801776	0.1610779631662981	0.560290971040286	6.06037743279563	2
7.0262847492701095	85.46200227202728	0.11477628144423463	1.5272499891682068	5.869686708090162	2
1.6733351405220351	94.89463711539243	0.17695269342536787	0.748018238305203	2.50705681235498	2
2.342458291910807	90.50183419642738	0.07743179105492315	2.1904076584991317	4.887868062107755	2
9.468041149804304	78.98449712425516	0.03715511312878797	4.933911261112378	6.57639535169936	2
3.4728400996436175	90.68722781711442	0.14117549041008307	1.9291530313218614	3.7696035615100127	2
7.136841555735201	82.78733050761873	0.07949577838831419	3.800579453385597	6.1957527048721746	2
5.521114956860449	87.61261872258395	0.055870867104270173	2.1626603359563146	4.6477351174950305	2
9.08022112874648	79.6308757329873	0.07055173046197526	3.708916934284707	7.509434473519545	2
15.539933828579604	68.93792979104197	0.04220395846649831	7.255659362617031	8.224273059294907	2
6.426050928653811	72.34514569073606	0.1911373682531574	3.844145057958655	17.193520954398323	2
19.808345543911056	55.946045862607754	0.11411135416887844	13.362484114922177	10.769013124390131	2
10.748148116850054	74.10871770776697	0.12441178536146183	4.1769296598427665	10.841792730178744	2
21.682572729706873	28.013525064490523	0.09290903329680267	18.572027379572663	31.638965792933128	0
18.95919598024444	53.80061406356307	0.031451625634397046	8.508273164606676	18.70046516595142	2
19.580040353948576	59.6983156763493	0.05316431544427291	5.791264410353049	14.877215243904807	2
24.514515938170792	42.40129781708477	0.02492661203568869	12.017500422500808	21.041759210207957	2
16.320597471878173	69.60121996649215	0.14283372315561832	4.622612585039046	9.31273625343501	2
6.464085930640093	63.85806292515921	0.2940799063721203	3.7685904039195877	25.615180833908997	2
11.433839226054294	71.59975523913354	0.07816084121391607	3.1481711426192915	13.740073550978964	2
7.654671793819974	82.32593735097065	0.11064194226645716	2.110034239823659	7.798714673119258	2
6.057524589109612	83.95227954620759	0.1995626819581854	0.7695693341275305	9.02106384859707	2
6.127417631643626	72.83937919794994	0.7428462601135545	1.1694818949425694	19.120875015350315	2
5.216335641752845	90.27382169319755	0.1663448355225197	0.5173244855090334	3.8261733440180627	2
4.091499503709241	72.81475508735963	5.048409010474223	1.5729495518953727	16.472386846561538	2
0.5761781853851421	1.2892214172336236	0.025909635165333383	0.1036607235113982	98.0050300387045	0
36.73679284544481	9.889370610864594	0.10360640818826655	0.8352965918414087	52.43493354366091	0
21.134585654295588	6.849075179460212	1.0568882385495255	0.27814623467053406	70.68130469302415	0
25.12799712809145	47.887973220629924	0.6308623731621434	0.28320364513150903	26.069963632984976	2
19.27261956871689	52.32921815458028	0.8313494801749396	0.5291155375768719	27.03769725895101	2
9.677549127416478	38.01279010400358	0.08390029579643883	0.42492314250051516	51.80083733028299	0
4.817551220277697	10.369146017360686	0.09318502460775757	0.3402735830049635	84.37984415474888	0
18.40429796284398	50.74649352947552	1.767062376573734	0.761965068285277	28.320181062821494	2
7.484889240761055	20.408518828177456	0.2600385112129734	0.7846106946892815	71.06194272515924	0
2.86089529025262	4.51969001079378	0.1133297115631327	0.1436460419019596	92.3624389454885	0
7.786096839548461	17.8464132778473	0.9154716235092302	0.6173286447019404	72.83468961439307	0
7.844601315117009	70.72557586914685	0.6680377728644411	0.5379049831704592	20.22388005970123	2
15.350746320193359	60.327712675605184	0.9067190642353852	0.11626345220039375	23.29855848776569	2
3.8848900794678323	82.81100180891269	4.939225731307113	0.6421425667567747	7.722739813555587	2
1.0711585414933862	59.81775963218857	33.4299607627568	0.3108408620957024	5.3702802014655475	2
2.035215664722075	41.259688918196616	36.81266903744218	0.06707165575342261	19.82535472388572	2
1.4245413206180748	26.596736714621294	58.53471942412589	0.06937433565325618	13.374628204981477	3
3.4440721092079754	69.9861587824753	17.52307243807171	0.03501211001183213	9.01168456023317	2
0.34283964580386084	12.590937786581183	84.45941752164433	0.016929161780692602	2.589875884189934	3
0.6544717531744363	19.144879114015875	64.74929764010226	0.033609549511857635	15.417741943195576	3
0.5273456838976889	13.702206336804634	78.96626631317127	0.018319471204134956	6.785862194922269	3
0.311160344352135	9.814275064054021	80.73109971275848	0.011896518816379641	9.131568360018976	3
0.15979379881026348	7.873305647550264	83.12305712901367	0.008214743336362731	8.835628681289435	3
0.14107887914849923	6.837561106366581	88.73581225247213	0.008466007545329382	4.277081754467487	3
0.52404671078279	8.43620466321579	84.90985936128797	0.014365355156983062	6.115523909556457	3
0.06066805209405411	3.069200501939613	96.20861857959272	0.0023758449968220683	0.6591370213767723	3
0.45935249495096125	8.694330663671561	87.88826892178895	0.013920956143920294	2.944126963444605	3
0.3915626248857437	8.240605555258878	83.6052399856132	0.0074845462396450615	7.755107288002557	3
0.02177341140080345	1.215474800958911	96.00731282591543	0.0020660586435729293	2.753372903081262	3
0.10357872505184626	3.3687163370610405	93.3430087345822	0.007298734855034676	3.1773974684498913	3
0.13149787414630945	2.351860775368902	96.02522253854696	0.010379467899854257	1.4810393440379772	3
0.08170498088410191	3.2566754133739635	91.87301057647423	0.009042336190318785	4.779566693077378	3
0.1993567489734969	5.5892166308290285	85.0419889861948	0.017627334811532943	9.151810299191137	3
0.132234394361114	1.87258672472189	96.59008188736145	0.009031749317569417	1.3960652442379662	3
0.17367258916728598	2.2131056982192963	88.34225969693547	0.008709343698661672	9.262252671979292	3
0.14152131052869948	2.0909458031599057	97.04003221163615	0.00816375774197229	0.7193369169332957	3
0.683621538293581	15.939668837958642	35.507097996749835	0.04869784320174824	47.82091378379618	0
0.38323427268871396	16.422086317823815	81.69384410935815	0.028157649174776648	1.4726776509545532	3
0.3526960521057038	14.402097388067823	80.60197270255838	0.0075506958596682034	4.6356831614084095	3
0.30866011946685307	6.087939870516849	89.28957889732978	0.012990981063215367	4.300830131623298	3
0.30327244928483377	5.136458639813152	89.88712161331657	0.021577017779045863	4.651570279806391	3
0.18874393782007767	2.8735029568961656	96.54290416356845	0.010724685656210348	0.3841242560591023	3
0.30950829231966254	4.311813827110078	94.6796361064102	0.00974965283915006	0.689292121320904	3
0.25096029844834283	2.2681980442429963	96.9021987408059	0.007396914181542062	0.5712460023212119	3
0.15917320303838167	3.6075060191587203	95.64786519796749	0.008549924023772169	0.5769056558116303	3
0.31997514886719275	5.1670927590005755	93.47735660545926	0.017379908014952403	1.0181955786580261	3
0.3324670433282872	3.7292005379888846	95.190464502767	0.034724862693998076	0.7131430532218365	3
0.6119490325928386	17.78013452591492	35.83670546270925	0.09571728411823156	45.67549369466477	0
5.324336102347193	35.87540099518685	42.1231963080643	0.14570910224516617	16.531357492156495	3
3.2231771035965875	25.43971046843556	17.942162995127873	0.15580218043712427	53.23914725240285	0
1.6609598616693988	13.347752260930774	7.834211694711202	0.17249233415547308	76.98458384853316	0
2.480231416527416	13.473959114943284	66.0856252107154	0.6971674725581362	17.263016785255754	3
2.428042387073081	33.7352133176036	48.68042221319663	0.672135001161858	14.484187080964828	3
1.9368527786182255	18.053365608946446	13.131317806952003	0.3639854215863738	66.51447838389697	0
1.6607617055329598	21.542155526251815	50.988416723199414	1.5067652462351895	24.301900798780625	3
4.6930548634722	30.741275552848325	24.996562552755293	2.1535087485088944	37.41559828241529	0
2.029364591892346	25.55404285007608	50.62973846048314	1.032073454863519	20.754780642684914	3
0.3049961951742547	8.468843086593502	23.53852800696172	0.34996957081475527	67.33766314045576	0
1.1147469838272033	17.204446159890193	16.382516782693063	0.3775280406052833	64.92076203298424	0
0.8615067674006223	20.29002343546598	44.10075827365895	0.2715902233760363	34.47612130009842	3
0.28338321921511883	8.47154563503663	66.35587116729303	0.10877653556244263	24.780423442892786	3
3.555002587647145	29.24307905516969	52.8366531810771	0.3468993841474375	14.018365791958626	3
0.23687144294578258	13.25869741979945	57.39518073717523	0.07304615850561436	29.036204241573916	3
1.8391296862879634	27.140936541285054	56.998305659202245	0.14047814546033047	13.881149967764408	3
1.7305498517451965	19.527611034863313	69.0822212465241	0.24322679630285754	9.416391070564531	3
0.4119598716413957	14.923208633969493	61.87342747869672	0.0646525334524481	22.726751482239962	3
1.5450087339738132	22.93359059895109	67.16970598260892	0.12477513146281312	8.226919553003361	3
1.8000030447355837	32.054523022001504	59.76972839798606	0.08214359406413567	6.293601941212707	3
0.6166779968489663	8.05434941490846	78.08719238823494	0.0686792445192915	13.173100955488332	3
0.9520451316821322	11.149982871803497	84.0055950723385	0.11151101101195228	3.780865913163942	3
0.1456255704287514	6.827096048808421	91.10964551861855	0.04744784342687821	1.870185018717406	3
0.424883529644615	12.473857582482681	83.6373487278538	0.15254515763603455	3.311365002382875	3
0.146407175276228	5.1203046305762445	92.82150670708094	0.053062657037800595	1.858718830028779	3
0.7523901177916295	2.6928419963880357	95.13320894801319	0.042778068492750405	1.378780869314375	3
0.5589015097205833	6.380405374428294	89.72003102592338	0.044946978376436277	3.295715111551309	3
0.5351849940253107	6.365281299843077	90.37502341727594	0.026509769794468882	2.6980005190612357	3
0.11620710490811498	1.8855134827696407	97.50704348341064	0.00827030571665931	0.4829656231949521	3
0.09632996296489738	2.4082961800728504	96.30821678680134	0.013378186353631851	1.1737788838072851	3
0.30142260205838906	4.9436649894757725	92.77746665138382	0.028258119785260726	1.9491876372967665	3
0.15205192921640534	4.267361600978139	94.26910287374058	0.024082311774002586	1.287401284290896	3
0.05298034982542093	1.9898097915683401	94.2684416468196	0.007967615273133395	3.680800596513533	3
0.12505586700485308	2.191070069743991	94.14831530689666	0.012977726527369825	3.5225810298271294	3
0.08902430469123507	2.4456109199036637	96.76038749846848	0.01261624384565013	0.6923610330909727	3
0.2597269623527742	5.4337444995470285	92.50717864770921	0.039661870069070966	1.7596880203219127	3
0.05556447260553415	1.8879338943733555	96.06369081218308	0.018034082677583625	1.9747767381604182	3
0.2549322999365577	4.4943056677446025	94.17067233340985	0.012044775703725029	1.068044923205257	3
0.04199401794374568	1.3639974975520934	95.87293916983253	0.004505225065236356	2.7165640896063903	3
0.17809062061577474	4.058409700532691	94.97890839509041	0.017688532756877637	0.766902751004239	3
0.05127222914306553	3.018155938264847	94.90798360990814	0.007724811657284858	2.0148634110266634	3
0.0412168270975577	1.0438587458838249	97.72527924690195	0.006516165197424426	1.1831290149192373	3
0.15038282258648095	3.22834875605687	95.42480831410637	0.010034069478331884	1.1864260377719433	3
0.051743400808210605	1.6362240497254221	97.90778003315461	0.005963932562148302	0.39828858374958603	3
0.07675286243640295	5.316490440658267	85.35119256948941	0.029390946307005054	9.22617318110892	3
2.3892955381993772	22.602054834906355	24.69082240148533	0.1389868630972582	50.178840362311675	0
0.6726201645282718	3.981378142770295	2.593378240050883	0.019086470045115086	92.73353698260544	0
4.175045277690809	19.36685537183642	40.89721193548726	0.05531513830977505	35.505572276675736	3
3.6067439563985704	21.80759496214422	2.2660306316742025	0.08834326421821105	72.2312871855648	0
0.4983746871234918	2.1247305632393934	0.4766322527443746	0.014230247813896826	96.88603224907885	0
1.6483092126955285	18.46377810522387	5.8241245998577895	0.1804630623019484	73.88332501992085	0
7.962132980560881	37.152247737547945	1.145036167719596	0.5237070945383209	53.216876019633254	0
1.6704373383152238	16.806049830463746	0.7891537711772527	0.24726586977110565	80.48709319027267	0
4.033293864507765	60.15905980137736	8.609925368061075	0.5695726722180405	26.628148293835764	2
2.6598450666797655	33.0301704381314	2.5423637067480644	0.5379662757948267	61.229654512645936	0
7.231735368538617	52.60518412675127	4.90646398446599	0.388974781864082	34.86764173838005	2
2.2325247205579504	25.2583868464207	1.7770499276394927	0.7320552625676231	69.99998324281424	0
0.11055720748295234	0.2942986134217921	0.02336486954583536	0.012425088218861105	99.55935422133057	0
3.241799969642847	3.0996141159376878	0.026657151955398226	0.1581038262040205	93.47382493626004	0
22.48699340366657	13.880015586451963	0.2080116886591747	0.5058248389610894	62.9191544822612	0
52.58562553555775	17.994948592281393	0.3990370682161264	0.5420555882258523	28.47833321571887	1
15.494711945576354	69.15728261920573	4.908602516307311	1.3772590610175544	9.062143857893053	2
13.104021016708087	55.01902369033503	3.3432675775230356	3.0913942030011334	25.44229351243273	2
5.848620993168135	46.21042739166775	6.316114441344454	0.7052031317335997	40.91963404208606	2
9.179723831665664	47.534934512963304	1.6219823120427004	1.3407113662335914	40.32264797709473	2
6.601137087993016	73.20359743784736	8.350516764208907	0.6640245307715558	11.180724179179165	2
3.6159943038875895	90.37414796420768	3.6133295579397804	0.26553919660866304	2.1309889773562904	2
10.892364094761255	70.50776901101783	2.9450245949082485	0.45472594155776763	15.200116357754897	2
8.624536889563268	52.50273114538319	1.2432025202693036	0.3438628488561997	37.28566659592803	2
5.544647358724724	59.43706776060858	14.121057532697368	0.4389041251558147	20.458323222813522	2
9.095819923294926	35.701672548776095	1.4110303853193793	0.41625593044428866	53.3752212121653	0
25.175688650901627	45.36668677466098	0.7677098664677717	0.2770932262456252	28.412821481724	2
4.370986707163045	3.507723690320853	0.0630866737724055	0.0563906667711705	92.00181226197253	0
31.29667748887473	49.60399937495861	2.18900964768485	0.07372640592954717	16.836587082552267	2
9.90465276420828	78.0233427963602	0.4312172618808669	0.052155458136103186	11.588631719414565	2
18.878004877049477	66.45599155648205	0.3011349489146183	0.2409535888267639	14.123915028727094	2
10.318599453056324	56.656585367487345	0.48602337978901466	0.09378454407552356	32.44500725559179	2
22.651439776319336	36.32652589191076	0.9772473352842693	0.41815616049240384	39.626630835993225	0
12.984822434947517	80.38373016771438	0.8465207913646768	0.1831057922926108	5.601820813680817	2
8.385523837851261	31.817024742196537	0.19145836494424448	0.05808908526974882	59.5479039697382	0
12.019264667061545	68.70300899582493	1.0343196233590493	0.2674773516278777	17.975929362126596	2
6.215509440393128	85.40913742619254	0.8767063165047945	0.28791788997889106	7.210728926930657	2
7.786171012339099	70.73062387461	1.4252704769711795	0.1784086082738876	19.87952602780585	2
7.297484177384014	81.08511969767027	1.2049327721608818	0.28033317526589746	10.132130177518937	2
7.2990579243198725	82.96927030485054	1.7710890656688085	0.17159263382290707	7.788990071337873	2
5.281926070417348	78.08751868773942	1.778770557205431	0.23860729794215477	14.61317738669565	2
5.634615645277098	80.6671941992899	2.530673740581181	0.2940775183209928	10.873438896530836	2
2.7491585567141392	80.9578365155055	10.809692419030927	0.10905533448801578	5.374257174261419	2
2.6843100985527677	78.95589673208492	2.8549449276464745	0.1903498745328496	15.314498367182985	2
6.000782128309346	81.1921643046745	3.723717727819731	0.1097020682287133	8.973633770967686	2
9.251064717766246	78.2734482922563	4.073428897980024	0.03536143828526699	8.366696653712168	2
6.139054120047054	84.35043603560696	1.5616668619079672	0.03323068859885341	7.915612293839149	2
7.241936091969362	81.44609403557882	1.8777256007162832	0.09303616897809827	9.341208102757442	2
8.582541746114403	14.455529576689838	0.396095863626569	0.13522650469322897	76.43060630887597	0
15.86127350799994	67.64227927366525	1.436334745134492	0.21111591967065182	14.848996553529666	2
17.580081465737532	49.242220329865326	0.9409847985255323	0.1536156045383828	32.083097801333224	2
0.6170998677643514	0.7988053083030345	0.041296824027671306	0.011031363416905035	98.53176663648803	0
0.5191678981056477	0.32884366606208626	0.013237331417570284	0.008832182583016008	99.12991892183169	0
2.794713388447379	1.0812111021303603	0.021098537546494746	0.014554132206868485	96.08842283966888	0
19.61076561329271	11.759045304822363	0.23681978649369323	0.06031343301863998	68.3330558623726	0
36.618718243618176	22.77867764843174	1.0312098377115893	0.22851843138200068	39.342875838856486	0
25.293751330135393	43.243500964030495	0.656101877555935	0.783026139300621	30.023619688977544	2
17.56360584993092	48.719529443054014	1.3419685616160224	0.581498554902863	31.793397590496177	2
8.09166440094508	40.77514496826111	1.1037758112656317	0.6079117304116942	49.42150308911647	0
22.887029536853316	47.79175560546049	1.4672581953511663	0.5497003191309683	27.304256343204063	2
18.395813950837343	38.12426109244858	0.8842100404269592	0.6879770971563507	41.907737819130766	0
20.34092495605436	33.06621112429849	0.5767386917094691	0.5265564453100925	45.48956878262759	0
10.445680212301712	75.64390545402586	8.944805080947555	1.577945039230812	3.387664213494069	2
14.237252339941033	62.585649505091055	4.117051620181184	2.6869925200896807	16.37305401469704	2
18.013074013257278	39.979330250353115	1.5974129551026184	1.4712087361116875	38.93897404517531	2
5.9916022312346575	62.99540617091738	12.847387977987243	2.072970273831732	16.092633346028986	2
15.506603560649873	37.027101349019546	1.866149383700898	0.6991989619316886	44.90094674469799	0
29.02214275191503	57.11865996433222	1.4434590894882824	0.7443350401563938	11.671403154108063	2
13.930654548061478	62.27995997598001	1.2422613539012037	0.5829607298386308	21.964163392218673	2
30.754650563651936	32.775302246860285	1.546468251453555	0.19556125972515406	34.72801767830907	0
35.75944302790265	29.342346169252213	1.7579346462399643	0.1412869141842292	32.99898924242095	1
11.558371283082325	55.20657530357198	13.607378598208369	0.24868707087121472	19.378987744266116	2
16.40227190092276	41.684747993376455	6.6151749010382925	0.13939082821531776	35.15841437644718	2
11.721598946880077	63.990646893047355	3.8502785655488756	0.14559560961362436	20.29187998491008	2
16.429868737896484	50.93541091796927	6.340973551222191	0.14841581686520353	26.145330976046843	2
10.362741889712657	63.43598765896117	10.40992127933174	0.06995852534774512	15.721390646646677	2
21.077491139378914	57.61681681789671	3.2376861086213653	0.09555588413207575	17.972450049970927	2
14.809969734610394	51.0440018054278	8.87929662795875	0.14781463773744938	25.11891719426561	2
9.488965541093876	60.82400854737564	6.701113481462623	0.14405132499570983	22.841861105072162	2
21.001397827775516	57.29490853599122	3.076394132799978	0.12890856010341506	18.498390943329877	2
9.884668389988875	58.821477179374085	3.429022575715597	0.1851433646175738	27.67968849030387	2
7.4321079828	54.313823733093294	10.035809391377988	0.370994487102697	27.84726440562604	2
11.973602384489507	51.25135552461203	8.784868540591875	0.3226467663051187	27.667526784001467	2
9.298351227448993	46.28568037286171	15.946452747477128	0.4175800136144577	28.05193563859771	2
13.985665070211242	59.89038057675952	8.244379636005794	0.21628883630157633	17.663285880721872	2
8.248209397798467	60.642342549442375	11.000913374987174	0.2837761713284997	19.824758506443484	2
14.55679479397293	50.090737079660805	10.35559293436068	0.4341969956347817	24.5626781963708	2
8.788211999203437	50.72543625784679	10.636752545137933	0.19384481063544495	29.655754387176376	2
11.509911285049926	45.318398224113075	22.710646765126413	0.22963625780087568	20.23140746790969	2
13.444803993746524	68.76152596071461	2.9547337194366885	0.13514902911913435	14.70378729698304	2
10.919861236641287	45.56569839062929	23.69345510302045	0.1474213480266705	19.673563921682284	2
7.803746678862791	57.75521671212569	18.974464533375475	0.13432768731643763	15.332244388319602	2
10.297951774900163	59.64041434383876	12.063190242788222	0.11917559685995752	17.879268041612875	2
5.1101771957182445	58.912181659692465	19.273278432977268	0.15236495699073493	16.551997754621286	2
2.0538723617713384	9.66448847400036	0.6777679970546102	0.06633341263067337	87.53753775454301	0
5.124458860215879	20.145043900778795	0.4048723256369863	0.059824311438867774	74.26580060192947	0
24.734914027799338	60.02316120232775	3.263132888504816	0.08173341000569728	11.897058471362405	2
20.934136107054687	58.62513368267389	5.591663975229462	0.15187214774964106	14.697194087292322	2
8.696235735847841	58.0873380721967	8.651319998437675	0.045225731680946304	24.519880461836838	2
13.566571189152373	43.92445992898701	1.6414447055425792	0.1284728568315429	40.739051319486485	2
6.200233553150241	78.623303304118	5.9978076241949045	0.20642790148851614	8.97222761704836	2
3.704806784447546	80.9288756416255	3.3083029829366595	0.1663841872273043	11.89163040376299	2
2.3394679317340525	87.42584005472948	5.398094729641985	0.46086800279227624	4.375729281102213	2
1.3356488410033276	88.1004106184149	4.204960876443399	0.5804901659064029	5.7784894982319885	2
4.080725042269215	82.91023282383408	1.7617459112932	3.1039668043433704	8.14332941826014	2
3.4231094340371313	81.39748736231789	1.5918150499396055	6.834025557309807	6.753562596395564	2
6.4173940358600134	74.48873361552563	0.42747297940489554	8.852967607078007	9.813431762131456	2
6.439046945593516	69.28567538358784	0.7873992851767162	8.74786774212965	14.740010643512274	2
7.932854637066772	72.92479772671577	0.22032598872053846	10.913192609475168	8.008829038021755	2
16.3429731686695	55.6558561997898	0.13850898888097754	23.141682953957773	4.720978688701952	2
6.221213321109483	37.12699706173697	0.30086810145007026	41.2397125812092	15.111208934494266	4
3.5981582157074454	28.786988146271465	0.16904126525070626	62.56339225155634	4.88242012121405	4
6.571143226770587	34.55921963204752	0.14489092978167714	12.139947866275305	46.58479834512491	0
20.165422887553365	53.15013220184309	0.22514841675680786	16.280738540909013	10.178557952937716	2
21.139763165918854	50.93340377393457	0.09836291391243361	24.647665856331056	3.180804289903097	2
19.05129197117919	43.672569353369624	0.052433474766576206	34.6713481615199	2.552357039164697	2
11.422913399513671	28.895400731654814	0.03100791425907798	56.25199147192579	3.3986864826466423	4
5.856027368817108	13.574841891516282	0.02091452137537608	9.05580113476136	71.49241508352986	0
22.764347982843713	48.8717515507989	0.039573741020365004	9.02847689548458	19.29584982985243	2
33.645826079028666	32.57941415577578	0.042193717718064704	26.825349817820154	6.907216229657324	1
16.640780234796967	33.3745734444344	0.04534702763844806	35.12284232748675	14.816456965643457	4
22.573182144601944	27.718844080591136	0.03274838429177255	40.00396816631611	9.671257224199033	4
7.608125799461406	29.288124554516195	0.0452644518415937	54.93812641990823	8.120358774272574	4
18.930450040485987	21.385804189650557	0.023123843729400535	52.25648798283604	7.404133943298015	4
11.46467178064005	24.341354550518414	0.0403674047207226	55.9529137720718	8.200692492049013	4
7.781780815078757	16.28809213534827	0.010866242833843458	20.11077733113654	55.80848347560258	0
9.096626756721145	40.63044813084488	0.014183803143976343	42.723341461514686	7.5353998477753255	4
12.519418176336316	18.37840866120575	0.0051724069231516845	54.15266822744652	14.944332528088253	4
10.576513674751778	14.05300540770956	0.29189285281672184	61.77166910758337	13.306918957138562	4
6.883525594406108	26.059774576345824	0.03906948840432923	46.655462048926566	20.362168291917186	4
0.2997175885541483	0.8524494712706607	0.13332962690198516	68.55126461892881	30.1632386943444	4
1.390372109106608	4.502865338597227	0.20590409868385934	65.26849732936515	28.63236112424716	4
1.1264779622873244	2.8370664493523066	0.04864038106672161	79.1148844350239	16.872930772269758	4
3.680802291884646	1.963131048215783	0.011922509937623577	11.403478814592155	82.94066533536979	0
12.778392081858932	4.630820620668183	0.05866176700121048	67.2750706674905	15.257054862981164	4
22.958457545664448	4.003499507247543	0.07751026642403819	54.73226069915709	18.22827198150689	4
15.462348173662763	4.48904344437914	0.023916297321125463	71.27289885779186	8.751793226845116	4
21.960043776962106	10.428671182166212	0.01776994122965263	61.078479301136944	6.515035798505092	4
17.298953926681904	12.412367107113237	0.012286979575588497	67.84991608324984	2.426475903379424	4
12.909702257077301	18.46409596000677	0.01632745262684933	52.44388604038659	16.165988289902497	4
16.618722878241	24.734931595252373	0.0036133181383239425	39.74531974238635	18.897412465981933	4
9.463461228407237	28.171256894102992	0.33424295783173574	54.3349444839974	7.696094435660643	4
14.692484261041535	17.531713374522397	0.06246161294765081	48.878027475807535	18.835313275680885	4
5.798517856549937	9.15937381512423	0.0077718098496341904	13.263913612712514	71.7704229057637	0
4.229778386514828	9.044161384023502	0.028341083030584194	65.61710439410253	21.080614752328554	4
23.406331727046684	19.750951612591887	0.015872957769730748	47.35329971997411	9.473543982617594	4
13.99098102643367	10.789585430494153	0.012681725165398866	10.439075664193712	64.76767615371307	0
19.482412418660473	18.12964422984456	0.03950839199083051	39.13620483352667	23.212230125977477	4
27.45297300675793	26.792875990543845	0.07259236298436429	37.728642832399004	7.95291580731486	4
10.616247592210765	9.071934008948492	0.004640757185045671	18.290271562279774	62.016906079375936	0
23.237268501700633	17.775505289097794	0.004345248882457232	33.44369454647854	25.539186413840564	4
16.411750289138986	23.06366520277611	0.004467922151461209	26.907208642500496	33.612907943432944	0
1.7144668736333586	1.5014173137409514	0.0016340079287238735	1.765129103748229	95.01735270094875	0
41.55447536144517	20.046310998750766	0.0035874151914667453	20.002696119535837	18.39293010507676	1
38.410310843870086	11.318948018195181	0.004778995982480998	30.373315084213882	19.892647057738397	1
14.105263065777379	7.425374464851764	0.0549499100517414	39.56991361764739	38.84449894167174	4
7.550038704970579	19.946183320790194	0.02547307303118776	48.04694525183042	24.43135964937762	4
6.3534143728983095	33.77645687134072	0.03912310799455954	29.10752652773053	30.723479120035886	2
8.928053062006782	29.882512278160288	0.028047129723187975	35.941352071843085	25.22003545826666	4
12.249128280596828	14.220794727520234	0.008733753168004843	52.28655565413882	21.234787584576118	4
10.526198351906732	18.916899840309213	0.013177528203050718	56.79565422260035	13.748070056980655	4
10.406154205708765	22.422970468078496	0.010359142688510061	41.098906558645965	26.06160962487826	4
10.077854257711314	19.706971944034954	0.01376135494823651	52.617118154378	17.5842942889275	4
14.177842670276444	15.127087871765946	0.012655516865341433	42.21803316878681	28.464380772305457	4
14.756604239954472	14.722944006377567	0.01086687758685946	50.70623313836477	19.803351737716326	4
16.08161807938982	22.01841295888606	0.009025564122320369	38.927943697314134	22.962999700287682	4
16.345760073609032	17.110657974591785	0.018873741015598165	59.0517574604398	7.472950750343803	4
9.218628088250433	22.90602289148867	0.22177437230817576	44.76304705936617	22.890527588586558	4
9.642753199847728	24.994036730034747	0.08889722124293425	46.992737145580804	18.281575703293775	4
10.89837736134267	15.889158959634281	0.17891002500785005	36.60777844220449	36.4257752118107	4
7.367511350113186	23.89252551239212	0.047066514339006514	42.814974341397566	25.87792228175813	4
15.621124850310174	20.386645201551545	0.006182930202239641	52.76776580231712	11.218281215618916	4
7.591467337472279	18.389167788703354	0.020911415293233725	52.24660350976921	21.751849948761933	4
9.247054570736129	14.864044037544556	0.011417438641187065	64.43547295623982	11.442010996838325	4
20.72955032633586	14.437114144785488	0.003189747258467095	55.02501438132397	9.805131400296228	4
11.090125817730168	21.853271975195494	0.028604579647741074	57.213218309383095	9.814779318043493	4
21.21043050207326	13.495411938725926	0.024698126318182155	48.946437336362216	16.323022096520415	4
11.983592033665456	11.37794249773866	0.08604061886208059	56.615004624086765	19.937420225647042	4
3.0640404902940857	3.691260062149445	0.05202420006192614	74.42427266682914	18.768402580665413	4
10.159377812258864	18.44937941965471	0.029364318163356763	56.69417151327407	14.667706936649004	4
5.350190736257476	6.486642555926618	0.056260205569481914	67.00985792781137	21.09704857443506	4
8.51398664560881	9.732379243444234	0.010854303220848113	59.271612988179854	22.47116681954625	4
10.215024838804803	14.28602904635813	0.19454226524410284	66.87794978813166	8.426454061461303	4
2.2837196425633826	5.824865943753007	0.17305929574951465	75.58427334119662	16.134081776737464	4
16.50904567878075	15.875144823790968	0.014688324644738286	58.6022669871931	8.998854185590432	4
9.553909104007872	32.770233918509675	0.02135286191631307	52.404238616441404	5.250265499124727	4
2.4606419228081875	27.42732286010428	0.008836584085287324	31.527360785561033	38.575837847441214	0
3.67141253503172	23.282053817654756	0.04033519727446364	58.35729095283941	14.648907497199632	4
10.960287165892494	23.85313854584133	0.002858459756770366	54.98546247157152	10.198253356937887	4
11.43202703291461	23.42578125108684	0.014678889238040957	56.50078197904352	8.626730847716995	4
8.99840837384384	20.689207764169907	0.0049788411771046915	39.00938609048279	31.29801893032635	4
16.30318255399762	6.546478845257014	0.013601563354733826	24.11450723254462	53.02222980484601	0
49.99127801301766	7.531669751237594	0.013724806315095213	36.53140317017235	5.931924259257307	1
14.271168686539449	3.6141664229145727	0.012792941721487792	73.58274473427375	8.519127214550737	4
17.11828070844205	11.822864684275615	0.009607604989191025	59.58366895809508	11.465578044198056	4
29.48174163821877	12.756913052531846	0.001283987247910851	54.55057422228894	3.209487099712512	4
25.842535846951492	9.335707094917504	0.0019104647724704443	60.23049697222588	4.5893496211326665	4
7.336598281430996	8.120525837072952	0.010711724853701383	36.970669594275805	47.56149456236656	0
12.373735292107831	17.46497660813707	0.0017942807168072228	56.93033841371704	13.229155405321261	4
11.677704302655712	25.379148577129197	0.007862116148515192	47.83115828108521	15.104126722981373	4
10.196889055768176	15.790325324796303	0.0165379328271504	39.773755802341114	34.22249188426726	4
11.648023771735067	13.329982446515029	0.004465794478218888	56.68724688506658	18.330281102205113	4
10.664428866848713	14.185404790270182	0.0035791589600575905	52.56297927011238	22.583607913808684	4
5.409329068660136	27.049933139944983	0.027416775672623118	32.420355001039354	35.092966014682915	0
5.2300308034350715	5.627883266976149	0.0063137465193508595	27.444384176928093	61.69138800614134	0
26.247867972332028	8.799213068027113	0.003727132313993744	47.38990473302776	17.5592870942991	4
28.879493880848038	14.189100290117231	0.02060107574317781	48.44686118687226	8.463943566419289	4
11.68561527591327	15.61596331079243	0.08041607890634629	29.771690659728645	42.84631467465931	0
14.896732149623059	28.151909054885692	0.053647854409317956	53.378313543092645	3.5193973979892914	4
13.307312891718961	31.998916723001685	0.12281871131803754	50.621681944065365	3.949269729895949	4
12.349931261708088	28.703831356948694	0.05298830426568024	43.7141988512335	15.179050225844048	4
3.597908178067087	4.359192053878013	0.012143428570522271	1.8878712430182096	90.14288509646616	0
30.19137849420414	53.47303915255367	0.09748969351126287	9.815978540530333	6.422114119200597	2
6.072842092540455	91.33506118100661	0.0967957346499897	1.7627545618745706	0.7325464299283755	2
10.368355419819316	83.07890317296366	0.34549845917559585	2.8587446121834135	3.3484983358580154	2
4.8812255605482875	86.56922194440365	0.32133816240301744	5.729636593393442	2.498577739251593	2
5.3336391231261	86.45894041286468	0.1825265553794736	6.011439852703908	2.0134540559258567	2
1.5347991576820184	94.8421893363187	0.18195385824827492	2.1812235504573634	1.259834097293656	2
1.716924064700841	94.66098699969389	0.022598259171167635	3.1155264365937585	0.483964239840355	2
3.1583031270470374	85.91324192651331	0.13828665009064586	9.225379812800444	1.5647884835485724	2
4.948780192749628	86.12401498387861	0.3489326009774858	6.951318326669913	1.6269538957243659	2
6.722322963578854	81.07325075429401	0.31136579727626335	7.558597602294275	4.334462882556608	2
2.9372311060277174	92.60729352896722	0.33669991968045904	2.6698276698350436	1.4489477754895568	2
3.3078611717427777	91.75693132045116	0.4906138291547321	3.3420682175618346	1.1025254610895066	2
6.615924073514668	86.74809682066207	1.1392173152213263	2.330376690994089	3.16638509960786	2
8.35305040022918	82.3296496409785	2.614619701634213	2.155566517715221	4.547113739442874	2
3.5720407063246764	89.19681209607391	2.702825228781639	0.7411774497241851	3.787144519095583	2
12.606817927362371	80.99220877647852	1.371287869824167	0.3134699352501354	4.716215491084818	2
21.268546338782006	48.84011536112595	0.3222055703984733	0.2134542268464021	29.35567850284716	2
17.177200268518938	76.22714668867458	1.5866799981442827	0.05654477757068519	4.952428267091506	2
18.752776749997494	76.04417969015775	0.41599383024889247	0.0320149869706912	4.755034742625183	2
26.271941271367933	65.6130615566544	2.192579668465398	0.07294561443058538	5.849471889081691	2
5.358388163104136	87.89197216742623	4.801051736884554	0.05094219198862508	1.8976457405964677	2
3.1039967994147335	90.67727224122898	5.056901557935185	0.019210889680459	1.1426185117406493	2
5.157680794345612	84.17723000599041	6.543487785466999	0.026763697584576588	4.094837716612407	2
3.8816109828955683	90.22376836835103	4.888635939155889	0.023994361230332	0.9819903483671776	2
2.724132003819969	78.74092611481471	16.588353007416455	0.02819165414233083	1.9183972198065453	2
4.010686997144557	78.95336881677243	15.451326550467703	0.03211563238040784	1.552502003234912	2
3.712419635770789	84.80080624531145	9.24147057275914	0.05223612981295757	2.1930674163456416	2
2.782171533100244	77.64737618184479	17.69045761965026	0.0257442956687982	1.854250369735903	2
1.7873098430499712	86.92600528288824	10.13685210822121	0.029930234064717707	1.119902531775857	2
1.1309949700239776	78.39391011680438	18.88300155309318	0.03551240376311434	1.556580956315342	2
1.7664771666507817	93.75388665085941	3.1395828354470696	0.01452022333291958	1.3255331237098278	2
0.35401306034794366	51.10638038217016	47.21274537778839	0.016419108801708125	1.3104420708918119	2
2.998920654086254	80.45054734577917	10.371913057900988	0.02717124820127264	6.151447694032314	2
1.4595536179465702	75.79515028319204	21.373922222794548	0.027843751291338214	1.3435301247755114	2
0.39712380915665435	43.0057792407255	52.03858261681105	0.015948006869031053	4.542566326437757	3
1.9790525409883692	66.79795384823483	24.819433460273572	0.015026719573630104	6.388533430929588	2
0.8597965369405827	46.22137339682552	48.940469719383124	0.009273763019995067	3.969086583830787	3
1.0822899430868025	62.710644316993324	35.116762744569364	0.03360515707254982	1.0566978382779653	2
0.7624846396776188	47.509790005072624	47.6803455742457	0.012003763235059552	4.03537601776901	3
0.32318177762955685	39.29800580916366	56.84709691174034	0.014126422891549717	3.5175890785749	3
0.15408929715722947	21.298707333077534	77.91579920541041	0.013380611259777324	0.6180235530950489	3
0.2890698304765062	32.144082018996144	63.846412548826294	0.013225409511401448	3.7072101921896543	3
0.24601392919997556	31.673646613970767	65.29097323898696	0.016823817295400428	2.772542400546903	3
0.23925222549328315	15.261705728998207	81.36079112926045	0.018567233916084985	3.1196836823319622	3
0.029989123540803818	7.322617263071764	92.52790221850596	0.005326971622802797	0.11416442325866438	3
0.0900979946009798	12.939721075318333	85.48566296288527	0.014622312354272872	1.4698956548411504	3
0.17526750277985303	26.50147603565593	69.44248615659244	0.021324396358043184	3.8594459086137305	3
0.02240288831160559	4.526025748945752	94.53043210461229	0.004067258672409922	0.9170719994579246	3
0.03189087495213955	3.813870663596034	95.31562777981053	0.004337014253115703	0.8342736673881993	3
0.1443333022229504	7.254401610765447	91.3147235803773	0.008958093628021644	1.2775834130062882	3
0.023042356563110215	3.9769624200245777	95.50289992302747	0.0025532569460230956	0.49454204343881913	3
0.5827139244760096	12.576250939896202	82.9706575622343	0.026452653922321705	3.8439249194711818	3
0.1831057976143345	7.8331726814320835	89.26171830500068	0.0069712308718347	2.7150319850810822	3
0.05957108505558255	3.8617242062783106	94.65067086612015	0.005932569222857623	1.4221012733230698	3
0.04580780775789959	3.7257819975151167	95.04770926923085	0.0041007953807564515	1.1766001301153886	3
0.08009194127264636	7.889438428099538	89.49205052818385	0.006770560710584246	2.531648541733381	3
0.16021321589046625	5.002528586813065	92.81368265546577	0.007584637924772428	2.01599090390595	3
0.32320063877555566	6.250483492307708	93.01030044034111	0.011862867095972124	0.40415256147963935	3
0.031281484610062256	1.9173925335169015	97.46055876754131	0.0037952086784678327	0.5869720056532423	3
0.11759289266112512	3.3680878957978853	95.99345211148669	0.004282087626452454	0.5165850124278585	3
0.8388061898369393	6.824974124678951	91.8370006845576	0.010402225344985323	0.48881677558153275	3
0.14338077411142156	2.344511219602444	96.57676997378287	0.004306070524648392	0.9310319619786221	3
0.018440334558334326	1.5981256499825736	97.42757453183121	0.0022634194796445754	0.9535960641482328	3
0.021511888928765127	0.8201717219295838	99.04728292444102	0.002277895000862955	0.10875556969975561	3
0.599751247266444	1.4289652260167647	96.61599907365706	0.0026349900142478145	1.3526494630454795	3
0.0077945715650658024	0.8679989248702492	98.44583485609489	0.0015658558860976496	0.6768057915837076	3
0.4995006901990771	1.9959752152113364	96.70729156568089	0.0021076086737818298	0.7951249202349085	3
0.009310417933377332	1.1294936112513994	98.67011161343171	0.0009992223988982368	0.1900851349845972	3
0.022158922441331646	1.8688381654142143	96.94783282277129	0.0011272654165320395	1.1600428239566312	3
0.02131547583477951	2.5539720216658344	96.17391345654991	0.0019495730136597593	1.2488494729358126	3
0.017214016849399733	1.2058766558631413	98.59738675797453	0.0007826719093019409	0.1787398974036348	3
0.045107882875364734	1.6310409753604844	98.20311113321027	0.0013754745466406087	0.11936453400723111	3
0.013201623964572548	1.468907764996621	97.57715152802784	0.0018410127670760478	0.9388980702438935	3
0.05273760339026092	2.2437759668929553	96.76355873984495	0.0016509877319582104	0.9382767021398534	3
0.01897894032642623	1.1830315087572696	98.1933490989725	0.0012511403700659165	0.603389311573714	3
0.005629253128714877	0.7001895746940263	99.05839609871596	0.0004244337068404611	0.23536063975446364	3
0.004364912643760623	0.5145381272875411	98.9802235183252	0.0003559530209908272	0.5005174887225019	3
0.01442819866237373	0.9437742584355459	98.55106945180914	0.0004069029387943615	0.4903211881541397	3
0.023104727415629113	1.6949996248383674	97.35256334868178	0.0013434317417509065	0.9279888673224678	3
0.03239875660177188	0.7277742518236934	98.8309197282813	0.0005773141138549814	0.4083299491793831	3
0.021063703791283122	0.4274575277309343	99.40012212514648	0.000655634795486749	0.15070100853580395	3
0.2197864704338754	4.482311194230002	93.8990194292657	0.033228540485772395	1.3656543655846436	3
1.7780967535011356	20.885203636634596	38.43375421552804	0.058903892782469054	38.84404150155375	0
3.7619845498649536	37.70148331807622	50.42625737324799	0.08817400492915113	8.022100753881674	3
10.959720754165263	52.017801975793596	19.272056191563834	0.260240090882601	17.490180987594705	2
7.780816440853543	59.83140546117439	10.028575662651768	0.18437717188375236	22.17482526343655	2
3.9168263806552015	30.35078266988298	0.6087505385041523	0.15166674986590004	64.97197366109175	0
2.412634680348574	19.567884659941935	0.48399024889614584	0.1929033589933876	77.34258705181996	0
19.26310303330558	48.31231283805087	0.8640304514351429	1.3806749901894109	30.179878687018995	2
22.38895978883286	60.01753350754937	2.9721843135558745	1.213484702012874	13.407837688049028	2
36.046003645680365	44.69712707170446	0.9972115696000627	2.4962859142232343	15.763371798791875	2
9.58917939956321	12.92880398315082	0.08650116836153063	3.7199018425250663	73.67561360639937	0
29.61049606761691	40.76144992275207	0.5171022042045745	3.4706865623773635	25.640265243049075	2
25.266696743947808	48.41023596298004	2.8624117986517894	2.1519426657971747	21.30871282862318	2
33.06625912610805	41.65486152403599	1.882875740097983	2.319898726232777	21.076104883525193	2
11.605462889366029	63.75371120547519	1.509442244962578	1.9243215713083972	21.207062088887806	2
11.703023628867374	68.63818854366545	1.530901536055261	1.1630167365302067	16.964869554881716	2
15.541293177385187	60.52002537564497	1.485631625437137	3.481486463143349	18.97156335838936	2
9.973016506317956	76.86117713455114	2.698651537961866	1.4407560288307297	9.0263987923383	2
13.06696090963064	60.70536857000487	1.3128241242366363	1.3224233496203	23.592423046507566	2
2.042874798558876	4.591196121995303	0.2975049903399141	0.24371286710490456	92.824711222001	0
33.89342079553129	54.252690861785304	0.5041856613598344	1.7037048506832595	9.645997830640312	2
31.274237267323617	60.75782479135034	1.4340424379227192	0.4123182134993197	6.121577289904012	2
17.497298794277764	79.2307703190228	1.562323984501665	0.2090069874592312	1.500599914738537	2
3.845577336816783	87.36845595165971	2.7220877532832084	0.7238880112408883	5.3399909469994045	2
2.3791716641864737	86.26054214639282	10.028546065804477	0.08861896532827729	1.2431211582879464	2
0.987200111908734	90.31482780955548	8.015429151633654	0.08989048858162221	0.5926524383204964	2
2.7237786537082256	79.22819248536946	15.808680977537259	0.1431607652953496	2.0961871180897074	2
0.9379165331630785	81.56665120987488	16.721639124414807	0.0907452012923407	0.683047931254886	2
0.5139257866573719	86.28561694883814	11.392703345070926	0.10648506554478776	1.701268853888762	2
4.3832260327754415	81.90555863541333	0.9680126589505514	0.07673093190780525	12.666471740952861	2
1.4791864644218091	90.47507933353815	5.71219460195531	0.0665684381589734	2.2669711619257478	2
1.836270186528868	87.33568894451459	9.733942311361684	0.11399863482211038	0.9800999227727336	2
1.4020288486431398	89.61270342688057	8.077974801898081	0.10005773850321067	0.8072351840750052	2
0.31601380098413817	59.24323244042792	39.864340174946804	0.06275149907424779	0.5136620845668949	2
0.597085463657428	68.80593225031446	29.92961271111892	0.11458816135942805	0.5527814135497632	2
0.4313200294987294	66.59144972739249	31.930028317613285	0.07865090409206459	0.9685510214034471	2
0.28691429214077935	41.4855011632001	57.60491566585593	0.02874110831385793	0.5939277704893176	3
0.416074493369852	62.05488402349201	36.96847018527775	0.0267638471807922	0.5338074506795988	2
0.5102469868318196	62.41957861679768	35.98534143397867	0.025599540335950414	1.0592334220558794	2
0.3139443336026467	36.343545928592135	62.6439135651189	0.012478824475459416	0.6861173482108467	3
0.9916282498350603	55.802709902228045	41.0356703728171	0.0423185237346783	2.1276729513851054	2
0.5828977070504847	64.5521895630058	33.464010063604846	0.0648775563060819	1.3360251100327922	2
2.952447471265414	39.64477026592746	1.6008360387419398	0.05244226627292639	55.74950395779226	0
8.815735873772699	63.5933715497346	1.5250078317123363	0.04133751003751969	26.024547234742855	2
5.869368166748417	79.04620862604644	7.2605320375903295	0.12757069469040927	7.696320474924409	2
6.569154879191634	85.668194399757	3.4058723642674456	0.13361499180696967	4.223163364976975	2
2.3441859183157865	80.79213465856154	12.052333073408173	0.16809646020680252	4.643249889507692	2
6.838105202167776	82.71914165117876	1.8553273520566862	0.11428635507533069	8.473139439521434	2
2.695504065055995	8.582129560813618	0.09661208272690734	0.08280143328200784	88.54295285812145	0
26.72338918112346	52.90811305889943	2.632032312882779	0.6747151430606825	17.061750304033644	2
30.282738818188832	61.505055539833165	0.6281664985895098	0.5839524633270244	7.000086680061463	2
13.064773819644437	71.9098249605518	2.7030849252377993	0.6596588683208118	11.662657426245165	2
9.591174170443702	77.2323154190633	4.449880260798331	2.564054211143101	6.1625759385515675	2
8.69375718271111	72.92087239632806	8.956839189068653	2.9487106412127555	6.4798205906794	2
4.953847136504615	81.94027365300936	9.93587303630081	1.7084631856535155	1.4615429885317053	2
10.170214105860174	80.5649528075164	1.0930369691690172	4.87243153239138	3.299364585063045	2
3.902482738200319	80.4752721892332	10.289427326600597	3.0686988889773446	2.264118856988528	2
6.649459067719896	79.75494352667143	4.189809793748702	2.155307620734951	7.250479991125025	2
5.293437462263505	84.60876319960087	4.996690790737217	0.981048920697527	4.120059626700875	2
5.806565953931411	79.72898239155138	12.120054590273387	0.4018536977767235	1.9425433664671012	2
7.259366499098961	80.68572302286118	9.066754872614855	0.20872226195809257	2.779433343466917	2
2.627335699297372	88.20220117056277	6.831445305815944	0.5848388864258438	1.754178937898071	2
6.154689187906351	54.32457459578015	35.05595055178808	0.5413483124786015	3.9234373520468213	2
4.88575429329213	83.51275918880657	7.620611412298828	0.4292462123109142	3.551628893291573	2
4.566437331187543	80.70655869664792	10.071224525059487	0.2989389912335933	4.356840455871472	2
2.9330785149516623	74.33868773070112	20.72048798728155	0.2171575466305553	1.7905882204351142	2
4.820009739960328	62.225530421957	16.195180505826055	0.2382710216844705	16.521008310572153	2
2.441355227012679	70.67528396725095	22.892534585862307	0.18568130506189892	3.8051449148121717	2
4.746330612335113	89.87971878329479	3.286446447352545	0.12938826474823836	1.9581158922692934	2
3.977307528239079	26.171239130606832	1.355576726232425	0.12426530187919023	68.37161131304246	0
4.2439423797444	78.6327902032548	14.005934099099457	0.12192015519172236	2.9954131627096268	2
5.826449514116872	90.22940484383444	1.057917942631297	0.10879260121646765	2.777435098200912	2
1.6202633623155709	90.84506467615569	5.124437937489488	0.07765372002672757	2.332580304012512	2
2.4381004078191393	87.27753345872651	6.800389719764725	0.17978796534567903	3.304188448343944	2
3.3321796090639753	86.16746382174622	6.546445880683474	0.24789607435974714	3.706014614146568	2
0.03761770243740324	0.32783126618615055	0.020151602285690663	0.003609988010936611	99.6107894410798	0
0.8618095356396565	0.49611968619195734	0.006997640042150626	0.0074249171431316355	98.6276482209831	0
38.615028124341286	9.778218307893964	0.14758473598809516	0.20405570772282547	51.25511312405383	0
19.08446061350047	11.953756058003414	0.4136094924128617	0.08137143747807005	68.46680239860518	0
15.84042622050916	5.930589674492428	0.12723120315725192	0.12039027834971053	77.98136262349146	0
13.74564633067503	60.77467707929415	3.415523673440029	0.3058429029374955	21.7583100136533	2
16.78552237633115	36.88966223729363	0.944346556159336	0.3814455833489818	44.99902324686692	0
3.7849448131067684	16.49990581141027	0.359762047937955	0.09880479575377393	79.25658253179124	0
9.946510978648234	10.864383578746843	0.3207111276036477	0.3680729908362481	78.50032132416503	0
34.58294090871236	41.92180469839282	0.30156950331472593	0.3732094698571152	22.820475419722996	2
20.932323575884855	59.664094393236965	0.9580724698274636	0.5443578185271905	17.90115174252353	2
23.209204006861196	38.37502751981424	0.9242454374801136	0.3991569597103362	37.09236607613411	2
16.508131278283848	72.8661935046539	2.123046112575041	0.2511656891082448	8.251463415378954	2
15.80516335119874	23.37695106723934	0.7946742352180884	0.506087605584887	59.51712374075895	0
29.73432093486536	56.76896754994748	1.328415671047979	0.37678320373995117	11.791512640399223	2
13.586913775549212	44.64063530347772	6.086435757672938	0.3327327357805797	35.35328242751955	2
10.939361651754464	32.86736012399594	2.3642306478046855	0.24703325621619282	53.58201432022872	0
21.916490209879214	29.08524976999215	0.980669362648264	0.14924947292416188	47.868341184556215	0
17.989925136653756	28.699559896783484	2.310352614341157	0.11734607806012488	50.88281627416148	0
12.66268446392318	20.899104645113116	3.484280804348716	0.12159082635501525	62.83233926025997	0
10.222074281736973	22.40079594267709	1.9680147569342796	0.06578761521087509	65.34332740344078	0
17.366480674055254	29.773710938110543	4.2791249003642315	0.11056574594116483	48.47011774152881	0
4.209622072700483	17.510834419622757	1.6558465557496307	0.08090433645308485	76.54279261547406	0
1.3987355899327951	0.9063393398100658	0.008119565994332842	0.01338228773142832	97.67342321653139	0
14.683636176016387	14.447011529306902	0.5803527910932199	0.0982470019519677	70.19075250163152	0
29.388597160494527	58.817880665604925	1.4384761460056648	0.16238304162728906	10.192662986267603	2
13.478670904627792	71.820910305056	6.433163468093299	0.3238696502944688	7.943385671928456	2
6.964116979340683	71.46816028929639	3.174937337267305	0.4037685578893344	17.989016836206282	2
17.51152745092288	57.157729960937566	0.8646731210600941	1.039187870052532	23.42688159702694	2
4.9327821073439635	40.04296215488851	0.48327620026460516	0.19033632028422484	54.350643217218696	0
5.443338767701487	4.516174018106019	0.030315447882642826	0.055674113592104356	89.95449765271776	0
15.786677872210685	49.66271273467195	0.5062528003685683	0.14474895561057713	33.899607637138224	2
21.299244092472584	59.704192461004624	1.1073243953468501	0.09646816055784393	17.792770890618087	2
38.23187041481162	43.89336666096624	1.4768621793609014	0.22681167718892406	16.17108906767232	2
9.191542050358814	50.83583493833598	3.47753006114485	0.23488738080527158	36.260205569355094	2
17.97011532306126	63.60829074077371	2.214712082768897	0.21644683886680588	15.990435014529321	2
6.716893853701709	80.39811897683089	2.3329628472702417	0.1770118511629073	10.37501247103426	2
4.2599204307846215	79.22131333484029	1.4914944420333198	0.5691055909901581	14.458166201351602	2
3.371317521215643	93.52172003330209	1.4004800546370408	0.32596690896193636	1.380515481883288	2
4.3794374560832035	92.45487280110463	0.8270137298924568	0.8925047938588985	1.446171219060813	2
1.1904549895109633	97.15575434492304	0.44920941354741956	0.6719650440644056	0.5326162079541419	2
1.6998148530692578	91.56617950610952	1.9841476159535933	2.787958686846988	1.9618993380206178	2
4.5237610156333155	90.61466352278906	0.05778371625535508	3.4637089912018686	1.3400827541203986	2
2.4896690598854465	91.53644617281054	0.3836983148986964	4.499829010695809	1.0903574417095174	2
2.0946051269229047	91.56023710708293	0.14460042147362379	4.238800120752555	1.9617572237679677	2
5.319354332157002	70.20851615873758	0.1479730305286159	19.632200268428218	4.691956210148601	2
4.979627306251007	75.63093068001918	0.12122449028265185	16.919932100444104	2.3482854230030594	2
8.37508869467788	72.05441440864556	0.10252076767510944	17.80882456073275	1.6591515682687172	2
7.520218578450969	73.15838682141188	0.060173358645127614	15.431709483593128	3.829511757898886	2
5.869810234487039	74.21993967002528	0.07414968601789645	15.755403098373803	4.080697311095978	2
15.725396875784343	43.13425006455377	0.05858765910808861	26.977234808120755	14.104530592433044	2
39.564160427291434	18.55996426053248	0.01426255252066042	16.21370786703946	25.64790489261596	1
57.7366633216642	17.056450654574935	0.018387928731935056	22.85074062083135	2.3377574741975806	1
45.02410345424438	15.522271822369504	0.054836940459893777	33.94341727375237	5.455370509173858	1
34.63484611686578	15.530394798923236	0.030965684762149382	47.7668844489832	2.036908950465641	4
6.450875309094144	9.782807636660872	0.0477879897113579	80.62208704831438	3.096442016219227	4
7.645302608122349	9.038413748803457	0.018859241027446242	80.33317517694996	2.9642492250967867	4
7.631297555312355	24.281029585835494	0.0791924873997076	66.09287525033155	1.9156051211208749	4
20.192254267382634	13.442066660595858	0.056355925657043726	61.4107009786821	4.898622167682357	4
6.252053133117702	14.373508717280215	0.033501896623650725	73.09197063706466	6.248965615913784	4
15.856685094290683	23.94920916302127	0.021767702908059138	56.94837983408685	3.223958205693156	4
7.552078808709273	32.54865420357322	0.08626082533681956	42.50689952754981	17.30610663483087	4
2.465977276639548	17.10793072395242	0.09174755441844065	56.65729026577747	23.677054179212114	4
13.421796199236494	21.152849959499655	0.029191105559508785	26.39303339969391	39.00312933601044	0
20.546476963232475	39.835685793116674	0.08855399523978148	19.636711288665353	19.892571959745705	2
30.98598904941771	14.36533914961194	0.015308797942027993	27.529657022348914	27.103705980679415	1
13.325357811431607	8.39625388620258	0.022481420527265216	71.53961012880002	6.716296753038534	4
3.2760040021057533	2.442887385136233	0.001186974309398394	90.59761613640842	3.682305502040205	4
8.911323266608349	13.532702226092338	0.007841081002956517	34.891267743538975	42.65686568275739	0
9.167106104936286	8.869270553907576	0.01060614644794677	57.258977206809305	24.694039987898886	4
18.267434155662198	15.26356937862214	0.01491315095251715	55.3151102050538	11.138973109709335	4
23.977854741113052	14.633743421646386	0.011516259386065954	47.49653718811167	13.880348389742824	4
21.738262193119493	9.418529489534206	0.03627802977485594	29.54722094557779	39.25970934199366	0
46.763352301938944	4.232966735949732	0.02347718487355957	34.77312215324018	14.207081623997583	1
41.3652488121431	5.589896545441338	0.10403363242121638	26.49613233902744	26.444688670966915	1
54.39382424444455	4.655760702699146	0.008578891523956715	27.678277852308554	13.263558309023788	1
19.886016641074473	17.598460060002612	0.010387721300040675	57.04760679273733	5.457528784885551	4
14.289038128081701	13.733316517271177	0.1865616208864061	58.030145470716086	13.760938263044627	4
6.649597173677277	42.31872132106986	0.18707286995269978	47.34292850177632	3.5016801335238585	4
4.1652849347288186	49.91979996625082	0.05163218238330565	42.684598618959186	3.178684297677851	2
1.892228537102885	78.04311286023551	0.36943514850019504	17.9105870897332	1.784636364428235	2
5.768703789235649	44.40649365577545	0.14228356390089464	37.24042609766183	12.442092893426178	2
7.753157244534779	54.19912054104643	0.1861712670231749	32.544848157484516	5.3167027899110915	2
4.216398008303552	62.61504191972573	0.12336938148569353	31.11897070590833	1.9262199845766885	2
7.33623075244262	42.90651580220232	0.10492706681540814	46.50727483322573	3.1450515453139287	4
4.6245927463474645	52.24889008301105	0.19848185124562434	30.09111881783672	12.83691650155915	2
5.87680205963245	6.422444958168863	0.11194228996928426	31.75908650965197	55.829724182577436	0
10.16778852494401	5.604562726425103	0.030486190359361568	6.817593671018718	77.37956888725282	0
31.490529444195175	13.22112106536381	0.019280716589166066	5.068518140897936	50.20055063295391	0
41.67436617259619	46.45344308017939	0.19458814783461753	0.9009204359665772	10.77668216342324	2
8.378044311982027	81.08866314420365	0.6913152330411875	0.7515565575706787	9.09042075320244	2
9.267354306082177	82.04779860114053	0.7612190512321023	1.1707910774371217	6.752836964108062	2
0.7665075120428523	95.58853843344843	1.036764171201836	0.24246700810090804	2.365722875205983	2
19.229136120080092	36.60657283401969	0.18980167464683095	4.033490295214947	39.94099907603844	0
12.959678777466083	77.47390890521577	0.19068352239510006	0.3757710805109067	8.99995771441215	2
7.316154617673007	88.62801014150357	0.28006749233362516	0.1582245374735078	3.6175432110162933	2
9.279254829038345	87.50252813005572	0.44698521268664687	0.27725008068687285	2.4939817475323984	2
2.931334527263527	93.63700076222734	1.2736935062356178	0.31348577304326064	1.8444854312302548	2
1.5058288912910394	95.16592019957056	1.8655518901367234	0.15749992619269082	1.3051990928089827	2
1.5690999922354103	93.5277877621863	3.278424901719629	0.25036094471283254	1.3743263991458172	2
1.0523170278277199	96.63026678301968	0.8358667514007918	0.26599003276621036	1.2155594049855918	2
0.6146184238678674	97.7904531767588	0.3970868806427466	0.0652480698368242	1.1325934488937663	2
0.7782033178441226	97.52466417640986	0.48596564174916407	0.06735734131468014	1.143809522682171	2
1.2093055754082565	96.9572185446816	0.9931217189111388	0.11279192675025379	0.7275622342487482	2
0.9988920108282762	96.75758782873491	1.1483596039533939	0.17532839329044053	0.9198321631929962	2
1.390991589591859	96.38018409858738	0.5159483635438732	0.07117167838725551	1.6417042698896094	2
0.8219631688761383	96.8635148563495	0.7851031345283163	0.09510682348825719	1.4343120167577708	2
1.6177172211582904	96.5590535713116	0.4893873963176959	0.1398382898820308	1.1940035213304057	2
1.7808761840797076	90.78104352583094	4.709700222580611	0.3272171570859693	2.401162910422781	2
0.9063426662219657	94.72722571077729	2.9152403938304214	0.2372269575684512	1.213964271601862	2
0.9325109307115227	93.70129279251597	3.0713661690931273	0.19767156690381113	2.0971585407755824	2
0.8849585254228522	91.68573797727903	5.982006504115329	0.29900177681103635	1.148295216371739	2
0.8107297916913139	3.3393016800906796	0.08692287939273663	0.22635320027679465	95.53669244854846	0
20.961288771538534	45.561421426694245	0.5281674447729999	1.7076520014430867	31.241470355551137	2
14.267115145059392	38.259389913300964	1.2176671587249248	1.674880710955266	44.58094707195946	0
25.954075579601867	43.367590202362976	2.7700776519747454	1.5147383545259288	26.393518211534477	2
6.235082864770651	88.45819749890815	0.23408924716326737	2.1025541108583052	2.970076278299632	2
4.838320741670739	62.0807682431694	2.689955711569757	18.270221502537698	12.120733801052399	2
2.318382566528156	18.49245410649141	0.265981073917828	2.7028564341990733	76.22032581886351	0
0.17094703797957475	0.2566057702099867	0.010694366105807984	0.10803828451116627	99.45371454119345	0
0.5680940228530315	0.21461873593585606	0.00922179363901137	0.12835165834775167	99.07971378922436	0
8.658939983259433	0.49122219926731525	0.004377466276396343	0.13825745151724897	90.7072028996796	0
21.84363675127764	4.035683878340455	0.040052408524214614	0.458180782542281	73.6224461793154	0
3.9885271160456806	5.544072770933018	0.056170821359934224	0.2747711369942744	90.13645815466708	0
13.806771828773327	32.715713658473724	0.7365707627775098	2.02261351171974	50.718330238255696	0
17.238778189381428	29.507441122415152	0.757802768897091	1.7870513501297192	50.70892656917662	0
18.25228990052023	27.469814873567277	1.4676609273359116	1.9504924347072585	50.859741863869324	0
12.130517806149099	55.16766678678795	0.8803499619639537	5.678177116744214	26.143288328354775	2
7.416700112874114	67.75354340224233	4.605119273914612	5.448867730897405	14.775769480071531	2
8.061807777007354	65.96354677285994	1.483428848859365	3.23165328022657	21.25956332104677	2
8.451819558565054	20.20704830125156	0.5670381126446855	7.255698040103713	63.518395987434985	0
2.3371162106347034	3.2688619207298792	0.11512585499777075	1.3927033122539263	92.88619270138372	0
0.49569070972970863	0.41972492689698354	0.016398483201153224	0.17515139844229363	98.89303448172986	0
3.078489706401578	1.9262909362478666	0.15922891963338184	0.5869709503917219	94.24901948732546	0
7.120291103812339	5.80013562054534	0.12446817986035431	2.0113801044638064	84.94372499131816	0
14.1785777759825	7.365264267511364	0.42572939723824	6.431854599990984	71.5985739592769	0
0.9574609141286726	0.3414560888960462	0.001410846023908394	0.11642207523184168	98.58325007571953	0
43.232181798079324	8.340322053257875	0.11088739626420985	4.998376000053061	43.31823275234553	0
35.41209448717669	7.480897717025728	0.13175671578526904	2.1714850226884552	54.80376605732387	0
19.48226847730135	68.23880945147688	3.0617615616545093	6.136592002048151	3.080568507519103	2
6.464825674813901	67.05783805688108	2.5001710128964985	12.09944419364432	11.877721061764195	2
2.460976963833088	84.60402267270148	2.4344431068948977	8.62640435909822	1.8741528974723125	2
4.163737127003972	71.15242791373187	0.728869562672325	20.065096390390945	3.889869006200892	2
0.9197224903141689	93.81860145032371	2.092386114627128	2.5587032080453374	0.6105867366896343	2
4.253420977282299	39.06467288447155	0.1100204391569171	14.422054044244813	42.14983165484443	0
8.611470737903854	63.10796677301299	0.17481681515500247	14.600127321702702	13.505618352225445	2
2.7179407505195243	91.26345032281763	0.21580045379533908	4.603035071163293	1.1997734017041985	2
3.713127797789056	88.14753974777774	0.23086690325753753	5.384890534813605	2.523575016362063	2
0.5469104739300963	93.71796357792715	0.24865548474192778	4.253690066120563	1.232780397280265	2
6.929069718383621	14.415327215724513	0.06586968766066251	13.859898592879539	64.72983478535167	0
5.702391803351215	3.633306234218456	0.010353254083909209	1.8240936493133477	88.82985505903308	0
2.566412768279671	1.5932653824909462	0.026613872443791202	1.0996439613437188	94.71406401544186	0
41.64347517202692	27.97616450843486	0.2766147346480427	5.54792722526162	24.55581835962856	1
11.075693851530138	82.01038274892987	0.7526659820707051	0.3970604841458486	5.764196933323407	2
20.84193705308632	69.54238072205725	1.5433075260385234	1.2973589550102855	6.7750157438076455	2
10.418231201461664	83.56180969491021	1.429354566889987	1.987123848816466	2.6034806879216523	2
3.3964106667889	89.55412605225936	3.417794541335061	0.7082896034498354	2.9233791361668513	2
1.2588426153594483	79.99094683122179	14.613928689767425	0.44049863481355445	3.695783228837789	2
2.030716274261422	82.54887187965676	4.850742733951549	0.9158098945696245	9.653859217560635	2
1.9914127206958003	88.79240584905035	3.3357246482856597	1.2867385315228557	4.593718250445343	2
0.5988588374522039	97.90689282619898	0.1232128020390295	0.37716984420949573	0.9938656901002682	2
1.3255240347517232	91.08773796081174	2.143304111780556	0.9573333282992301	4.486100564356739	2
10.567898068405048	65.3729585026231	0.29613315611641	2.742703382271098	21.020306890584344	2
6.404314371705146	87.84299153385679	0.6957137512930335	2.9409073828780445	2.1160729602669983	2
14.935790143253655	70.53937946433602	0.41027398450829483	4.134222005362204	9.980334402539844	2
2.8255946358723465	94.7593316499516	0.3781935061209969	1.1304970078962246	0.9063832001588186	2
6.8795739023778415	77.88064120250262	0.12608852420121344	10.236175782895561	4.877520588022748	2
3.937187022331768	12.147362089192372	0.05780857954402476	4.130549698311284	79.72709261062056	0
6.646595488115638	7.273021195127134	0.04361547049584626	8.072784900826566	77.96398294543481	0
21.732013158237475	4.518830801094174	0.018646326359488475	1.7351788885277077	71.99533082578114	0
20.674485270632175	70.5552640969889	0.2273539483225928	2.4460800084990226	6.096816675557302	2
3.556827455432263	91.96337960634051	0.08914230659444974	1.0541756530908764	3.3364749785418932	2
7.536850015540606	66.87757705288533	0.19413129113742986	2.6981065834629114	22.693335056973723	2
3.9757825344048556	91.52771935778652	0.10101438671628127	1.3145747920785957	3.0809089290137375	2
3.9153497142218887	92.74860889041257	0.27607871624076086	0.628643335953864	2.4313193431709097	2
12.782447524183507	76.59419078418665	0.3339510796229042	1.1454178234926313	9.143992788514304	2
9.177529164785536	57.54800067055184	0.5291624143687441	0.8223314081717389	31.922976342122126	2
10.64691662115864	83.84137899708756	0.17522291913036464	0.2599102134464308	5.076571249177004	2
17.735797846835762	80.4830461354281	0.0883299645227177	0.4659593606181747	1.2268666925952725	2
21.124128888624508	75.71770777097254	0.14231540871477782	0.26806558051448753	2.7477823511736816	2
12.274798072017589	83.34964744355521	0.5854129652037482	0.604398237503266	3.1857432817201747	2
3.7485102735095523	91.12489326546792	1.4514811987770764	0.45859859376641104	3.216516668479033	2
7.372124634993918	87.6625748827804	0.4549364431487877	0.573750054455541	3.9366139846213613	2
7.304333195448458	86.10837470978852	0.6224418171083447	0.43794342242769596	5.526906855226971	2
10.871098916659085	83.12621382823447	0.8578012412983166	0.30100047657818496	4.843885537229935	2
6.48119136455936	88.11066116550417	2.7090906891468154	0.16354901464379626	2.5355077661458765	2
9.587207065643117	85.96781053629199	0.8491526012053946	0.2507241035342503	3.345105693325254	2
3.670591418546745	93.19085786104458	0.43453069093109653	0.19639773630290985	2.5076222931746748	2
8.628981341519998	87.69258643141906	0.653542189227988	0.3052101651785708	2.7196798726543734	2
3.0470996911532557	86.8641309161513	5.8931434359791695	0.15522859839586559	4.040397358320422	2
6.542159793285131	89.30756812373963	0.8998512517961738	0.20784418277549113	3.042576648403544	2
4.153581866979131	91.11063035642756	1.4852218611321608	0.11269024858326256	3.137875666877891	2
2.5302694704887956	93.15339511691748	0.6199564106231169	0.13144237553572719	3.5649366264348976	2
3.3567005073897307	88.21580479690917	4.503500623187672	0.19795060959639615	3.7260434629170303	2
4.4795643506453615	89.27270189098955	0.6441636421256949	0.27500248079278156	5.3285676354466	2
4.316554864227277	92.52985989757404	1.1101107128362373	0.15517757797963472	1.8882969473828128	2
4.889738752399071	87.85383661305812	1.263730163831799	0.20625631592944746	5.786438154781551	2
4.806456815043165	91.86254921306404	0.6837297149175011	0.13297350744578795	2.514290749529487	2
1.189647713830656	76.10012191887662	13.773652015791201	0.20325951102446732	8.733318840477072	2
4.122407365951771	91.07907895305286	2.0326277251738145	0.27005584811192024	2.495830107709641	2
9.533440801271402	77.84052406787336	1.3888766688628407	0.5630663804875932	10.674092081504797	2
5.51663688586179	78.7073785578818	5.115010688913755	0.33425937861963034	10.326714488723013	2
3.1415552336400525	77.79679597418634	2.100748579613805	0.22252375974997607	16.738376452809838	2
5.2012481150328185	86.21055867524584	2.797257829681753	0.13408558727150108	5.656849792768092	2
5.526168079116582	79.49839936658705	6.543685468435307	0.3118578840353499	8.1198892018257	2
2.1061376605347624	11.886795255991398	0.4209466649351708	0.19545721675270625	85.39066320178598	0
6.754506710543937	29.02756877715002	4.513684369520199	0.5024789438172311	59.201761198968605	0
7.39938947230962	70.85470574518484	1.9656595596380322	0.4825472401824281	19.297697982685087	2
11.604523990327023	61.75477185176893	11.752618228541289	0.46918732577773414	14.418898603585017	2
1.3928718391398212	88.29021441073161	4.774004167618506	1.8771005526440092	3.6658090298660575	2
3.9115717291948364	35.53983628300686	0.2666360888900613	3.800024147944282	56.48193175096395	0
27.217766709721314	62.00223355948181	0.19618191350435202	0.8396153779068852	9.744202439385633	2
2.3419191449864845	3.62694736309671	0.034990867664224184	0.3175875504013933	93.67855507385117	0
23.638847321479485	48.24592259910911	0.2626937181268504	1.710548619627405	26.141987741657147	2
5.077149449651024	53.28422580096968	0.7906530603292189	0.7916574035041748	40.056314285545895	2
9.317887248309736	81.15305749281198	1.2182804205770572	2.184927506274289	6.125847332026918	2
0.5204157903364159	98.36354606987699	0.27322897340693014	0.5352467860917983	0.30756238028787214	2
0.41453389048418093	92.53723008626396	4.1221174554376905	1.2507221847778809	1.6753963830363132	2
0.5753900817482589	96.54285743902132	0.14040743465129596	2.427570184466831	0.3137748601122981	2
1.4937887195057655	66.73251969414092	0.7347780576302498	10.176347917901525	20.862565610821527	2
8.836590355134804	58.01750654322103	0.06552178055131688	16.879771961854306	16.20060935923854	2
17.622078722602083	53.52665712258059	0.08260336844628963	16.263094462033028	12.505566324338002	2
23.573781667711266	41.57849698448792	0.2046709167970453	26.458623844937712	8.184426586066051	2
10.125270143731667	27.61156165932465	0.792064183236204	47.24322845165177	14.22787556205572	4
4.219406085425824	33.576016466961754	0.06900580769898428	53.35087139819673	8.7847002417167	4
8.702738533165965	40.15900238019772	0.01315621966797691	40.85890372752565	10.26619913944269	4
8.413010006085111	50.15971973009973	0.010842123820162208	34.1926976409946	7.2237304990004025	2
7.181790206467921	37.55514064693075	0.7746254019828644	35.262141248353416	19.22630249626505	2
8.58324563236611	35.22373029261825	4.901965425038346	34.32861568599904	16.96244296397826	2
8.8021229202473	33.21253497269822	0.024069127241748995	43.90279426895221	14.058478710860516	4
9.311319426539896	33.63780506551555	0.0037301390944925435	50.84038679027603	6.206758578574026	4
12.673790371924875	4.69058366742149	0.015915376937652218	63.91463854044913	18.70507204326686	4
7.514217353420063	1.6252051412080089	0.0017620354040119917	87.95814198471214	2.900673485255773	4
6.59441960224128	1.8450391726916655	0.0062137930166714095	89.70478677414934	1.8495406579010338	4
4.384454109274811	2.3335635042140717	0.007766644224269747	91.84382809532498	1.4303876469618741	4
2.263974916289764	2.089389049661311	0.016231363879937562	94.57526524275002	1.0551394274189774	4
2.7283688427984583	3.4436983049647694	0.006664975902092198	91.46496977620545	2.3562981001292407	4
0.6434605449305424	2.138183125851647	0.007569540266775191	95.74909231349852	1.4616944754525107	4
0.24509801424320332	0.8531250172230387	0.004633837564836907	96.76430552891324	2.1328376020556856	4
1.2641182497582868	2.376568038332421	0.033353234054937286	86.77660818077916	9.549352297075178	4
1.9858560008293737	0.9774220133228966	0.04558377625326333	73.75552978776734	23.235608421827138	4
5.842803301656678	1.6221342364444562	0.0015202410752782577	73.64329835260189	18.890243868221717	4
1.6807782407141079	2.48451512650972	0.07887865285064052	80.75659308292047	14.999234897005046	4
0.7162277171559834	0.6650506669757363	0.26047085049008284	78.95549121442252	19.40275955095567	4
0.34151629987525256	0.44685248293325347	0.015155129064578861	68.83634298761126	30.360133100515668	4
0.3281633206749557	0.3166828178490393	0.011117699003206648	72.02403457718628	27.320001585286512	4
0.7352739935295095	0.13963872202962554	0.006504606489835222	24.444018307612435	74.67456437033859	0
7.347711149513186	1.0576363718608615	0.002959481030973111	79.7687593492104	11.822933648384582	4
5.850004741866453	1.1130287488999417	0.0007586116985122568	78.15408215529605	14.882125742239028	4
2.86419111855825	0.5918911349565295	0.000101103932198902	85.2398422912341	11.303974351318919	4
2.8777889231685023	1.3472640862966168	0.00012145843628990662	85.51521834053405	10.25960719156455	4
2.3066441591543536	0.9592565176254173	0.0013897055373258567	88.02610032469512	8.706609292987782	4
1.762067884254066	1.3429603217821364	0.0024250665096211925	80.6803744980398	16.212172229414367	4
5.775887372648065	1.5400887193095905	0.002427606686939839	54.72479903725438	37.956797264101034	4
2.636372653519292	0.9502896191783827	0.005652508977110276	86.66551202896491	9.742173189360297	4
11.068194116697297	2.1619102337998966	0.001975812875205165	68.54023835223988	18.227681484387727	4
4.148673595007081	1.2716546843777405	0.0043587883013307405	80.25571194963463	14.319600982679209	4
2.2551646825149687	3.4108119915406943	0.005896200005772696	85.39266244773597	8.935464678202585	4
1.4499591888154753	1.5777134496752634	0.010000370511367844	70.7137360130102	26.248590977987675	4
2.755739244536396	1.1496606187279794	0.001960625098567474	81.01718835459693	15.075451157040115	4
2.5766591696346266	3.6691519873491654	0.01091438796098189	62.85683089626936	30.88644355878587	4
5.841318035423479	2.042832463870907	0.008871570417575919	73.61686141143872	18.490116518849327	4
2.0144191106796256	1.4546542622944791	0.015731199034000058	82.82728534466834	13.687910083323555	4
3.1586780433226296	2.450742440068827	0.010775087904644987	85.62117748949821	8.758626939205678	4
3.1694627913037627	4.7675829026653895	0.04170572650463522	51.84609237589686	40.175156203629356	4
4.513932705885724	5.380921681365571	0.0031991535968080055	81.66835693259249	8.433589526559421	4
9.844451786588422	5.707257849171651	0.0037985841158088775	80.31622087482258	4.128270905301541	4
10.464661568460885	12.827263797483837	0.017776064930332982	54.258981892718516	22.431316676406436	4
5.029769931656279	8.733156177131576	0.024749788640734162	71.52262443710974	14.689699665461669	4
3.491468404169994	4.259868319584922	0.00829967757089974	76.04679442879358	16.193569169880597	4
11.597981499812873	5.956780131887048	0.003960360723070784	10.832267251795535	71.60901075578147	0
23.5168654216413	3.516343800513401	0.0008159231612113671	48.19936619875167	24.766608655932426	4
16.644143791734123	3.116394572423911	0.003795579372205348	63.68347303538109	16.552193021088673	4
17.232450269016542	3.266819053622462	0.007033791312431821	33.306359802725915	46.18733708332265	0
15.71740575302444	2.5130875142879225	0.0029859059529299863	36.482025971234464	45.28449485550025	0
10.197706250618738	3.284582126925644	0.0014627719340892795	65.45250509922941	21.063743751292122	4
8.90968859510781	3.5686271016690743	0.014074939477000389	66.63189388303688	20.875715480709236	4
1.436410127948277	2.9959546571192286	0.02550034949811125	82.95799805408367	12.584136811350714	4
3.297798529875236	3.164902222564356	0.007423135445414598	78.25872785043781	15.271148261677189	4
1.1752717410928144	1.040557543408457	0.00886887157045552	71.35560140173864	26.419700442189644	4
4.610017248687381	1.3601398442157817	0.008072166571563264	24.21515462501835	69.80661611550693	0
14.709829877739109	3.2165459469476487	0.0010138631869442112	71.14031711613384	10.932293195992449	4
20.428715843442667	8.417479087757087	0.00240673503017657	59.16027801649291	11.991120317277169	4
12.31248899229684	3.3503656278772143	0.0033543508525464504	58.20475853109674	26.129032497876658	4
1.7867659963442375	1.1663162978739614	0.002933728056940425	80.50031791260582	16.54366606511904	4
3.6321080890436876	2.0671984462592845	0.0025893870624375654	67.73410371276745	26.56400036486714	4
4.472290837354849	1.7595704089586945	0.004690192753031186	66.95874524102449	26.80470331990894	4
3.409512009560896	2.995651804499121	0.0059256948952609925	76.38881200223891	17.200098488805814	4
4.486935731683332	3.5901729581037567	0.022664102736827767	77.11018865335076	14.790038554125331	4
7.474087478438944	3.504208280243631	0.0013720723958544094	72.70207708508553	16.318255083836046	4
9.217847144940372	3.172131833129533	0.002103783803194776	73.0846976270955	14.5232196110314	4
3.762876056291874	1.9908198162372117	0.002617987488533647	27.391090340221915	66.85259579976046	0
30.126382414133086	5.276793514009955	0.005788399361622874	52.458011985357246	12.133023687138083	4
13.420952196938115	4.521771203731186	0.015623301939023245	74.45820394825604	7.58344934913564	4
10.707507403233272	3.09046465041027	0.06957743432362995	73.30088638834525	12.831564123687569	4
2.542539405724289	3.371510804752094	0.003869992107460798	85.02228318312613	9.059796614290017	4
2.253873979282889	2.310882290802315	0.004363347498626225	93.41452024267882	2.016360139737352	4
3.672336683501808	5.62835466405199	0.007163824273422303	86.16233394555033	4.529810882622435	4
2.6909117609128295	2.6674184754662615	0.005667674026161127	74.11127394354516	20.52472814604959	4
1.2891312190059008	1.5487115902393298	0.008650129532609095	94.45648658158464	2.697020479637516	4
1.2788682768840829	0.8313829487980385	0.02656138916230015	95.39923784782063	2.4639495373349476	4
1.6477852301493265	1.7247873553416189	0.03696081287673576	93.7637752008341	2.8266914007982327	4
0.8089645219497484	0.6097286988868353	0.005696515006432327	96.61337859833857	1.9622316658184067	4
2.0516870746746743	0.5155888659046792	0.026448876117286878	88.9310335195267	8.475241663776682	4
1.061737816980924	0.3139185100593308	0.03263919968780346	96.28899250999253	2.3027119632794033	4
3.1164244350465733	0.696052953454981	0.07261930265733231	90.80171201199876	5.3131912968423425	4
0.5262238867599375	0.11825782622740444	0.008040359502960389	96.69980504142282	2.647672886086886	4
0.7591605891588179	0.0932423429913494	0.009760896064563544	94.27757412841541	4.860262043369873	4
0.17788838900543083	0.051318490529342765	0.028379027116643443	95.23578034546382	4.50663374788477	4
0.5366533246752473	0.12237862889701978	0.02229856020948583	94.63018678340946	4.688482702808785	4
0.44796775060035193	0.0694216428310007	0.00751260897248115	95.6797690575053	3.7953289400908687	4
0.5645084057290701	0.12871140469824077	0.009233937475150554	89.19358959936991	10.103956652727632	4
0.5068326305967051	0.3196022354457923	0.006619992087878361	95.42568272124726	3.741262420622381	4
2.0064322208013383	0.29177325070928883	0.0008569330260015564	83.57260709803805	14.128330497425317	4
3.8753060565267208	1.1655016329111905	0.00042120095574352067	77.25439405343467	17.70437705617167	4
7.998625888569405	5.502717281730263	0.01310049238482878	62.13136287521347	24.35419346210203	4
2.008680270763257	0.40330153490897075	0.006980108346480155	10.691400780667689	86.8896373053136	0
23.028580926547036	6.326324312922073	0.002681233499327879	33.60959280673028	37.03282072030128	0
24.278350429658087	13.428683593639448	0.002669246173530416	44.815828811224904	17.474467919304022	4
13.945633245900968	10.619742955383845	0.004188054750952756	54.18181706488661	21.248618679077627	4
8.404748682429616	11.618782761475742	0.03406589787561206	66.8245442256563	13.117858432562727	4
15.509219139986657	18.332574353902015	0.1532038229105023	56.198432736254965	9.806569946945864	4
5.648098724686684	15.341302410813674	0.46862266847919765	69.60458165511204	8.937394540908397	4
3.903163215488851	15.011863184637217	0.0421900358991596	70.67473640453127	10.368047159443517	4
5.481222524714704	19.49905096945372	0.014883838725409949	57.826898496450355	17.177944170655806	4
7.056532802232309	25.16796798166649	0.013644691520987365	53.18582977951777	14.576024745062451	4
16.62265526037511	24.648728704285546	0.019018708884057486	43.25413209862928	15.455465227826009	4
6.268516510512464	37.65758603687473	0.046301107874643796	42.11671095431911	13.91088539041905	4
22.72032972873939	13.324482360219653	0.0566462467196332	23.037525668988245	40.86101599533307	0
40.967006079402225	10.09302574507809	0.014245885669804354	34.55501807142124	14.370704218428646	1
37.00823790500259	28.64048047236975	0.0160203840676675	22.151839322919585	12.183421915640409	1
43.24452182610362	16.84660496072696	0.04523289970408023	28.52770941173526	11.335930901730075	1
12.76395187694534	38.37937066469828	0.010425457657286537	42.312314336336925	6.533937664362181	4
15.10707395829994	34.108267836684355	0.007361648770561793	43.40610942905981	7.371187127185343	4
7.766820873131236	42.48758020789728	0.02813597495797467	9.234154742836887	40.48330820117661	2
28.30112558094056	51.361838746728125	0.015407770532457461	12.459021599053315	7.862606302745541	2
28.207014809914998	43.932298017806104	0.013527661960198493	13.757029886993655	14.090129623325046	2
22.57908369989006	48.52829596515286	0.06903574047575337	9.268879619710123	19.554704974771212	2
12.010597060944825	58.14619215461265	0.01829930721269434	18.1555274131089	11.669384064120925	2
12.929473092345253	60.92315904837077	0.02388144126479101	11.827628732107224	14.295857685911956	2
16.701836300300183	54.99288427249661	0.036449814262826834	16.61806283572925	11.650766777211128	2
12.491322116560466	58.572478525289476	0.01710782164691514	21.02883741060588	7.890254125897258	2
7.217428540819052	81.47320691389868	0.02332985671030665	6.304448200283567	4.981586488288407	2
4.534289370395797	84.50492761416135	0.07035113413459303	4.724490568763206	6.165941312545038	2
2.445965857735101	94.11670872220998	0.02733296057807608	2.4512459227692083	0.9587465367076222	2
3.1938728598609467	94.22200042918305	0.08855330761992473	1.600175028948524	0.8953983743875458	2
0.9084512322621647	97.79315027950473	0.25075610039454455	0.7400223951375147	0.30761999270104573	2
1.1927801911735905	91.96170634615657	0.13197551991109754	5.303312762815596	1.4102251799431227	2
1.625104741083274	95.69606046259842	0.03315254914329465	2.068101177305235	0.5775810698697991	2
0.5216832078036473	98.46226813301789	0.016360056290841054	0.7282390862730238	0.27144951661458927	2
0.8140654587697412	96.60042871122391	0.0625208094518994	1.5595050104426786	0.9634800101117721	2
0.7457627146387361	95.08218205005213	0.07644867731252718	2.07448291720554	2.0211236407910773	2
1.0715859207339633	96.51031757420067	0.2468211878163008	0.7445958788809982	1.4266794383680896	2
0.8972944827413762	98.07309829004791	0.011367685038793377	0.5775108696440162	0.44072867252791714	2
1.4315471497145373	92.21741934439784	0.44738571305506236	1.8476557457171625	4.055992047115408	2
0.6232305614900647	3.889124783394613	0.16901937878676887	0.6877696995833379	94.63085557674522	0
12.714362005127963	76.64289857654758	0.15886155345958042	3.804942087230507	6.678935777634368	2
7.25745690707089	85.67966455901045	0.04170682778807208	1.8945485940077087	5.126623112122881	2
7.348793641376064	89.04615574589373	0.12095913186586299	1.9371187337786435	1.5469727470857098	2
3.7549547726079693	94.92148152186427	0.09527086142676469	0.8175921487501325	0.4107006953508839	2
1.0818866260997528	96.68275999888264	0.01806495091546684	2.0518120448244916	0.16547637927763073	2
0.9988533066221666	98.19193953538881	0.06922646148871711	0.5679598860316559	0.17202081046864606	2
1.0102864675740126	98.21470846601942	0.10237914647244391	0.5120792957144188	0.1605466242196852	2
0.5223929821849953	98.65349056307858	0.22148248442272483	0.41046127482231887	0.19217269549137608	2
2.157006386553072	94.7207336763688	0.12447082457472161	2.3338737215018557	0.6639153910015765	2
1.1504649022218891	96.51681018750449	0.23051843474498993	1.2212005020327965	0.8810059734958197	2
0.7084120239497638	97.36777452651594	0.723834150654858	0.705237311677043	0.49474198720239304	2
0.9991498139890805	96.0117632445039	0.7202912230257408	1.5598261765842918	0.70896954189697	2
0.4657883912421516	92.10435374663335	5.205189414474942	1.300575440579396	0.9240930070701665	2
0.24745411878514925	92.45135541423878	5.908912339749015	0.7345117488414538	0.6577663783856122	2
1.4155648368816216	96.49275529782247	0.9503983759617687	0.7813478184526631	0.3599336708814888	2
0.4321390793151244	82.28513103267757	13.260753455036198	2.733669137240947	1.288307295730159	2
0.18447290776598152	62.08734852993211	36.539619981458884	0.7502857761136151	0.43827280472940694	2
0.9185592948955561	91.06260339655951	3.81898981766558	2.916580844385932	1.2832666464934261	2
0.255850156219673	47.81884637437031	50.27146854525913	0.30040888460989446	1.353426039540992	3
0.3045222235898407	45.44452704523817	51.80537962695189	0.40751935911708914	2.038051745103029	3
0.3282355995392335	90.08289789075832	7.680543021540238	0.17144583842591685	1.7368776497362977	2
0.34122146505443074	75.9982572282776	21.959486027831044	0.1326546524835527	1.5683806263533722	2
0.15808510610348928	12.654526571784697	86.23550490054554	0.03348362646800863	0.9183997950982501	3
0.18445810623710132	40.347883982751	57.698684951061644	0.02152869196617728	1.747444267984094	3
0.07895654311195535	25.463035739117778	73.38149525135319	0.011134587876454017	1.0653778785406198	3
0.02330167024006752	9.157089928817477	85.21184680971517	0.0077048485835153075	5.600056742643765	3
0.014185447904321531	5.125193296557585	91.63284985156452	0.011755901755460992	3.2160155022181183	3
0.02603752779331809	9.062274082757886	89.35007164803714	0.0107236896412759	1.5508930517703825	3
0.01270544240596686	4.030758420783521	95.05128114314073	0.007936423290448698	0.8973185703793373	3
0.04510193564641596	21.925531593412824	76.30388221487775	0.03441244806788461	1.691071807995136	3
0.012144219132243953	5.60041723376008	93.35094390852456	0.006007135134707068	1.030487503448418	3
0.012208926980095337	4.252996684202805	94.62108525343731	0.015587987472030662	1.0981211479077557	3
0.028388586492070933	3.764160278047221	95.21995736968731	0.012202967947798023	0.9752907978256087	3
0.042869825003291284	6.705231454312764	92.2354208731542	0.01662665771887044	0.999851189810874	3
0.006641132684812952	2.555057632207096	96.65887951962611	0.0033790516805502976	0.7760426638014543	3
0.03747315005302538	12.727770549695643	86.40711907809585	0.015500097731459325	0.8121371244240281	3
0.02372845988574971	4.88756358230966	92.79402136745144	0.011793516490903905	2.2828930738622595	3
0.011738330971320642	2.5740762536661093	92.67429290608702	0.0027235999007565767	4.737168909374791	3
0.0116941893060913	3.995067630823221	94.99383913919239	0.0052852453167589	0.9941137953615451	3
0.03745449856234045	2.7594018996790313	95.66477734354274	0.005728639137155416	1.5326376190787265	3
0.012269481054326523	2.033644713016697	97.46291387237963	0.004540043004899573	0.48663189054444317	3
0.015582153129619376	1.9501034505413062	97.62186657368115	0.007659213700738733	0.4047886089471776	3
0.10465660608294147	5.547725138848128	93.15868750880117	0.009298354641075608	1.1796323916266727	3
0.008438821406571345	1.4207361594041534	86.57808939658345	0.004031146987028544	11.988704475618793	3
0.06528255265275631	3.573522544808732	95.6533484684847	0.014257305684909613	0.6935891283689045	3
0.015015153145899818	3.4658274011253147	95.42521492450106	0.005163429817184032	1.0887790914105526	3
0.0037513841237726254	2.1905655513567996	97.05448168804452	0.0039655522440388705	0.7472358242308719	3
0.006168199404939224	3.1348348804004713	94.91538240249533	0.004625923718713003	1.9389885939805458	3
0.009987365962082807	2.4082876776065607	97.06702094146877	0.010490882508576608	0.5042131324539947	3
0.006483033117880041	1.8822660277042869	97.84231375969755	0.005237816184341093	0.2636993632959319	3
0.010015636923249641	3.268141340555414	96.25014521509972	0.00703800039923046	0.46465980702238735	3
64.95674889220635	1.439441462262412	33.20266492029568	0.005458914174651867	0.39568581106092326	1
0.020656332280001154	3.305514180991169	95.78618315905037	0.024132780047811216	0.8635135476306331	3
39.63917600041671	1.2695873599438132	58.81376048112033	0.012682271047481902	0.26479388747164717	3
54.82706785091913	1.1143216085108103	43.785209959510524	0.011132895926291108	0.2622676851332467	1
0.007901004620754333	2.040555636582	97.25907113644233	0.0072681210299502625	0.6852041013249557	3
0.014742772914878677	1.835049652345042	97.58832762620182	0.015728134533015053	0.5461518140052458	3
0.005862532406710013	2.5814009281043027	92.98519746386845	0.009168645186998501	4.418370430433555	3
0.11311227632214832	4.642284494952101	58.18345362516768	0.1462131365744386	36.91493646698365	3
0.019424481077524206	0.950047964935254	40.598093975393	0.018361800134562144	58.414071778459665	0
0.13049882871444338	3.9507169609697397	0.12387137844805793	0.02455715001685066	95.7703556818509	0
