N1	N2	N3	R	W	anotaciones
0.00010412150884216297	0.005436483861960886	0.002564026272727207	0.0005391533725399131	99.99135621498392	0.0
0.0073069796684458	0.007194542841427678	0.007150753591463322	0.0007894445684202216	99.97755827933024	0.0
0.0026000333073743663	0.002521377017715483	0.0031077816607147203	0.00030814573137795355	99.99146266228283	0.0
0.023646407508503293	0.021798170966330566	0.021516529371771283	0.002909310787705195	99.93012958136569	0.0
0.01291212289320507	0.005800014588984206	0.008200741029117194	0.0006084048393979691	99.9724787166493	0.0
0.025950001483537502	0.006372437382887018	0.026540912640060074	0.001481948916405129	99.93965469957712	0.0
0.02762041082481877	0.006415750564686921	0.020929866939091425	0.0019898759554286874	99.94304409571598	0.0
0.0072416059123680595	0.00531051045456956	0.0020699487661071936	0.0006390178451810783	99.98473891702179	0.0
0.010773111947785293	0.004472875048113733	0.002965840869290894	0.0007729338540638802	99.98101523828076	0.0
0.006390897251478519	0.0030056583027974378	0.0015247910030716598	0.0007713078484337577	99.98830734559422	0.0
0.015043750034686516	0.01445391304835126	0.00924133562551705	0.002755741990907573	99.95850525930055	0.0
0.015589133709666811	0.012751124002154618	0.005913844859594712	0.002217973319985696	99.9635279241086	0.0
0.009014643892505031	0.0042321278822518415	0.004626393706572657	0.0014361335224214416	99.98069070099625	0.0
0.015573937127538151	0.01192518470108654	0.012731560327868286	0.0010887067587770866	99.95868061108473	0.0
0.003914693973193312	0.004371852227570984	0.006253025951985827	0.000423402281318822	99.98503702556593	0.0
0.010666231872183787	0.018050588276208035	0.017144814947219422	0.000930866792909227	99.95320749811148	0.0
0.008225377050781475	0.01326512342254436	0.01113204829655284	0.0007633706815752309	99.96661408054854	0.0
0.005094466205637245	0.008152168901901784	0.009142383174005904	0.00041084254336049404	99.9772001391751	0.0
0.0035530623686710777	0.009343297547806525	0.0031804389244185606	0.0002916664548220095	99.98363153470429	0.0
0.01467586735405708	0.020326978797181185	0.015581188507303388	0.0010652524382899922	99.94835071290316	0.0
0.015064904870124858	0.00971790532203455	0.02103413992905043	0.0009393390639178272	99.95324371081487	0.0
0.026177566522816737	0.017227358420814617	0.009273309523455644	0.001729638473444838	99.94559212705948	0.0
0.4069892834668244	0.5278331607556862	0.016152523920907304	0.01289933829289981	99.03612569356368	0.0
0.7485361540039974	0.47519580745759804	0.0031940846124124183	0.021632796716381363	98.75144115720961	0.0
0.7774816875262922	0.9668698097611903	0.00786346313083976	0.10446437757813444	98.14332066200353	0.0
1.7092337840271206	2.836397039073843	0.02032581790455178	1.126265903872435	94.30777745512205	0.0
2.921989016459313	5.673822103992713	0.031003796845497186	1.8027868169151442	89.57039826578733	0.0
2.6740303425562524	9.593182002403383	0.04522294708825007	3.3837763885003938	84.30378831945174	0.0
5.411860549400951	8.555595532008704	0.09279887916724025	3.1062408036588307	82.83350423576427	0.0
3.6825961573447445	7.1619534111662695	0.07363893081174824	2.4847593682061118	86.59705213247112	0.0
2.096729257787519	3.862497781265402	0.023254094837446046	1.0938143631695958	92.92370450294003	0.0
3.734226744545656	3.846871839899228	0.014863538143777978	1.1721553829272886	91.23188249448405	0.0
0.4252087730969557	1.9160396079974173	0.012696583552029874	0.2338849852366406	97.41217005011697	0.0
0.7327939546727914	2.5575679870946106	0.006251663892791605	0.5240001421673541	96.17938625217246	0.0
0.325349982149465	1.1325574727719354	0.004455697289617833	0.335849592889753	98.20178725489923	0.0
2.0907456994084392	5.336070835039678	0.01272855612940356	0.6214610180765503	91.93899389134592	0.0
1.353748836200261	5.163688162672059	0.012534767859646904	0.8306671823175741	92.63936105095046	0.0
1.1842399014812761	3.21652828626891	0.008821300877358407	0.8464798718310523	94.7439306395414	0.0
1.9260708619075824	2.945062897747006	0.018109297119140465	0.8045218960779612	94.3062350471483	0.0
4.318713843911717	5.74009168292425	0.017680473710224943	0.959583124533963	88.96393087491984	0.0
0.48836719150383795	1.0416639337842557	0.0053924846800704005	0.23397656582784515	98.23059982420399	0.0
3.6624705637404693	3.8359452128788685	0.012526407967532694	0.2340930757464815	92.25496473966665	0.0
4.166548498779805	4.996813789130209	0.019307732767153085	0.4976388959711586	90.31969108335169	0.0
0.968642385225468	1.4530824489106973	0.006172704209314893	0.13526357786222068	97.4368388837923	0.0
2.6518240538941606	4.11196709512613	0.017534124944374656	0.3699304221350042	92.84874430390033	0.0
3.7950563596374893	5.895883325656754	0.05136148325269309	0.7000181821514441	89.55768064930162	0.0
4.419525274167125	5.864342621210688	0.05406239634086753	0.4158063692076685	89.24626333907365	0.0
5.273819596533049	16.782081553188263	0.04359074043566229	1.4211717536851787	76.47933635615784	0.0
4.734224138365266	16.360441047445022	0.07401515306929653	0.355812308125705	78.47550735299471	0.0
1.7333957079047988	6.970663120977702	0.007353010118374422	1.1722943469993945	90.11629381399973	0.0
1.5657574429665606	3.2719646688696367	0.004698441214830226	0.5502766422751542	94.60730280467382	0.0
2.368640622337881	4.312917337224226	0.016050514531510286	0.39758072862307764	92.9048107972833	0.0
1.6872231681221643	3.2340245159454377	0.007283946780702899	0.37297326163460776	94.69849510751709	0.0
1.498610037371754	4.0695156243401085	0.024481129025316958	0.5303009572092651	93.87709225205356	0.0
1.0881470287043142	1.8181582586018492	0.014251044266582849	0.149765856660812	96.92967781176644	0.0
0.4351543889079501	1.1025908134397682	0.005649417616942907	0.08770931226037426	98.36889606777495	0.0
0.5361442796555279	1.8237151259672382	0.02732202616118441	0.2086061647876296	97.40421240342842	0.0
0.7372851629754613	3.128968544258606	0.017032230080956706	0.1180473794664451	95.99866668321853	0.0
1.4033919891934339	9.99430953007614	0.04094128778596563	0.9073646445317749	87.65399254841269	0.0
2.123971771469788	12.96407463332189	0.062203396671989396	0.6343218084846576	84.21542839005167	0.0
2.386823559933312	22.136212172614787	0.08402352071315476	0.7575300289315129	74.63541071780723	0.0
1.4199715942594635	12.572947823186768	0.05568382852761751	0.6831075372172153	85.26828921680892	0.0
2.9613086773856505	40.18647786696305	0.30714478420572144	1.6815064349709925	54.86356223647459	0.0
2.878700999992433	26.848388841799803	0.14683606216424516	1.2297775180291117	68.89629657801441	0.0
1.304007254334221	12.566271619644152	0.17369384620158124	0.7022250739021302	85.25380220591792	0.0
0.850601451631193	10.678919936091253	0.2902418102355542	0.511737636806911	87.66849916523509	0.0
0.9693766596629723	15.336429688002948	0.21467301763045007	0.49775009192108993	82.98177054278254	0.0
2.0260939034554575	22.87789596572212	0.3594851397217949	0.7437523703522293	73.9927726207484	0.0
0.64534899869507	20.297534836434014	0.7000823261264517	0.3646531476189132	77.99238069112555	0.0
1.3030733433861048	13.90400903603098	0.49503685524028607	0.27111478758554125	84.0267659777571	0.0
1.8859954025609094	20.724442785054677	1.968965497130244	0.44953409840603303	74.97106221684814	0.0
1.5548577128034768	18.671209289445095	1.5027625964856601	0.4302884075199574	77.8408819937458	0.0
1.3884305210800247	19.595089319533653	1.2474503867183586	0.28145713318044696	77.48757263948752	0.0
1.7155198293545368	32.16007505427555	6.422156078569887	0.5302216229068389	59.17202741489318	0.0
1.5230780899290535	28.460537090383898	3.4199405422404334	0.3675704111563325	66.22887386629027	0.0
2.0227885514420123	32.55934167351525	1.684904173221163	0.3539130889081729	63.379052512913404	0.0
2.2609548298434854	17.69710017955564	4.929641801794463	0.34832409140226606	74.76397909740415	0.0
0.9544578500940071	13.705127098086075	2.6645703591427647	0.11718663012931683	82.55865806254783	0.0
1.086716452953309	18.914804269366805	10.563165808651602	0.14506503753607145	69.2902484314922	0.0
1.1629156845117634	18.159862651233833	4.054002877294225	0.08164987424278432	76.5415689127174	0.0
1.8910458752255932	10.677455667285152	10.919243190538772	0.03615032402253071	76.47610494292796	0.0
1.1446389637742693	8.89296649226674	8.236209580140713	0.030803367482751958	81.69538159633552	0.0
1.1726592957858721	7.6494327987015085	3.0354576942622042	0.017976193070083066	88.12447401818034	0.0
1.3374854082770071	7.6061620980972995	5.124916951462051	0.018324291060505878	85.91311125110313	0.0
0.40205588620265853	4.627124673770611	2.573022275963016	0.0047703828921689005	92.39302678117154	0.0
1.0123034256653956	12.695916483697687	8.213071654529667	0.013552963346303225	78.06515547276095	0.0
0.6309788782070631	8.110710213505586	7.2236440115456935	0.007505708963887816	84.02716118777778	0.0
0.1384245745428916	2.8818034567600233	4.469776889761966	0.003957297177031988	92.50603778175808	0.0
0.3584366134660173	5.595077468342048	2.6541217677216222	0.004914503887242447	91.38744964658306	0.0
0.1017730971198805	1.9831030734392783	1.886676997352006	0.0018997326331791577	96.02654709945566	0.0
0.13254965622530218	2.689556973785329	2.724523631110534	0.002360476317281045	94.45100926256154	0.0
0.2977922245571428	5.299519930713161	5.532839873698118	0.005241833453471314	88.8646061375781	0.0
0.12296997931729316	3.3357182193886734	5.737333791179658	0.0024999230298972806	90.80147808708449	0.0
0.25934568154200777	7.138278374854217	13.099468827817606	0.004808112704360077	79.49809900308182	0.0
0.2625458892093475	6.512737539084525	5.700055618056172	0.006412327557034105	87.51824862609293	0.0
0.12349713387306298	4.62234857571689	2.5808007485595157	0.004199465905676308	92.66915407594486	0.0
0.1136398326938737	4.764314464410094	3.6247389400789793	0.0027767550020639698	91.49453000781499	0.0
0.12183796736229292	4.916601335459489	3.8631734840197116	0.004565252455006086	91.0938219607035	0.0
0.20037981936448018	4.021198109006067	3.4833363708720393	0.004343611707489721	92.29074208904993	0.0
0.15524632240394254	4.608619144213428	3.8775265819918108	0.005220245179273231	91.35338770621154	0.0
0.12311561002003613	4.789263850065225	4.845193186034093	0.003776263702523628	90.23865109017812	0.0
0.22480507195031763	5.696862954331734	2.93261366580239	0.005679030171085595	91.14003927774448	0.0
0.13039336467277668	3.986064912182754	3.0595931465934716	0.003961666427196171	92.8199869101238	0.0
0.21158597615306063	5.766493844266503	4.5032813116820645	0.0067047790036845415	89.51193408889469	0.0
0.2286070111582048	6.111196764748918	2.393476849739562	0.004549808651956192	91.26216956570136	0.0
0.205685773112164	5.024374057948304	3.5049469244217555	0.0034531388618328344	91.26154010565595	0.0
0.2694434991797936	3.731470159711594	1.791443120781892	0.003597873876516383	94.20404534645019	0.0
0.3228576244161426	9.383445149910104	7.093168529599633	0.007271621243637541	83.19325707483048	0.0
0.11543725265250508	4.319639245651774	2.874859889908652	0.0040821038599543405	92.68598150792712	0.0
0.2236369780611505	6.762659362778013	3.839582556001732	0.005896346449658805	89.16822475670945	0.0
0.21716110928263094	5.177248444103944	2.4688301150599723	0.006310198080761853	92.13045013347269	0.0
0.18170641597385673	5.538928000881597	1.7588915072616438	0.0071989565019157575	92.51327511938098	0.0
0.1600141935387754	4.869168064910316	2.41417821684384	0.008770241994962869	92.5478692827121	0.0
0.17928548382050286	6.144041269492105	1.2426584399888094	0.004794481458108042	92.42922032524046	0.0
0.15891608171213495	5.943380286701524	1.965740835691601	0.005521934944551206	91.92644086095018	0.0
0.1299148485851414	1.9608395450202771	0.603342453457628	0.0056142325057606905	97.30028892043119	0.0
0.2892331856195823	0.4117141957781219	0.15927587034706264	0.0009434048897025724	99.13883334336552	0.0
1.4196111211869673	1.121276949228993	0.4107742688983445	0.005720184267232403	97.04261747641846	0.0
0.6776884767314781	0.728746043595446	0.20715491421220383	0.0016926645358389084	98.38471790092504	0.0
0.36574622387346073	1.3695593897692848	0.1347257286823989	0.0011149615190630606	98.12885369615579	0.0
0.2364016551456627	1.8928846402981325	0.7139852510557677	0.002868694450382529	97.15385975905006	0.0
0.5767236676457081	5.5134013874095915	1.8117167288494525	0.003338980135158834	92.09481923596009	0.0
0.718575898106224	8.843766582283662	2.8875410700906734	0.005235747560466496	87.54488070195899	0.0
0.5060217951455476	5.167165823351594	1.872160818687462	0.00684730648873537	92.44780425632666	0.0
0.7408347493070796	4.350776635695625	4.80571390942787	0.004904486508630334	90.09777021906079	0.0
0.29890066092675405	2.388256119906428	1.1130829168611465	0.0019495489605880424	96.19781075334508	0.0
0.35907290387031515	2.7491193113197903	4.938692914545557	0.0016185356730596002	91.95149633459127	0.0
0.18007419975192576	1.1111237613114235	1.928697612795437	0.00102944882801424	96.7790749773132	0.0
0.04293788917376199	0.5349016457527807	0.7383444953400304	0.0010669427186613626	98.68274902701476	0.0
0.15452743062912247	1.7066268258274755	4.301438428243779	0.0027809358281085488	93.8346263794715	0.0
0.2002153554572466	2.269114695086137	3.557496634241762	0.0024055159589156674	93.97076779925592	0.0
0.22267879314378877	3.7464455503682133	7.9705662509932536	0.004066060413263936	88.05624334508148	0.0
0.36698526864413683	4.991998021045591	1.56020541723676	0.011115008229982484	93.06969628484354	0.0
0.4810075150418527	5.094049871734295	1.9642856365689447	0.011764541881067552	92.44889243477384	0.0
0.1878987242057524	2.492995330151205	1.2407402353518386	0.007585062251831592	96.07078064803936	0.0
0.35191371412798444	5.807665498121108	1.3591961893275277	0.010500605838533069	92.47072399258484	0.0
0.15829207491722774	2.9356587649744403	1.3517341113332586	0.005290377156666894	95.54902467161841	0.0
0.316984535779695	5.425590802813191	1.9556651019399314	0.011353550900788724	92.29040600856639	0.0
0.22708336373636326	4.953660812852227	1.079202876687854	0.007721700240542828	93.73233124648301	0.0
0.18679382640947703	2.8435922552408286	0.6518126543954331	0.011047760756304672	96.30675350319795	0.0
0.18570953755198186	2.4850361584132843	0.7113752638027225	0.006590828816339085	96.61128821141568	0.0
0.3316563611511881	3.3363961199256242	0.9084341664065024	0.009895029627412547	95.41361832288928	0.0
0.21000539906762097	3.5787835058365527	1.4950631079230605	0.013463235115821369	94.70268475205692	0.0
0.1764963534316694	2.2197099314894824	0.6894950509179798	0.009447880064413942	96.90485078409645	0.0
0.31561630526347006	4.853558831771614	1.5344964937321521	0.01084267755941458	93.28548569167336	0.0
0.344004659827906	4.556137941503163	0.9979951569044662	0.010964684043348936	94.0908975577211	0.0
0.1652697420766736	3.298574919445723	0.5439397454328023	0.010455855009745739	95.98175973803507	0.0
0.27511853047127505	3.533765978090777	0.7045168099918108	0.013269380906178135	95.47332930053996	0.0
0.09847525367773584	1.9673998520753289	0.8792987837507991	0.007534318577955061	97.04729179191818	0.0
0.4429646708867272	3.4070897164307645	1.3714894378105558	0.014694208497028252	94.76376196637493	0.0
0.2172326370501439	2.842780031431293	4.216440962531861	0.00947396914558743	92.71407239984111	0.0
0.296303492646131	5.585372483733793	1.7943263772542157	0.023003631546524184	92.30099401481934	0.0
0.7928820534943365	6.40079781556826	6.041159735780975	0.021797947652793775	86.74336244750363	0.0
0.42165846215681135	7.0656277734611255	2.3766928268006766	0.019928777736107253	90.11609215984528	0.0
0.32578657315093695	10.077683813772223	1.506855056538813	0.014829151983249949	88.07484540455478	0.0
0.3649915256345941	8.710838236424829	6.658443493686904	0.019519022367564202	84.24620772188611	0.0
0.5393799306928095	10.604979920680274	3.498352553164056	0.017160913613716168	85.34012668184914	0.0
0.5627799345137249	7.941492360096312	3.346058876596388	0.023057362912489193	88.1266114658811	0.0
0.3543328625305139	8.117495253778758	6.140065536198448	0.0193318996253295	85.36877444786694	0.0
0.4172403077356059	4.145343041606347	1.5071671923100638	0.021685307546004597	93.908564150802	0.0
0.29368294749840324	3.616690247561003	2.2822721327903204	0.027371300316115947	93.77998337183415	0.0
0.268884921829267	4.641395736647762	3.2333182186834106	0.02089835723193819	91.83550276560763	0.0
0.43847128870121027	3.8640228629094886	1.0437980618226883	0.01926193966390818	94.63444584690272	0.0
0.35660143083135687	5.225229793546733	1.4965540934779733	0.01142028926083013	92.9101943928831	0.0
0.3052944567120811	2.7516829966883165	2.5632442707006358	0.008297454074106486	94.37148082182487	0.0
0.8225991181640752	3.6081783628853024	3.528679624851119	0.02159793712739233	92.01894495697212	0.0
0.28520616597625054	2.122859312029481	3.937614569121753	0.006395167804901034	93.6479247850676	0.0
0.2544562574098919	1.0624038460356375	0.6875123702083663	0.0034877742568719993	97.99213975208923	0.0
0.9337710953844872	0.5606324027604631	0.10005449046326514	0.004336586725269042	98.40120542466651	0.0
1.1101536361896354	0.6976802788746292	0.12822199359655065	0.00927463940775113	98.05466945193143	0.0
0.7760590194515163	0.5019079665164877	0.02605309419650277	0.005900002367163882	98.69007991746834	0.0
0.8232043238620623	0.8626250990132271	0.02459052950546613	0.021803810363102864	98.26777623725613	0.0
0.11841878824596311	0.25618796290419465	0.002656818477140172	0.007847967665626452	99.61488846270707	0.0
0.33466805884548995	0.2749664160088803	0.027234502615827928	0.014324881515548806	99.34880614101425	0.0
2.6534782013836016	0.4006512427490104	0.0032161403117116727	0.13850702554146893	96.80414739001421	0.0
3.915234128031189	0.6783235295815794	0.007214975816600241	0.10550866319888665	95.29371870337175	0.0
3.633334354672013	1.4008552292189824	0.010906982167315143	0.45079071956034067	94.50411271438135	0.0
2.9190352310127743	2.692378132748021	0.01019140834679593	0.7884050978945514	93.58999012999786	0.0
4.68609500415094	5.24840440390456	0.025442825031278905	1.344167466320267	88.69589030059295	0.0
1.7375548921514055	5.455917996651406	0.008638211242299406	0.2659674639187583	92.53192143603613	0.0
2.1505879789237348	4.719676237080055	0.014350085029656312	3.4028147652528475	89.7125709337137	0.0
7.0694421123188524	5.4222468551442	0.051764211403526744	3.7199178531100032	83.73662896802342	0.0
4.849728874955918	4.261151442385312	0.03805112121510739	5.083565347923762	85.76750321351989	0.0
10.251516612109452	7.504296561649662	0.19615819923107153	2.500204175339703	79.54782445167011	0.0
3.62549997350751	10.852613504391059	0.2383574130028862	2.07780322922508	83.20572587987346	0.0
1.8325390012400675	15.190087072964936	0.5655426913835151	1.2392633332878005	81.17256790112368	0.0
1.1584868099259533	9.36924537747162	0.059897489533943665	0.4960440554735828	88.9163262675949	0.0
1.850135621916201	12.340012946594989	0.14731446647107774	0.6791721439909508	84.98336482102678	0.0
4.014588832512097	22.945849606669587	0.6353535710136374	1.2558075670968358	71.14840042270784	0.0
2.5130088363052914	16.625653528900923	0.18996175375955612	0.5531679113887397	80.1182079696455	0.0
1.666570857472394	8.224643760975175	0.09543911937703728	0.24359704909848967	89.7697492130769	0.0
0.8870025990783945	7.590115974904826	0.0878402956855184	0.24117046775819864	91.19387066257308	0.0
1.2485947149653007	8.760364755999474	0.16661191428962854	0.2114531768609079	89.61297543788469	0.0
1.8792696892808995	14.60881264770675	0.1375428527175487	0.21725782771747798	83.15711698257732	0.0
1.9582088281387608	12.156848511880092	0.15544376161318765	0.2453999690464293	85.48409892932153	0.0
2.315041680175663	11.172055678222323	0.14046113100121108	0.2343186978439079	86.13812281275689	0.0
1.147634175650014	8.931313282001561	0.251899801153661	0.16274740401750978	89.50640533717726	0.0
1.098810539632942	10.194388306537736	0.26761479496936	0.2010647516809514	88.23812160717901	0.0
3.3597711267910517	5.609155281062903	0.11199347247182463	0.22852111128449418	90.69055900838974	0.0
2.385089665948361	9.525175279145978	0.15465104785256029	0.31551972061971917	87.61956428643337	0.0
2.7530936237706904	8.417465851551821	0.5280331118628601	0.3415734171495497	87.9598339956651	0.0
11.584861032009448	52.43605954371918	0.2051158274150236	1.0030660977867596	34.77089749906959	2.0
6.974200919959437	54.09032214163542	0.5618834973902296	2.0169983492999335	36.356595091714986	2.0
3.5653741631445675	41.489604543202574	0.19591929861683105	0.9646094693054134	53.78449252573062	0.0
5.409942211257095	59.92747823364735	0.2718216358913979	1.332129154488299	33.05862876471586	2.0
3.552186656617904	37.611542521506294	0.5601223862471315	0.5768319616600519	57.69931647396862	0.0
3.810186454587722	37.66161020175374	0.2208488580332313	0.5637609909455913	57.743593494679715	0.0
4.785420241939237	62.729265268479715	1.24246606017255	0.7051896007364611	30.53765882867206	2.0
2.3151687717879024	60.28991450193645	1.534049177344011	0.41539945735935835	35.445468091572266	2.0
0.9803311187035855	44.91365709083258	0.6154130944658215	0.3598505652211669	53.13074813077685	0.0
1.299935000223626	17.77686161411237	0.6836639881582407	0.46969796319700047	79.76984143430876	0.0
0.7822513148761211	2.9378381198034456	0.20632764383517527	0.14221080021849633	95.93137212126676	0.0
2.0467699547624663	24.9404842571178	1.2131400439096507	0.44023590455953365	71.35936983965055	0.0
2.729341316805025	12.167873088244079	0.19101339454794128	0.21513020203142935	84.69664199837152	0.0
2.539718402591603	5.923435213128888	0.23154075836283222	0.16567356923563076	91.13963205668104	0.0
3.6708089880238224	21.487527466731613	0.8481802117021011	0.30767163654494395	73.68581169699752	0.0
3.1358377524973333	13.515955481040907	0.16511175340919917	0.19342756955612406	82.98966744349643	0.0
6.868168087471235	39.87167245725955	1.675882622185398	0.7631776001806974	50.82109923290311	0.0
4.050934560120015	48.817226696543095	3.1178635392120375	1.7152442726710002	42.29873093145387	2.0
5.674087331675879	20.89339954784655	2.85512871854119	1.7609869468693382	68.81639745506705	0.0
5.084999480299611	19.602172207170547	1.942415056575045	2.567242936855208	70.80317031909958	0.0
5.737167198650206	27.6146433482566	1.5203498890469151	3.6072743586285276	61.52056520541777	0.0
4.155347025898217	24.603161761415485	1.4689740381045127	6.455193140212313	63.31732403436946	0.0
5.430608886147499	27.30870244999859	0.5107843158309847	3.068164496603301	63.68173985141963	0.0
5.118687035154154	24.666698918499904	0.11580966701881304	4.784828373735559	65.31397600559157	0.0
6.745623486420661	23.075952325867295	0.23926215628289602	6.42009566187844	63.51906636955069	0.0
7.442494552038957	28.65058581719442	0.8488713497749003	10.610427828272085	52.44762045271963	0.0
2.6223239655898736	11.174978182662223	0.26478798947806476	8.315245909630944	77.6226639526389	0.0
4.385357027544999	16.00943014136761	0.1640131308223896	5.307307142189622	74.13389255807537	0.0
5.2715218611307355	18.27385600587783	0.805435987691166	8.88258822507421	66.76659792022606	0.0
3.3052177374804543	6.24883338674256	0.045482848963402676	9.882654012502378	80.5178120143112	0.0
4.930254670098649	19.819227224481885	0.6754146598223983	5.784252763631394	68.79085068196568	0.0
8.350685271296337	16.635831250730426	0.18181795082641858	9.875960269619803	64.95570525752701	0.0
16.9296605536214	13.247117290065171	0.24301854764207306	19.880325480413713	49.69987812825764	0.0
11.36654187546558	14.849426735636412	0.1319585869866335	10.765204739079868	62.88686806283151	0.0
9.494310429401121	18.306010582299855	0.10022015349457389	8.571912799731273	63.52754603507319	0.0
5.087306526443829	4.419192475006065	0.025335517248571394	3.3306197001165057	87.13754578118504	0.0
3.502742424108286	2.041457214289348	0.012279192959316189	4.560206442345455	89.8833147262976	0.0
14.677265235546963	17.173469325029583	0.019038918199209987	11.73156700167675	56.3986595195475	0.0
14.739942759768581	10.65518919188609	0.016207638040012847	22.856494963053148	51.732165447252164	0.0
19.425850693864234	11.776691542367946	0.1289418341878144	17.27605356397215	51.39246236560785	0.0
9.364818887399434	37.07140341996287	0.03908151529257283	16.31457944206679	37.21011673527834	0.0
11.164412394875137	30.666480517764494	0.05629110487196488	22.064265610210295	36.04855037227811	0.0
8.71490106630821	37.008553029912825	1.2182740619680537	23.814364791166547	29.243907050644367	2.0
6.283240035184813	20.21784402470366	0.29984966573474514	18.263588524497422	54.93547774987936	0.0
5.926070470779036	30.820105278612797	0.039835460377610626	22.995163214888613	40.21882557534194	0.0
5.21051358537632	42.283888791071114	0.07589865961415988	6.761934401425473	45.66776456251293	0.0
12.975796895242958	39.000154617181465	0.18896006392262943	14.646656787013471	33.188431636639464	2.0
5.047020084613404	28.829326684488066	0.02799932510325362	7.0115638067278745	59.08409009906741	0.0
14.445670889630605	34.946921589597984	0.08799180514008159	23.89981847492001	26.619597240711308	2.0
11.82404564081154	15.716029688823774	0.05358507295739708	9.314712464471473	63.09162713293581	0.0
7.174750975687264	25.20817907337224	0.3883677316511297	6.985512236941638	60.24318998234772	0.0
18.564838536848608	28.81918817453088	0.4739275978000914	7.034580975806069	45.10746471501436	0.0
7.023717267492184	35.870204694075525	0.9827545582770739	4.490215844386241	51.63310763576897	0.0
4.523212514389686	57.76972111464171	0.3106918909550514	5.493832021343447	31.902542458670098	2.0
6.621983328336814	38.47079338026443	0.7469510968425234	5.532921149242833	48.62735104531339	0.0
3.7580181144042055	65.84341523811787	0.7444784102632731	3.517252198398139	26.1368360388165	2.0
2.7254422592251366	63.84551720679956	0.29052889234925156	2.1163224774844864	31.022189164141572	2.0
2.2608271389939767	54.01987370126745	0.18588797118158804	1.2881409044295014	42.24527028412749	2.0
2.2682477872059086	35.114914768526404	0.3549264237149933	1.613940871868227	60.64797014868447	0.0
3.2778547670184373	40.328037049398475	0.1682395951234043	1.8049621573851211	54.420906431074556	0.0
1.8932809035485456	46.29813899833169	0.12127166193938929	1.22533275016005	50.461975686020324	0.0
1.6975477937516894	25.493350720226925	0.2421563188301759	0.416798672627	72.15014649456421	0.0
2.698872854723311	25.397701522614362	0.15406458819618413	0.5583612208736193	71.19099981359251	0.0
3.6865342965847536	24.88775214643976	0.07043264402406865	0.39839019803644293	70.95689071491498	0.0
5.492040151413322	54.21685539456056	0.07754032733256837	0.6484967416078757	39.56506738508567	2.0
2.4006766751917166	50.47765856921187	0.1462716273680642	0.4901350566649225	46.48525807156343	2.0
2.125080751295494	46.10742839742555	0.14041376866860059	0.3033706379392999	51.32370644467107	0.0
2.1533692469917716	45.300376450658746	0.8765455740305911	0.7660146426825624	50.90369408563632	0.0
2.732338436471882	64.57650222112316	0.4376130299087119	0.8633064728914329	31.390239839604806	2.0
2.0239596084661566	49.02491291631438	0.5504447636427279	0.6029547285039891	47.797727983072754	2.0
2.124563550477818	62.23237281421052	0.4397743246861722	0.7470110971273446	34.45627821349815	2.0
2.852913857293108	64.01059931574348	0.47831314301643596	0.9960079360129288	31.66216574793406	2.0
2.7466495725852513	61.62911610740688	0.3051938339976865	0.5897944863508376	34.72924599965935	2.0
3.806965587443667	48.66616912214018	2.973635203213953	0.6560509322335489	43.89717915496865	2.0
3.066340964401476	41.469738101082335	1.0627296309060505	0.625932056359472	53.77525924725067	0.0
6.310959584654924	50.183457367325786	3.459043832175727	1.2851175917236766	38.761421624119876	2.0
9.032207527445104	60.945321492916285	0.5036903089520894	2.197087190296652	27.321693480389865	2.0
2.556299084253467	59.6015367945499	2.093356272644837	0.8814359202953167	34.86737192825649	2.0
2.9972906533740002	58.57323744063612	1.8357225093004734	0.6736684077813453	35.92008098890807	2.0
1.9986785000549672	45.9234898558481	0.9699884021138688	0.5070672545928686	50.60077598739018	0.0
2.1671191980148983	58.849616884809585	3.848016235562876	0.8657849827203767	34.26946269889227	2.0
2.930727339879548	36.75822226050304	2.609418449002456	0.4165185228963583	57.28511342771859	0.0
1.2925023638415385	17.62237690515666	2.707706973748438	0.17118964294687333	78.2062241143065	0.0
1.4143741261944909	20.062344789472014	5.878838163863633	0.2246594338125395	72.41978348665732	0.0
2.2562266511745586	25.52068122652848	7.320894398241956	0.0932096035699174	64.80898812048508	0.0
1.1209994589254968	14.307498566617827	14.086824518434307	0.03377852271505217	70.45089893330731	0.0
0.42727295879016286	10.490066338910736	10.019351588240678	0.028819594674696206	79.03448951938373	0.0
0.7362200230295528	12.589559421766843	8.600744301142411	0.02979066731794299	78.04368558674325	0.0
0.6439749377471796	16.384446473785594	15.276194864578299	0.02500157870150027	67.67038214518743	0.0
0.8661539127188262	33.674204918550586	6.107838899026398	0.03223572326291076	59.31956654644128	0.0
1.2056102027735212	13.538910847784283	6.535008555321052	0.023560598632251104	78.6969097954889	0.0
0.4622080718492693	13.6384272793974	9.839937872275033	0.022015162514939464	76.03741161396336	0.0
0.5958446394529027	14.353371728145731	6.7055030643874955	0.04300250722474778	78.30227806078912	0.0
0.5796091237630688	14.18870772894785	11.68835871670117	0.020736449364678177	73.52258798122323	0.0
0.8720405201241079	18.447838306946185	8.919491376124633	0.031954637916225055	71.72867515888885	0.0
0.599625101313806	12.070556904771959	6.848136775324902	0.01191163387724393	80.46976958471208	0.0
0.6993457880735738	19.703000100468962	6.166144506054336	0.012877203649947964	73.41863240175319	0.0
0.35567151196093433	16.666488666622914	2.4251685007942108	0.01544210902624786	80.5372292115957	0.0
0.42770474082439497	23.726734091448858	2.363194412291592	0.023305849533977827	73.45906090590118	0.0
0.2841033614526037	17.156745313185993	1.7838752292952242	0.029301618629524094	80.74597447743666	0.0
0.37232255154695326	17.001118997332323	1.9732713175787724	0.04941316134606761	80.60387397219588	0.0
0.3358157092059096	19.72661469265757	1.484006451471036	0.021701822773786152	78.43186132389171	0.0
0.35062165676096296	15.796394408515773	1.0991461422913646	0.04158293727565687	82.71225485515625	0.0
0.3593889438097361	24.08785925973696	2.307056628912442	0.05045162639094148	73.1952435411499	0.0
0.33769068001741454	19.28952623192083	1.9493647637128446	0.03879794259093059	78.38462038175798	0.0
0.3782477824377161	24.052042373212906	3.2351803989870365	0.04939812154505114	72.28513132381728	0.0
0.1914083575276646	15.734267726002873	2.9869081489661826	0.029244333760767474	81.05817143374252	0.0
0.47324624904050494	20.512993665377046	1.8251977377811563	0.06092799765261314	77.12763435014868	0.0
0.28488390411887676	20.700870219761633	1.4518859202852457	0.041987365915389895	77.52037258991885	0.0
0.3649927723059073	20.301630089744048	1.2358230187892212	0.04184745914344325	78.05570666001738	0.0
0.3598859850505431	21.2916065310402	2.4354120969475854	0.03846764630312129	75.87462774065855	0.0
0.32928718232292786	20.774708517084605	1.0036641272456912	0.04062561406451458	77.85171455928226	0.0
0.28872240906397606	18.02411180910861	1.838747523926623	0.027967418936079663	79.82045083896472	0.0
0.29474661755818915	18.532975837423027	1.2991960138077125	0.03518540869430532	79.83789612251677	0.0
0.5772167722823749	23.203864569860887	1.2916793380618283	0.04976589708737859	74.87747342270754	0.0
0.39298345123252154	19.426260144968424	2.1742197045308496	0.05260280131443313	77.95393389795377	0.0
0.4704877867865766	13.605926081692992	1.438854018202854	0.04713450013029237	84.43759761318728	0.0
0.3372758855194009	12.02985472328121	0.7862471343593173	0.04998712624361296	86.79663513059647	0.0
0.5766288357965568	17.11421042808406	1.4890099080902903	0.06066576643149234	80.75948506159762	0.0
0.38692763863724805	12.862800480751629	1.39672523214346	0.04964656160128772	85.30390008686636	0.0
0.3518109695526841	17.207177219592133	2.5770862961397243	0.03880531095277513	79.8251202037627	0.0
0.6975336959091589	18.043634779722986	2.9244981963435093	0.05692947638048971	78.27740385164385	0.0
0.6020628617525697	19.03602146355915	2.6568033474396033	0.08082691998987739	77.6242854072588	0.0
0.5766859757132969	21.19391163806422	1.807526771802995	0.04777001429638018	76.37410560012312	0.0
0.4924752574601272	22.133316604259484	2.4424816616987757	0.040793679154208014	74.8909327974274	0.0
0.4488633645030541	22.050049009513547	3.569028243751072	0.055880649414275015	73.87617873281806	0.0
0.3237624492886941	16.53207562951245	1.1338033943910875	0.04645267447073248	81.96390585233702	0.0
0.453215296436066	19.198756313430497	1.1556760180544852	0.03911778671262712	79.15323458536633	0.0
0.40696431733529637	13.144664867686057	1.5542326754935079	0.044575614611334	84.84956252487382	0.0
0.3430743434015436	18.324922391624014	2.9290367538750974	0.07151249960801583	78.33145401149133	0.0
0.24847446561270478	17.248525828619186	2.377294876587293	0.05794790723660734	80.06775692194421	0.0
0.36365611487756444	13.516353578025253	1.0640609742254432	0.06221908707151145	84.99371024580023	0.0
0.36251785080469706	27.352041089746677	4.054438863966523	0.0778534686053374	68.15314872687676	0.0
0.44111593595214704	9.811204883616567	0.5294380749221315	0.08504570646838279	89.13319539904077	0.0
1.3953396950140766	5.127835838550759	1.283535617683925	0.14938777973853823	92.0439010690127	0.0
1.236617554554583	4.279351970951246	1.23767104259067	0.07231076820193337	93.17404866370156	0.0
2.894833447255762	7.138956301193312	2.4947310362272597	0.09848740075021704	87.37299181457345	0.0
0.8984158203280385	6.8180771728421865	1.4005140835444634	0.09236825598212949	90.79062466730319	0.0
1.1462058962973336	6.794353014589108	0.8503785736237514	0.11715425897430398	91.0919082565155	0.0
0.7813290482589696	6.668968346780132	0.9536346589064407	0.09863226721993353	91.49743567883452	0.0
3.0319353765747077	29.106802301574085	2.139194947114526	0.680780402084923	65.04128697265176	0.0
1.347528264715643	11.854092700907744	1.3918487744441315	0.532935025934225	84.87359523399826	0.0
6.214614890639341	20.03333001208909	1.8193854781636012	0.8238018737402721	71.10886774536769	0.0
5.84562784710193	25.74879798725158	1.2526748046320269	1.6604823620899676	65.49241699892448	0.0
4.937279677217714	30.51768477518734	1.086536547387944	2.1884062017985277	61.270092798408484	0.0
3.835355445387445	61.17512693045709	0.49992078079958224	2.2700839153488324	32.219512928007056	2.0
2.676084928508625	73.03093648408303	0.5274013844817883	2.0724537666548852	21.693123436271673	2.0
2.4129503337573204	65.82782702487489	0.814048516948231	1.2963307546876996	29.648843369731864	2.0
2.0062250343871075	61.50820492297249	1.2942814214241891	0.6887749089526815	34.50251371226353	2.0
1.8327942855372765	54.419563453866424	2.0687175185694047	0.593222728279445	41.08570201374746	2.0
1.8979649861142474	52.978692433827746	1.6094259987328645	0.46703550476921674	43.04688107655594	2.0
2.9769573042240713	29.17597240677125	6.143023566263126	0.8388032098741437	60.86524351286741	0.0
0.6432582022566758	3.272235624104102	0.41224572718458474	0.08660312650232586	95.5856573199523	0.0
1.2130569923121006	5.341693710032239	1.4439882845582528	0.09035241808345092	91.91090859501396	0.0
1.0534239501303342	12.022629073267126	2.0587025129386696	0.14544249093380565	84.71980197273007	0.0
1.2194453780825418	7.869399150831974	1.1748869061744127	0.07662768481172558	89.65964088009936	0.0
1.8437743760388365	21.820056627227913	1.3033103366347194	0.21943306992719339	74.81342559017133	0.0
1.5610567937551445	22.76405830213315	2.6499280514963015	0.18573882113976084	72.83921803147565	0.0
1.5379158621738136	6.590469870550733	0.5185533354013411	0.15575969564673375	91.19730123622737	0.0
0.45879722484644575	1.3326083522755647	0.2931177315620355	0.07545225083109353	97.84002444048485	0.0
0.5417777170026634	2.4345946297599	0.3328091610951294	0.05556932150877189	96.63524917063353	0.0
2.054696662094984	7.753935173096559	0.5587433849935058	0.13834923967486534	89.49427554014008	0.0
2.8204005041403755	14.827768641749048	0.9122124677379252	0.7682974653013613	80.67132092107128	0.0
3.6235865430332836	35.20958536158326	0.24469947635548706	1.0138251940767766	59.90830342495118	0.0
2.74740528903912	29.776198446382967	0.5607565213011234	1.47897020187029	65.43666954140649	0.0
3.2941747679885105	16.27822679026443	1.170917555867515	1.9147868753575998	77.34189401052194	0.0
0.9012273720106088	20.36824650197604	0.771645685626619	1.3676948366181223	76.59118560376861	0.0
2.9174035582864573	9.375513448669393	1.0033164354301107	1.4069542260268104	85.29681233158722	0.0
4.294829131073709	31.046372143222094	0.7001567533789611	1.5841149044741714	62.37452706785107	0.0
1.395813487207513	34.776712059295	1.5296821340141107	1.24138447037034	61.056407849113036	0.0
1.2490252246187514	24.84877965251479	0.5543049725236344	0.7360645247875311	72.61182562555528	0.0
1.9343535857139338	10.798052254591388	1.4882745425693285	0.36924436836968855	85.41007524875567	0.0
1.128395265067046	11.314363359573282	0.4508156600867755	0.17778198873009315	86.92864372654282	0.0
0.6172719443686492	7.763593394438321	0.2661546157986261	0.14226412177358103	91.21071592362084	0.0
2.860154025438634	23.66918878431129	1.157649047391364	0.5350150244744415	71.77799311838426	0.0
2.1243302969724187	18.248155068077498	1.1023079191958254	0.6784146435115375	77.84679207224274	0.0
0.7959595314478896	4.5218895300598225	0.24300093227417793	0.34228822104523327	94.09686178517288	0.0
3.294752482035363	7.6913628458232575	0.3276742034129442	0.7349017325942332	87.9513087361342	0.0
2.7663987364872367	28.47041691551848	0.37438383632166333	1.8588949927790237	66.5299055188936	0.0
3.6839551154371417	52.01166812784728	0.43467134900967475	2.8077112581782018	41.06199414952769	2.0
2.3050171632706107	35.1554928069994	0.3849321836147229	1.7813679755162393	60.37318987059902	0.0
2.3011875105275967	23.843984326683447	0.8669649224638997	2.5922581914210556	70.395605048904	0.0
1.674361649895327	17.579367706645193	0.3048432972361461	2.1802563947638407	78.26117095145949	0.0
1.6516012692912654	12.769720693854609	0.34819802883191187	1.6499558667719123	83.58052414125031	0.0
2.460545458785805	12.13204343787469	0.15236256344653804	2.7797814845199826	82.47526705537298	0.0
3.576885138638898	22.753184702965708	0.4809768705483562	2.8308280330153384	70.3581252548317	0.0
4.953719125938806	33.61682851724874	0.3162528572453256	3.0117456771535265	58.101453822413596	0.0
5.710033463649646	8.5523288032326	0.37356601251726873	1.4509358712547198	83.91313584934576	0.0
2.5013381478552037	19.567337934037273	0.30203207124954257	1.2989153148189372	76.33037653203904	0.0
6.438826526323389	40.229142239400424	0.24861113103861718	1.5454504655755936	51.53796963766197	0.0
6.815784330054446	27.54367218689004	0.6844335513244341	2.24749634064386	62.708613591087214	0.0
2.8857429724426753	74.94183814519106	0.420690013283059	2.4385474730279006	19.313181396055313	2.0
4.708062705399325	49.26138113350355	0.8466167413298972	2.1107196405260336	43.0732197792412	2.0
4.696457437548758	44.96684582199057	1.1232691613231536	2.733530978821216	46.47989660031633	0.0
2.1126729414784897	34.74783980018732	0.5188084634730927	1.2958509181916156	61.32482787666949	0.0
3.594397236125732	70.47352441766253	3.6320368573907515	2.092924054994747	20.207117433826248	2.0
1.8048368576015463	43.30299550627833	2.503886787261377	2.815595373744904	49.57268547511384	0.0
3.7897941611362973	17.899622511431925	1.3122092282441498	6.6839745268007595	70.31439957238686	0.0
1.816643780993381	24.051832498703657	0.3493402181757061	7.47774020620839	66.30444329591887	0.0
2.857396919407946	9.137714336222821	0.19589206284740335	9.59914519484876	78.20985148667306	0.0
4.362409352666813	32.530443394672865	0.15481922287909777	21.107828362493944	41.84449966728728	0.0
4.888119216606638	29.80551882278143	0.03915718915484503	32.620015127618956	32.64718964383813	0.0
5.025835627345045	13.195432216431804	0.04611517299852958	25.159779808826627	56.572837174397996	0.0
5.533256969096402	7.151654803131303	0.05299103146143053	18.500598337104375	68.76149885920648	0.0
7.989939913893229	15.642005901390977	0.07120506267781442	33.83193053584892	42.46491858618906	0.0
5.9778641112872	11.544795870452134	0.01800222275286283	43.6463721114521	38.8129656840557	4.0
6.160827876157816	16.998254419744498	0.03345819419759378	44.90469542380778	31.9027640860923	4.0
12.116340286795586	10.537521360006489	0.03751743408204885	52.017798948432905	25.29082197068297	4.0
8.67689967972583	12.56422124622738	0.03858021458464376	52.04796682374882	26.67233203571332	4.0
9.69222603586773	10.275066751174064	0.023030543763814776	64.17354698717656	15.836129682017825	4.0
9.804875157382133	20.532151457565583	0.032039845204816196	43.8870617545993	25.743871785248174	4.0
4.094635774683661	11.302843748667582	0.023161024520785906	53.263094460546476	31.316264991581495	4.0
6.910826179152606	11.437602166508695	0.020586070991134173	62.07186593737887	19.559119645968696	4.0
4.339927615511987	9.050157709956034	0.015826265987389444	63.25505572057436	23.339032687970235	4.0
2.0825020498587867	4.76434258575305	0.005398545997983601	59.17257667010202	33.97518014828815	4.0
3.6714933290412186	7.4425725647021075	0.006770167427261698	65.10412337861999	23.775040560209423	4.0
5.394581000016126	4.885537366780354	0.01385315026865185	46.718440746520855	42.987587736414014	4.0
4.195492230429687	3.6115878835929496	0.04756133362625105	62.72552172225237	29.41983683009875	4.0
5.594602008171543	5.083040536123328	0.06341219510485183	36.98892315123727	52.270022109363	0.0
9.677569494337215	6.35878793429593	0.031009970649658918	44.31852782260664	39.614104778110544	4.0
6.7525875034403615	3.554954192451921	0.09067270983708269	15.087188627939621	74.514596966331	0.0
7.508774807427235	3.974319849225353	0.04717840225819356	16.225054930157196	72.24467201093202	0.0
6.802173434739384	15.265266519587659	0.06166820339302598	20.347661250890166	57.523230591389776	0.0
6.365275177623168	15.747687453387266	0.0631009845241091	8.518691402750928	69.30524498171454	0.0
6.045043425175954	8.023113688411533	0.14940458132829437	5.045679289712012	80.73675901537221	0.0
3.1560460304659506	4.0778179532749625	0.03760338462398757	1.3408583424911902	91.3876742891439	0.0
11.64442878978712	8.328274784895818	0.09673000636502029	3.7573183696680514	76.17324804928398	0.0
9.516051798254828	7.709599119078457	0.06348198782145158	1.6929033911502271	81.01796370369503	0.0
9.38748858563781	40.29341576453761	0.08672677962184405	2.871543858823287	47.360825011379454	0.0
11.319769755172572	48.50731146185193	0.027133312263170672	5.051199323155613	35.09458614755671	2.0
10.288733557644425	35.020964271777	0.19699363641502102	2.5674343368535824	51.92587419730999	0.0
9.636214624874553	16.586048031167508	0.16160709127767645	2.252211749814242	71.36391850286603	0.0
9.563801095051335	23.701206368534677	0.2506864854313246	2.7078135612097856	63.77649248977286	0.0
3.7003428891795966	26.04271610917786	0.27920142964884453	0.9430559550918843	69.03468361690182	0.0
3.5817755573992986	25.66230512272176	0.27969202193323267	0.9946243161119204	69.48160298183377	0.0
2.38617687501356	38.721686149354205	0.16113427171584355	1.823427031530974	56.90757567238541	0.0
2.616238653823564	35.87778335383751	0.14829337845341825	1.3442915444934942	60.013393069392016	0.0
1.814330176731697	7.529754164626938	0.10341045746989122	0.584050170939275	89.96845503023219	0.0
3.4169154383267313	28.46279337661308	0.23956144774293034	0.8792835559902922	67.00144618132697	0.0
3.1203863829120415	36.52072790769393	0.3451059675677958	0.5362981998146775	59.477481542011546	0.0
3.337987062489938	21.020967773954794	0.12550801291262556	1.067323697921495	74.44821345272115	0.0
2.6851150380329787	19.558970699467988	0.3944594218502716	0.5013045463616834	76.86015029428708	0.0
4.480306752816572	29.59903907290526	0.15158697570039317	0.9412904370161321	64.82777676156164	0.0
1.7095668399849957	17.510079576881765	0.06414029318996962	0.7542300346180651	79.96198325532521	0.0
3.4985293371336548	14.366908620875456	0.11286483658352893	0.9079229498651453	81.11377425554221	0.0
1.6067245611263985	6.088732474664773	0.04575599510818612	0.47335136778885567	91.78543560131178	0.0
4.047220310054382	16.053215472263606	0.08363788172965414	0.9710261854513693	78.84490015050099	0.0
2.9778626481527737	13.511118936590986	0.1453179881935388	0.608590651224821	82.75710977583789	0.0
2.8563210481795975	8.612597615166429	0.09431033326004103	0.48324963886579636	87.95352136452814	0.0
5.822168429512207	34.49423165530347	0.23120719981269197	0.39866619341435694	59.05372652195726	0.0
6.923661744577749	29.502473898778092	0.27948877240390774	0.7644677549561125	62.529907829284134	0.0
18.470214914512084	26.645890767325874	0.33217523358919515	0.8953680192774203	53.656351065295425	0.0
7.679961534487477	45.88404257759159	0.3453922244874392	0.6852278202497012	45.40537584318381	2.0
4.822667956834746	24.718856427510723	0.1910979227675757	0.8534151773922215	69.41396251549475	0.0
6.189680737658119	31.92771971027939	0.14688510737652138	0.6806623464189602	61.05505209826699	0.0
8.407299614846986	40.87060938869815	0.5658744335581671	0.8604714284330452	49.29574513446367	0.0
3.379039572541188	9.747140347013609	0.1570393385604091	0.25808858092041204	86.45869216096438	0.0
10.251465248486264	12.597154302876143	0.14765469734420325	0.6049373391526753	76.3987884121407	0.0
12.023224120484716	23.45119267963257	0.25973990189704493	0.8156749906886566	63.45016830729702	0.0
9.842592115859182	16.845589313851	0.2916387398948017	0.7379739486801778	72.28220588171483	0.0
7.3123987163299775	62.84380744340701	0.06824997380992383	1.5969972218474273	28.178546644605646	2.0
4.650248497206029	48.953963200988085	0.4058732461124935	1.3856960515167698	44.60421900417663	2.0
4.385524092756763	83.99599606039835	0.07431727933223807	1.894580953615357	9.649581613897283	2.0
5.823860411035632	73.77922896681761	0.09084376147549987	2.4323889009083066	17.873677959762954	2.0
6.268399176594652	54.045126681539045	0.4238383390406956	2.026303464719259	37.236332338106344	2.0
5.84470787795464	62.13525613385278	0.14700861496620454	2.1408083736999752	29.732218999526406	2.0
5.320587797586538	42.195553528657626	1.161319431231133	2.5229814207039594	48.79955782182074	0.0
4.754181724578245	60.67394769459423	0.18637516043621027	3.445562385914037	30.939933034477267	2.0
6.604111325751074	67.55076239037592	0.3446105421427595	3.2143702714620517	22.28614547026819	2.0
5.4066173672038955	57.5260215442527	0.8013785852714228	5.123195831399284	31.142786671872692	2.0
6.382538156671551	55.793457528871606	0.32667274390381623	2.9810807797534675	34.51625079079955	2.0
5.865517003295681	41.481479264089515	0.37031726480617194	2.4484515975716477	49.83423487023699	0.0
8.383743882099123	60.80688890998215	0.5572540972295033	2.108044416490998	28.144068694198232	2.0
4.172126342388606	45.774069074576715	0.9478534129521244	0.6343385326820035	48.471612637400554	0.0
4.12474958389752	25.42327981502949	0.29681946962372946	0.32975958709945774	69.8253915443498	0.0
2.9092296896658656	39.79895798268286	0.24040558809305343	0.26081364494205483	56.79059309461617	0.0
5.497323179857094	58.25362158560353	1.028759797220225	0.38932771526971616	34.83096772204944	2.0
7.684690830741592	56.04576598762942	0.5433760082715029	0.8454473365726193	34.88071983678488	2.0
3.1326355019444114	58.25393773635932	1.3488686778587455	0.5839863585260009	36.68057172531152	2.0
4.1120664626444325	66.08186720066972	1.9263714693983458	0.544690946266954	27.33500392102054	2.0
2.232674804837651	66.41517285088895	0.5591817616020929	0.5440727090431527	30.248897873628138	2.0
2.047500070868904	65.82578658855157	0.7779320042371285	0.3157498487323526	31.033031487610053	2.0
1.1418080492525238	75.32677613437232	1.7332938306537033	0.08879005973476181	21.70933192598668	2.0
4.195575459252423	53.56812607423171	2.2721942578226884	0.4975898307916388	39.46651437790154	2.0
3.202995366925703	52.14316961329277	2.366531068865988	0.5088242044716329	41.7784797464439	2.0
4.856111845133693	52.02263290972472	6.133840203976361	0.6870261350636477	36.300388906101574	2.0
3.0684687579636774	70.02066250288178	3.7135687614325437	0.6118018058552326	22.58549817186678	2.0
7.568127824763625	47.85830320464215	3.3956470014987916	0.7557559088109838	40.422166060284454	2.0
2.1253834346990437	50.26918097927147	1.6466647926975067	0.36729220824398945	45.59147858508799	2.0
2.715147708723913	49.243143670713856	3.7739445223854937	0.40808547963761416	43.859678618539114	2.0
3.489311896552072	56.60662067849778	3.6764458933121413	0.4280283324063923	35.799593199231616	2.0
1.2741917319611744	45.9161128324659	2.176810339862443	0.2156791089663762	50.41720598674411	0.0
2.102585980199097	48.10275655429661	4.209235763715051	0.20604923940560604	45.379372462383635	2.0
1.6031108473489966	34.91220114302096	4.761875753434416	0.07682859981385184	58.64598365638179	0.0
1.5995986430315061	41.451890834034224	4.746905271970976	0.09866701668286755	52.10293823428043	0.0
1.019523274604456	18.70895586382127	3.5028073838315312	0.15530603872669477	76.61340743901604	0.0
0.7481045357144692	36.65925314911672	6.011598353838333	0.14713460086234692	56.43390936046813	0.0
0.9331451879543882	30.477500145945225	8.15530226910105	0.14103097981340088	60.29302141718593	0.0
0.8264850443410598	23.07677964111924	5.604213748101781	0.050869009498911974	70.44165255693899	0.0
1.3418257706432668	45.36980908862675	12.264663450893869	0.0852990044118324	40.93840268542427	2.0
0.9262051200471362	33.50466100793527	7.343575432670159	0.04888398616876042	58.17667445317868	0.0
0.7726495957889893	37.07992754345069	6.83682581093589	0.04632032046772822	55.26427672935671	0.0
0.5171532490280274	24.786308926866877	3.6001320790674898	0.09898400217769364	70.99742174285991	0.0
0.8949831124266376	32.59646943033604	2.858545589540425	0.07873639894265955	63.571265468754234	0.0
0.47710269249966725	21.097192343709924	3.4449404125144953	0.06619274314302485	74.91457180813289	0.0
0.615708815777027	28.05619825405507	6.3972145804453495	0.08938141319844159	64.8414969365241	0.0
0.2991418446751807	14.958731195602635	7.6420956569859655	0.03690771129519253	77.06312359144101	0.0
0.20218793516557626	11.96891117656841	2.4831064101389186	0.043002579385279904	85.3027918987418	0.0
0.19304968438442757	8.675783085110465	3.1634054337738733	0.03832727754864606	87.92943451918258	0.0
0.11533865094030006	4.169895407598276	0.6395564702679298	0.014311456243581433	95.0608980149499	0.0
0.11136223022610334	1.449731184992163	0.9808996490176789	0.011046372361282775	97.44696056340277	0.0
0.46325364274736336	2.579322086453485	0.8470264244043145	0.023167643802116916	96.0872302025927	0.0
0.3034654064941847	1.9309086196312057	0.36474372139118977	0.011059777658820654	97.38982247482461	0.0
1.0796842657139054	4.991808833399802	1.1668121765432784	0.0699387253002209	92.6917559990428	0.0
1.1125520656251233	6.912056663460889	0.5397439804317111	0.14885527281716826	91.28679201766509	0.0
1.2121870785325524	6.987021785160639	0.5260714842394363	0.19981751333286793	91.0749021387345	0.0
1.7990267637205786	11.349649968595596	1.987372401810665	0.22907829194584306	84.63487257392732	0.0
1.9925108267277047	6.055797388653619	0.9938083217452663	0.08849013666229343	90.86939332621112	0.0
3.3090920479251467	19.072519881563025	1.0154689942194643	0.27998260530425906	76.3229364709881	0.0
3.171747383556461	11.652997255200585	1.0760305200616003	0.5153382888531053	83.58388655232825	0.0
6.001686249366899	25.471874544755345	1.6607407046992089	0.9198341833504489	65.9458643178281	0.0
4.780209790723436	50.891110114570594	0.8353016157406455	0.9581756397942229	42.535202839171106	2.0
8.260790205852883	50.50945011062132	0.7761882871842304	1.0740586866647897	39.379512709676774	2.0
6.169123130866607	29.298685284272857	0.43024017425480576	1.1054925541690233	62.99645885643671	0.0
3.6994499516130306	25.809138312338852	0.2852499785058732	0.944276481382974	69.26188527615926	0.0
5.106889875267982	30.82820321233045	0.6748473925627638	1.3493157360842662	62.040743783754536	0.0
6.302882388848985	29.991532529085003	0.7355927895464681	0.7068569840426485	62.26313530847689	0.0
3.3243318609613763	34.62852197288137	0.18459807700303188	0.4514368368527223	61.411111252301495	0.0
10.700049902270374	59.0999227805741	0.2434940054105621	0.8873187523207405	29.06921455942422	2.0
10.150814479656828	67.22044257876966	1.9976004962603864	0.8288829970401047	19.80225944827302	2.0
12.879967672253798	33.75267677099886	1.5817840280564561	1.0584809274163876	50.727090601274504	0.0
10.68800019754244	33.76972913765305	1.2377000187416993	0.6485750860440689	53.655995560018745	0.0
8.378854295689791	54.684249862288326	1.0976674308884895	0.5454817249793827	35.29374668615402	2.0
10.126112236154885	27.428488761217633	0.38390364924026266	0.4616751904922835	61.59982016289492	0.0
5.852450710645218	20.113272879615653	0.4665319653284713	0.26184558603172303	73.30589885837894	0.0
3.4794146409085394	24.090199666737995	1.2842922325411938	0.1720952770402738	70.973998182772	0.0
3.4872920339601543	11.462025219627987	0.2512111435226627	0.16463356666669024	84.63483803622249	0.0
4.368996669128871	12.089459940081214	0.20843983670855476	0.15810455455910738	83.17499899952224	0.0
15.364054789414979	18.59827901422892	2.188465454450989	0.6593948432434527	63.18980589866165	0.0
5.713368450979268	25.004299800646713	0.649418584713866	0.44550355996269925	68.18740960369746	0.0
5.327575730845139	9.759872757565367	0.2730564226565909	0.36353812062890156	84.275956968304	0.0
0.9919502657147462	3.189410134175353	0.018181980690066827	0.06552029251393471	95.7349373269059	0.0
0.2662700032582138	0.9091588497719103	0.006943336759819991	0.0239169786281785	98.79371083158188	0.0
4.807122307241323	2.8292136027554307	0.011717084569863985	0.1961119898156969	92.1558350156177	0.0
3.5519170065016654	4.504156827811986	0.010020468777865782	0.15560327077923608	91.77830242612926	0.0
4.7533504758292295	6.567150729249563	0.03593047234941048	0.3359325410612016	88.3076357815106	0.0
11.022560625502386	9.599049384039663	0.06810394838288615	0.8909301095626968	78.41935593251236	0.0
11.372258808111942	29.877637221592106	0.35087251106553474	1.4935387951341532	56.90569266409625	0.0
7.8169433301292655	24.301817122845513	0.1357624063554358	1.5892607957109481	66.15621634495884	0.0
4.950906855567294	12.688460168717954	0.10136943706621528	1.3693199157169111	80.88994362293163	0.0
7.072501255354238	30.48693109245105	0.14547241636591413	1.5723421994722888	60.7227530363565	0.0
3.6466906332273887	4.3622203730250995	0.03251665972980519	0.5847533403140269	91.37381899370368	0.0
0.38442011255142877	1.2079408629421995	0.02106492718961789	0.13849367558788786	98.24808042172887	0.0
2.529995028020385	12.651977751511891	0.019294178398507885	0.4541196675449835	84.34461337452423	0.0
0.9706884246558437	0.7629331053639036	0.009699912867250547	0.0787151684009825	98.17796338871202	0.0
2.840960379577538	2.7414345329031495	0.00899249958396209	0.315023520531152	94.0935890674042	0.0
3.917683177519239	4.979765260333573	0.039582161254046275	0.4181008546079752	90.64486854628517	0.0
3.1109027148408814	2.7859643960447067	0.029651816934079058	0.346539720388901	93.72694135179142	0.0
5.108081516329198	3.7979421473785053	0.02632602331182164	0.5583574854567466	90.50929282752372	0.0
4.545300037522069	18.794221274843785	0.14385772854961776	0.639667082558475	75.87695387652606	0.0
1.029983286081886	1.3153182486006576	0.07125211737066076	0.20881115172628034	97.37463519622051	0.0
1.8362696183269078	3.9070587421984735	0.0746493168188679	0.4368238474838214	93.74519847517193	0.0
1.769569654581978	3.7152932150568625	0.04193486083642193	0.26974417721070704	94.20345809231402	0.0
2.5023227666532475	11.303444408730483	0.05279209266147841	0.37491591709937017	85.76652481485542	0.0
10.25734592853769	9.995889884993522	0.040151729544132486	0.7369864464667124	78.96962601045794	0.0
4.128200678460759	7.593554898058335	0.026510178289490153	0.569746156615221	87.68198808857618	0.0
4.349226651257301	8.763505551005798	0.11218202286571834	0.6256830830396176	86.14940269183155	0.0
7.256008632052027	10.504199016160012	0.04832881899094463	0.4760350754902396	81.71542845730677	0.0
4.88949761194842	12.370009568015483	0.11789636899818305	0.6854861527214281	81.9371102983165	0.0
2.5863537057795662	6.08514997595077	0.0387652189688569	0.5723551067418359	90.71737599255897	0.0
0.9191938268799873	9.847472000686915	0.029914020557281554	0.2139016787603594	88.98951847311545	0.0
2.3485220798799142	5.41344883774738	0.03241608986973136	0.3142865499359436	91.89132644256705	0.0
1.456223799791604	4.075686780796649	0.0075261403248634475	0.2520949634802116	94.20846831560668	0.0
2.2501919870023	3.8973248524987243	0.008499846671358157	0.19423392258271316	93.6497493912449	0.0
0.98047010163336	4.4854123576230425	0.019616284738679126	0.22251571145890603	94.29198554454601	0.0
2.5300792065786517	3.5656147471479986	0.003809706599310018	0.4678917962956261	93.43260454337842	0.0
0.6935101759805243	1.5648674486193412	0.0036271981076087317	0.103658526941282	97.63433665035124	0.0
3.19592896550982	1.5457035519101354	0.006801103893517861	0.07964885452669304	95.17191752415982	0.0
0.4193257980217388	0.5477706458336176	0.0006971993517196927	0.026259225174778574	99.00594713161814	0.0
0.49494912871522956	0.8866582673389738	0.003883969058930529	0.019486152673906597	98.59502248221295	0.0
0.21059172997675807	0.3820052905154544	0.002263191365687879	0.03119400362385213	99.37394578451824	0.0
1.5334454470032832	2.40489780784003	0.0019921605557673694	0.12476696106027507	95.93489762354064	0.0
2.3644694446911334	4.313092496661325	0.009683118892611987	0.13457662981642132	93.1781783099385	0.0
1.2435909158481757	3.623359885230868	0.02663537111704619	0.23669201456114264	94.86972181324276	0.0
0.5483743911482956	1.3599553802014739	0.01545840891730603	0.22098542604530755	97.85522639368762	0.0
0.6043633647514454	2.2414910975255036	0.016926810076300966	0.35808283982994205	96.7791358878168	0.0
0.2771493224902979	0.9577901650790607	0.02606537377223283	0.25126699745625497	98.48772814120215	0.0
3.314276232391331	8.833739935064063	0.039567253234392766	1.10223545090431	86.7101811284059	0.0
0.7807047683409127	1.7322594637643094	0.012629902198752811	0.3930888444755792	97.08131702122044	0.0
7.489512508645342	7.062311947232086	0.06221783269143436	5.306205100224526	80.07975261120662	0.0
3.2812909232471648	9.490254347397844	0.026273452009091258	3.3310578470672403	83.87112343027864	0.0
2.254420914291837	2.670646464176781	0.02159534266739211	1.9494520015418553	93.10388527732214	0.0
3.747883201205751	1.8142306325848674	0.005729758320558155	2.329707205630888	92.10244920225793	0.0
1.777973282871035	0.7172541613413755	0.0033656071270733025	0.42778951936589504	97.07361742929463	0.0
6.99151308806643	1.8555392817913858	0.0042210291426336526	0.9118201857087322	90.2369064152908	0.0
5.000436324896282	1.8173993360971874	0.00593228515359817	0.8160927920043064	92.36013926184863	0.0
3.199770520285382	2.969773739012692	0.005577225566039165	0.860017818014698	92.96486069712118	0.0
3.1765487970274258	2.6028187820167568	0.001602673665203988	0.8686070267813463	93.35042272050926	0.0
1.380750679883584	0.8113705195483748	0.04502227942127938	0.15535658240827074	97.6074999387385	0.0
0.8619449189206593	0.7926393781262956	0.017402773361221403	0.12876497470379814	98.19924795488804	0.0
0.8148226434284587	0.06441658644131333	0.0024282438618062076	0.22593440441129967	98.89239812185713	0.0
0.00042329910367280285	0.0002980991608197968	99.93370221662417	6.0704356258576085e-06	0.06557031467569595	3.0
0.7922718998434393	0.03225800409653034	29.729855740466228	0.005445726909630225	69.44016862868418	0.0
0.7757200859619788	0.2929034770589148	34.036315142655106	0.005107671445952175	64.88995362287805	0.0
0.7637833750640602	0.12730565522438342	57.18644125410698	0.0021810287404990074	41.92028868686409	3.0
0.38834855400443397	0.11476540485528544	59.58708409363982	0.0022528513288175528	39.90754909617164	3.0
0.287859290686136	0.15838884249936322	57.635790214431246	0.0032191946369520526	41.91474245774628	3.0
0.3600598957010451	0.19982047206042125	48.58758507193868	0.0035953228783470546	50.84893923742151	0.0
0.21342028705360747	0.16488252637484366	52.24629812499701	0.003011069091373343	47.372387992483155	3.0
0.23294859708714094	0.18156106566702562	54.311790238643724	0.0011007080355752068	45.27259939056655	3.0
0.30485591529449724	0.26109025667616864	34.115626036557714	0.0016586323242655532	65.31676915914736	0.0
0.3185703781125581	0.2403591736828802	17.738557254945825	0.0025911063521451556	81.6999220869066	0.0
0.34693597074267435	0.21883303400234552	18.61671430101481	0.004586221398636169	80.81293047284154	0.0
0.3505591562230662	0.19273512662551137	19.637124962239735	0.006076055237738941	79.81350469967394	0.0
0.5719369959728853	0.19151082242509684	17.16404088335295	0.007083927426876642	82.06542737082219	0.0
1.700473633330906	2.14217038813593	0.3183779846493742	0.599735204175369	95.23924278970843	0.0
19.57044148464065	2.520444855731926	0.004273303656295016	0.34526696006593066	77.5595733959052	0.0
3.1825233138815037	3.1498833773685253	0.0005500070761846129	0.09761819413783618	93.56942510753595	0.0
1.9524829335021188	2.040973392425247	0.0013253421167241431	0.10653187578213175	95.89868645617378	0.0
2.5277502425996508	6.68368609768295	0.012955834904529895	2.488638148248644	88.28696967656423	0.0
2.22073259467495	7.728671491201442	0.008007293287580501	2.287947086853469	87.75464153398255	0.0
2.3109153684664	36.47779870027672	0.014892595562998325	4.2253338218303105	56.971059513863565	0.0
3.8475438653096834	17.822727219362395	0.021324764199800637	6.854839012780838	71.45356513834727	0.0
3.844895939845546	16.503886646266526	0.02077951403586789	12.290955994081203	67.33948190577085	0.0
3.5339505484395004	17.177885303864922	0.020131604758668514	14.837275989758758	64.43075655317814	0.0
5.771104258617591	10.318709961052493	0.016370840156914868	4.337876776969073	79.55593816320393	0.0
4.330636250890753	5.644561949239928	0.012190700663526009	3.8534095695668396	86.15920152963895	0.0
6.070883111746993	10.031398826357329	0.11498552453409372	4.383932546152068	79.39879999120951	0.0
12.425379856501726	19.40224769182791	0.02550967834749	9.506749894769488	58.640112878553374	0.0
9.284875230913048	10.159592869095402	0.016063003567891962	5.412107187090908	75.12736170933275	0.0
5.942283063463118	9.496131360092189	0.006090573500880028	6.255499571784953	78.29999543115888	0.0
5.1224222768512355	8.33474359827576	0.014555494885682953	8.662609181308992	77.86566944867832	0.0
4.853901713188124	10.28338216209959	0.003838252967073405	3.4411767238187343	81.41770114792648	0.0
3.0858972905843993	5.09498611937109	0.0025776641400205294	1.798927889213484	90.01761103669101	0.0
5.392635537609239	5.841712040477648	0.0043669951380819454	1.6082766665665444	87.15300876020848	0.0
3.858011679302484	6.913694043745224	0.006915447888886347	3.881556603587795	85.33982222547561	0.0
0.8939639609376542	2.2072590755675816	0.002953391918392203	0.33925850775390437	96.55656506382246	0.0
4.802435905132066	6.911848030267185	0.01263283205595454	0.4030702798444098	87.87001295270039	0.0
5.042724207071504	4.346923778013903	0.03555584110579963	1.084099578321409	89.49069659548738	0.0
9.292580098582173	7.6244961977403065	0.015580364625555546	2.2035499972940062	80.86379334175795	0.0
1.897741465044581	4.212608979436692	0.006646665201268131	0.5105452392536804	93.37245765106377	0.0
4.0264274961101085	4.886112845541354	0.0070680248686933985	1.0050283237382873	90.07536330974155	0.0
0.7271896303828853	2.3254288917768178	0.0009229204838851761	0.26896921060465756	96.67748934675176	0.0
1.8899428571963153	3.887922171586105	0.0018149620279531984	0.3635734507415126	93.85674655844811	0.0
0.9467238453689304	1.8383717560709383	0.0006613987851880635	0.16067850735889258	97.05356449241604	0.0
1.9764064994504515	2.2627634711706968	0.0009616858808991439	0.15319392870208445	95.60667441479588	0.0
2.058489571279816	4.415750952547219	0.002411413640550103	0.19310032655412557	93.33024773597829	0.0
5.786336334707946	4.361776511735062	0.006836546193925574	0.32880578917094777	89.51624481819212	0.0
3.953624798741273	6.278834227497583	0.002988413455233875	0.181267947782467	89.58328461252344	0.0
4.8353746563712185	6.469406933298972	0.007269362703081616	0.3474324549952376	88.3405165926315	0.0
1.8256219076121798	3.268151535120455	0.0026129616987475637	0.13736503693213242	94.76624855863649	0.0
2.6846232554031118	4.888119637457698	0.002115222390144624	0.18057250255746968	92.24456938219157	0.0
3.71226713271958	4.639764434532052	0.005891211644939781	0.14180929360507255	91.50026792749836	0.0
4.364637366196841	4.51800120333325	0.00915909292928151	0.14836711862802143	90.95983521891262	0.0
6.859489033127322	2.1315397859324103	0.013199985113500592	0.07579118848106896	90.91998000734569	0.0
1.401862990426264	1.9061479333155291	0.033664795145712835	0.07628041599643047	96.58204386511606	0.0
1.5114874546524415	10.962401132289555	0.04392537423136253	0.06039336624857283	87.42179267257808	0.0
1.3128418218485487	9.92221238042979	0.043549330673816236	0.1559662549174035	88.56543021213045	0.0
0.3337006873734202	1.7871043138345737	0.012276170612609882	0.03211246939834135	97.83480635878105	0.0
0.4402928335495505	1.4964792786590628	0.015097189421337028	0.045448108977237285	98.00268258939282	0.0
2.8666757039862696	11.321209173500193	0.02965022846244562	0.3205682434658629	85.46189665058522	0.0
0.6880618896487762	4.037803998566387	0.006181627964369138	0.09891109191342083	95.16904139190704	0.0
2.6198830927424703	8.12529585381957	0.01714077010549807	0.5833989305440583	88.6542813527884	0.0
3.7832913180324947	7.142318337592793	0.011292067525818	0.2576846948373286	88.80541358201157	0.0
3.4796408429182115	6.900438756423442	0.004076288145454941	0.3300723728061997	89.28577173970669	0.0
3.5639384072480373	12.827528822049086	0.008751472755991979	1.1517784888998515	82.44800280904704	0.0
4.137194015479187	6.241537105452817	0.07410964765431957	1.1815021918791657	88.36565703953451	0.0
7.706450694252669	8.976177502006735	0.06682286285287213	1.911896061327583	81.33865287956014	0.0
2.680155601434615	2.6129684673385034	0.014827272623649034	0.21572424085567135	94.47632441774758	0.0
8.88095226161353	10.54614959945155	0.06652995932055292	1.1784406619121433	79.32792751770224	0.0
5.352843998551819	12.88002920059621	0.04058233786091422	0.9661404845335744	80.76040397845749	0.0
2.791771827625883	8.009936384508222	0.0218143531768369	0.5063124457797283	88.67016498890933	0.0
0.8178699546322603	2.6107853948640085	0.05422568056763983	0.3105221283749792	96.2065968415611	0.0
0.8957266848565132	4.065929402825915	0.03234212087531083	0.20889256484333804	94.79710922659893	0.0
0.21804790189478576	0.5351366110790973	0.00712416529321917	0.07512225863422309	99.16456906309867	0.0
1.3970207370308725	2.298022964704707	0.004815737372624521	0.18308932145783638	96.11705123943398	0.0
1.6056731321870552	3.407979752319254	0.0076076638256510135	0.20575621400897373	94.77298323765908	0.0
0.6560562228626826	0.45700188476508247	0.0019206933333192808	0.07713557825561637	98.80788562078328	0.0
1.9093170148314669	2.371808033980553	0.0022372601403228927	0.14087177517212482	95.57576591587554	0.0
2.657320741437201	3.542350213433782	0.02693591122385291	0.23054626738429296	93.54284686652086	0.0
0.6021444587399235	0.5172351722724248	0.001951645261212477	0.054337673079756885	98.82433105064669	0.0
0.6349439067978551	1.1971770492706253	0.003258918337858035	0.179013583081956	97.98560654251169	0.0
0.33630225823152265	0.248782664607609	0.000766642802860434	0.08043886944435578	99.33370956491366	0.0
0.8606148452487768	0.7835239159185943	0.00196776263850743	0.0988902780704729	98.25500319812365	0.0
1.0168155564971697	0.7819630675047956	0.0004451409222900542	0.10787867820075132	98.09289755687499	0.0
0.3800991569141935	0.4813989668203309	0.0003431966842688309	0.03880093059369848	99.0993577489875	0.0
0.2942051540327882	0.7079022981224146	0.000664982734159513	0.04912186316509954	98.94810570194554	0.0
2.221018601172803	0.44342073575978047	0.015483435218524935	0.0733855286533535	97.24669169919554	0.0
0.18324452674602687	0.23824087639044236	0.00650819610149207	0.02830781792561425	99.54369858283641	0.0
0.25327193953091365	0.13572854192610226	0.01305806347187391	0.01667462265704318	99.58126683241407	0.0
0.46430270963037656	0.06877649449153528	0.01055366878469454	0.014831001971947984	99.44153612512144	0.0
0.40427585537556615	0.4456097169748598	0.003438348396479726	0.07657148075959645	99.0701045984935	0.0
0.7323745351677808	1.3688463327327114	0.011816638078280636	0.25314624623160387	97.63381624778962	0.0
1.3890467656668741	1.325937743419071	0.0021374422620710604	0.18586732916739065	97.09701071948459	0.0
0.79882495695382	1.1212203774690208	0.002425240357437648	0.4480308397257488	97.62949858549396	0.0
3.6084813259032593	2.328356595109191	0.0036075902530631598	0.7474240133546508	93.31213047537983	0.0
1.4120784173539929	0.924342810467162	0.0019618171272096216	0.404142631771653	97.25747432327998	0.0
0.7507439136487544	2.354400830658466	0.0007149396836274155	0.2637093080370752	96.63043100797208	0.0
0.4182879433247127	1.5557521837055504	0.00044711333107724755	0.15568509708006964	97.86982766255858	0.0
0.7049187819211706	1.8899603557246514	0.0010415005835139914	0.15032087946101538	97.25375848230965	0.0
0.6243870928831292	2.0563037674413644	0.00043204059532397866	0.15424876354641692	97.16462833553376	0.0
1.052217706365135	2.543678308936067	0.0009119739428668067	0.30109475570543726	96.1020972550505	0.0
1.1951436253774717	2.7569625959712867	0.0010807710924717543	0.7069108659559633	95.33990214160282	0.0
0.8036233126619197	3.1422254790567843	0.002609244269102126	0.3166430302297084	95.73489893378249	0.0
0.643246688320337	2.3628034451830127	0.002105477141012675	0.17011642436540514	96.82172796499023	0.0
0.5008432612420868	4.018639451073738	0.0017859251123185065	0.13092391048170274	95.34780745209015	0.0
1.6002385487295792	14.549772035255016	0.0033172027447193175	0.2284401552622763	83.61823205800842	0.0
0.9626712935669222	3.2737066944164726	0.0013681189789259533	0.1731192803213995	95.5891346127163	0.0
0.48410742930307143	0.612342209981495	0.0009111801111376663	0.24376803558412044	98.65887114502019	0.0
1.5658716680354032	2.186979822597074	0.002404338467370978	0.28647820364927934	95.95826596725088	0.0
0.9521009588461505	0.9482516552289677	0.0016943804945112328	0.19725155348897314	97.9007014519414	0.0
0.7469586890612597	2.7053853353788204	0.011494256237776852	0.33909190778133586	96.19706981154081	0.0
0.4760382303790801	3.0191405968824423	0.0018466843755644729	0.20723690290923286	96.2957375854537	0.0
0.26409579404067113	5.445224654663332	0.0013388762462064616	0.10588647046413985	94.18345420458564	0.0
0.25899051060708345	0.9726405580147128	0.0011220808083911861	0.19074143715294617	98.57650541341685	0.0
0.7912492152391603	3.084097523176786	0.0029390390465368825	0.3127103471235779	95.80900387541394	0.0
0.7200071670559585	4.675871957997849	0.0033451492199461203	0.31530284272480924	94.28547288300143	0.0
7.35408269364626	5.544538011943956	0.00531577546459679	0.4019691565439732	86.6940943624012	0.0
0.6060724624496747	1.0683769583974743	0.0025031162168538527	0.21365070338122202	98.10939675955478	0.0
0.7184749095204783	1.3483137964225032	0.01253494380891853	0.1353476495525787	97.78532870069552	0.0
1.3872524145187684	1.7472404505813368	0.010789456167976132	0.43473854276283974	96.41997913596907	0.0
0.5330102865708914	0.8958134407006829	0.01211370575413693	0.06724604018039602	98.4918165267939	0.0
1.025923968976215	1.37634405708894	0.011928486339964467	0.10810959857039078	97.4776938890245	0.0
4.932241040543629	5.1496495326244975	0.006666752471739605	0.47006925079020756	89.44137342356993	0.0
1.2774508911532692	0.5620952889446668	0.002001165298575907	0.11963859129107327	98.0388140633124	0.0
1.3942682427965736	3.639991426424352	0.0010989342483593457	0.10856551099828737	94.85607588553242	0.0
1.3674983851525824	2.0322364102877883	0.00112288863339329	0.11118769691605482	96.48795461901018	0.0
0.8794655514925587	3.5580178587123457	0.0008951028504289923	0.18744132644696496	95.37418016049772	0.0
0.9899674803409049	0.7727700395856978	0.0013600158471196184	0.1430937318380973	98.09280873238818	0.0
2.9504571058339235	3.1629612739765554	0.007568720354747782	0.21953798001332608	93.65947491982143	0.0
0.18833100702411867	0.137513836469258	0.0021757578546231075	0.010612634383945921	99.66136676426804	0.0
2.374448662636853	2.28376815346988	0.02594580511341714	0.23754040735688886	95.07829697142297	0.0
1.3471147695525	1.821482193295762	0.012966549516074007	0.19768012964749207	96.62075635798817	0.0
0.8712118155798307	3.0299350677586134	0.013886281131991043	0.23865966599906616	95.84630716953049	0.0
0.8153998018305708	2.318836484972248	0.009515135571876533	0.27268467322080164	96.58356390440451	0.0
1.9004303049652589	4.737769626198812	0.022250069355986654	0.3186032476949292	93.02094675178503	0.0
0.9618891685115417	3.382257922708852	0.016216757228945857	0.2304412993870168	95.40919485216365	0.0
2.977069513635101	10.117087746072036	0.02746856498340929	0.45411092297143335	86.42426325233801	0.0
0.6646932928473591	3.4841807478417737	0.0073375872036754676	0.15249870490113093	95.69128966720606	0.0
0.15414898695211698	0.6708398048694365	0.002086068799777176	0.06855998799738663	99.10436515138129	0.0
0.9130919297305695	0.5419476350159292	0.017900745132559074	0.05559319209357619	98.47146649802737	0.0
2.060972288011277	2.259871690366499	0.047875671257456405	0.32670070518382116	95.30457964518094	0.0
0.9827825690945655	0.4145628405792907	0.021615717955821477	0.08242642161923484	98.49861245075108	0.0
0.5778697261771059	0.8806811755034687	0.0376571578158731	0.3409489633486241	98.16284297715494	0.0
1.8442063183000494	2.6174030866031175	0.05966841652197011	0.3947423690697209	95.08397980950514	0.0
1.113204610620245	5.566308399052042	0.051393572297502424	0.5048339225086401	92.76425949552157	0.0
0.5120340383635833	1.091193371881901	0.014192172171706338	0.27101724373361963	98.11156317384918	0.0
0.4466726268965942	0.7580736068614538	0.016563270306909468	0.2629703344897848	98.51572016144526	0.0
2.4062338840089668	4.5475485120667996	0.04966278645880917	1.8623047457989081	91.13425007166653	0.0
1.8431322918869195	4.177978087455993	0.044901744678074944	0.8901933177032834	93.04379455827574	0.0
1.1455716327818488	2.3840797964200737	0.09008631010332226	0.10186279660168016	96.27839946409308	0.0
0.5118424614389817	0.6248245536004338	0.031056339962157387	0.04333475330618401	98.78894189169223	0.0
1.1286119413161402	0.827625289112728	0.03401016206902061	0.059207491276394617	97.95054511622571	0.0
0.8531436350206308	0.7246599108804225	0.03527691470706522	0.03819108610153695	98.34872845329035	0.0
0.632615521785738	1.3415166192713488	0.04785002042799688	0.0599495411427277	97.91806829737217	0.0
1.0289951980337468	1.419774013994443	0.043900805185117985	0.03158432249507399	97.47574566029161	0.0
1.9520561621131396	2.406397745073603	0.06125206827410806	0.11663322805979229	95.46366079647936	0.0
2.863124298914558	5.229613640325984	0.047092373819989215	0.05368666199219713	91.80648302494725	0.0
2.7878592580333312	1.9381884778080047	0.03881409869766993	0.060930864736362216	95.17420730072465	0.0
1.7428568557159647	1.2046032979778714	0.026095046119546272	0.11781748337749683	96.90862731680912	0.0
3.354655207020543	2.4605895323818654	0.07092028103811751	0.36052122993766084	93.75331374962182	0.0
2.7952837110614333	0.5588762801526697	0.027300528691085343	0.18460362295155863	96.43393585714325	0.0
16.69702137630031	21.31436847269365	0.2170354990962432	0.3610871687185598	61.41048748319123	0.0
18.48291325610987	20.112641252068517	0.24554319725203175	0.705445820088412	60.45345647448116	0.0
16.87968433921497	14.675541851264883	0.03806229358433773	2.1900714270522785	66.21664008888352	0.0
10.144716016028246	22.87343266594821	0.020378859396636632	4.432843075628439	62.52862938299847	0.0
12.109513756880846	18.444088116719946	0.11670397487179786	6.103349623983694	63.22634452754372	0.0
22.049201027987746	13.72580729959221	0.08304630963758372	7.403504595039324	56.738440767743135	0.0
15.605281559327938	15.03503976058574	0.021094572529715173	6.3845243339042845	62.954059773652325	0.0
13.485365989545942	27.458499034154983	0.03435885081567979	6.0070256274429665	53.01475049804042	0.0
11.516315291305736	12.743115277736969	0.029123400785278305	2.060624479926754	73.65082155024525	0.0
15.888566450856143	27.58672662255066	0.04485877369717099	7.088480689867184	49.391367463028836	0.0
17.3216596494047	17.649107375745583	0.06787082658188372	2.0691405569378185	62.89222159133	0.0
2.688358790988157	2.9318111639885713	0.07613303050929329	0.6725345499025793	93.63116246461139	0.0
6.51353856616	4.676296734306004	0.012807612567102824	2.561117550595437	86.23623953637146	0.0
2.4185331040286107	1.2422291323736907	0.0785214142898064	0.28583547462556924	95.97488087468233	0.0
3.9325521786340203	1.140928586875345	0.009685601564563814	0.4022646571214721	94.51456897580461	0.0
13.631958659672113	1.939650825336172	0.023663386808702815	0.9043806966438481	83.50034643153916	0.0
24.3407725930196	2.819543145225969	0.01099851348995307	1.6862542045918545	71.14243154367263	0.0
14.458001404878102	2.644633133926942	0.006583365239549548	1.9804306040721773	80.91035149188322	0.0
19.502786770076955	5.593492760539139	0.02367838857248162	3.9307902645119728	70.94925181629945	0.0
12.314371675743931	7.798691544955576	0.1848030084979604	2.691937173605922	77.0101965971966	0.0
17.80125941713747	23.037340625282766	0.053471418229807326	10.43939615874334	48.66853238060662	0.0
15.430502942806251	31.690875029548614	0.14511440243101859	10.412781672038664	42.32072595317546	0.0
12.627278985570921	17.12446810815542	0.05275361681395524	8.255989017838981	61.93951027162073	0.0
7.610720978397866	9.467805048014469	0.013082978455330446	13.371845001204152	69.53654599392819	0.0
9.231049333428514	22.760915788824946	0.11229147713054877	36.90444025209646	30.99130314851954	4.0
9.141742090198312	12.759655976586625	0.03470065095513082	44.96740140853585	33.09649987372407	4.0
7.532133360345352	10.632130997619575	0.06061293784705129	50.791156945939754	30.983965758248267	4.0
16.75337698473275	7.337743601280764	0.07164998319651224	46.34051789214198	29.49671153864799	4.0
9.230433360109053	9.546913339982089	0.1413154502773912	34.90523774166471	46.17610010796675	0.0
14.325962341102057	7.265266918528851	0.05623795529249204	20.602419650885942	57.75011313419065	0.0
7.118540386233839	9.282327871400346	0.03287130204691396	9.494727202666015	74.0715332376529	0.0
5.13665126218386	9.982839797407568	0.033936377485780406	13.016934423456785	71.829638139466	0.0
7.456179294237996	4.687036432632315	0.04114631580084223	16.040317906775392	71.77532005055345	0.0
5.760605317900235	3.6121609331337323	0.045540506452125575	10.108809850949168	80.47288339156474	0.0
5.510928909396847	3.5103588166006325	0.25235964264217514	21.965780572967073	68.76057205839327	0.0
5.900198757057294	4.328630874354103	0.14407877715046336	20.07533849297769	69.55175309846045	0.0
4.399419693241466	3.637607875545073	0.044088753138112904	15.362072352769976	76.55681132530538	0.0
7.443313180357923	7.91714991567596	0.10360241638830991	22.820627675689465	61.71530681188835	0.0
3.750549791702941	6.7409162677587995	0.09694487371481662	44.319002320385394	45.092586746438045	0.0
5.019685099035177	4.805259761656706	0.08908990082541085	36.655519536265295	53.43044570221741	0.0
6.102809059939037	2.830996519890371	0.10755546031723144	52.89613100349296	38.0625079563604	4.0
4.455888876116364	2.7508609784060636	0.02682239672548505	31.70677199362963	61.059655755122456	0.0
4.961581738743228	3.199976260779546	0.04279329063463642	34.35110260774388	57.44454610209871	0.0
5.180552774384062	5.3881006023761095	0.030858078071653874	14.514543814877173	74.88594473029102	0.0
5.825704929368274	4.093132075452398	0.02587603047044386	6.753797279811867	83.30148968489702	0.0
6.98750762682743	3.4530637053753095	0.059453434099824315	18.20431011370652	71.29566511999093	0.0
5.030815547344498	2.180671482762923	0.014717582483096065	7.157789000378909	85.61600638703058	0.0
6.608472516197714	1.162789774630347	0.010504144846341618	3.4106227036534964	88.8076108606721	0.0
14.271829973368998	1.7975926891289407	0.007121091233696095	3.648749545891985	80.27470670037637	0.0
3.2484189242498984	2.9679318467897926	0.006475475472002937	1.4914952722958155	92.2856784811925	0.0
10.670908664982475	10.099622981391898	0.012180932949590486	3.078224896763492	76.13906252391254	0.0
7.224021145788716	6.894902801001772	0.047380116962104056	3.6342685707991254	82.19942736544827	0.0
3.428782185922125	18.796684933458476	0.11037753274905479	6.8181997231687275	70.84595562470163	0.0
3.2311411036641764	32.919619768026585	0.20733214840873965	4.770386726355199	58.871520253545306	0.0
4.53808291793624	28.72197042633095	0.4030439144508354	3.0759388983036673	63.2609638429783	0.0
2.230727140545481	28.916689302555675	0.40444689119061866	1.7268682279299965	66.72126843777822	0.0
2.4295272487948245	45.33610240786848	0.8831874522671503	2.58495113486749	48.76623175620206	0.0
2.79443612066113	47.06715913296679	0.13374102564677082	2.7738120682112353	47.23085165251407	0.0
2.4324049532126844	35.21958145494411	0.5471873526731293	3.1901922106698017	58.61063402850027	0.0
2.361287084927541	41.0703644601326	0.435821992539324	2.8808380063939283	53.251688456006605	0.0
4.396924994540819	43.225773051581726	0.2244856128490542	2.763274911925592	49.38954142910281	0.0
5.799317980591344	50.13457329106665	0.7635375632341848	3.3231081391337467	39.979463025974084	2.0
2.8898920998705324	46.02282611888083	1.0840784643259431	2.443404139323057	47.55979917759963	0.0
2.026775152077416	44.79788542012315	0.6276422341990496	2.390690662738947	50.15700653086142	0.0
2.470756876408481	32.103468186997425	0.2466713957431162	3.013478142494051	62.165625398356916	0.0
3.4402744699366954	32.57081214803891	0.35914213476393864	4.086350387844001	59.54342085941645	0.0
7.278755175998522	29.36377752989257	0.11983703570771653	3.5711042225626946	59.66652603583851	0.0
11.931599992397892	4.67637806489908	0.22653566395014796	1.1234788523058876	82.042007426447	0.0
19.203475513993347	10.20199198719493	0.23244969228307014	3.2633001582172616	67.0987826483114	0.0
16.225751931445124	3.8932846875083085	0.08339086191772202	2.2156918384942834	77.58188068063457	0.0
24.819568018298032	4.306351274869681	0.09244710139179797	0.8003624193570236	69.98127118608348	0.0
9.918663511317535	7.309448776048819	0.18125679209527393	0.4731408032586269	82.11749011727976	0.0
13.717115542683672	2.8317155895478505	0.02536107045079485	0.10841938114049976	83.31738841617718	0.0
20.824285801246408	8.175498263528056	0.04086942776220808	0.32482286525989673	70.63452364220343	0.0
14.878598609847959	7.997939557299214	0.10561498069114159	0.6351692443855481	76.38267760777615	0.0
12.134243338246712	24.623570344528346	0.14509032829718077	1.619731382009298	61.47736460691845	0.0
12.365100317082693	17.86531281325733	0.4653811901006978	1.2375983661254608	68.06660731343382	0.0
10.484075812356487	12.127345398824618	0.12269360892853749	2.4253444158565474	74.8405407640338	0.0
15.111841455983118	8.78479792916986	0.07657597243078346	1.7925439982153606	74.2342406442009	0.0
6.880433060356454	4.463621040655508	0.09265505928944634	2.537617217905002	86.02567362179359	0.0
18.577010307495982	25.852145906329888	0.08973363744922377	3.1892684930486297	52.29184165567627	0.0
15.024369377944808	21.178105195537817	0.0779987560058993	4.801477452336884	58.918049218174595	0.0
20.870720702136854	13.18760893899309	0.11864065668561337	6.416380379056427	59.406649323128015	0.0
9.823811223991132	15.197648958264217	0.07172244225443318	8.173645149110499	66.73317222637971	0.0
12.883391063718575	21.682237122020386	0.04850190840385503	7.273211320745252	58.11265858511193	0.0
5.752853410609256	18.49367302652073	0.03836032653681931	3.2618490478525346	72.45326418848065	0.0
8.766761301766003	15.97933739578156	0.1824382288200952	5.600862436310421	69.47060063732192	0.0
8.650320500212178	26.27627544743189	0.21807763075673853	1.9039134611170856	62.95141296048211	0.0
4.946439536222228	39.22578435862002	0.20088462509922608	2.664079417517834	52.9628120625407	0.0
9.06610765236774	30.916450846210434	0.3156175875168766	4.339523621911439	55.36230029199351	0.0
4.899028958769815	52.140675984939286	0.29993612010023624	2.8410783407345925	39.819280595456064	2.0
4.258894309633626	13.903529661008404	0.6353191815245463	2.768371265449381	78.43388558238405	0.0
2.872048330708549	13.86018065026511	0.14707447591634867	0.8816117212824498	82.23908482182755	0.0
3.750558421699622	12.633421485138765	0.05829250340566418	1.1119172203551277	82.44581036940082	0.0
7.383337123211119	9.76480931171931	0.1344914729945908	0.9320542109464534	81.78530788112853	0.0
5.433319443934354	8.210284034606628	0.03209380318128631	0.49389479241517853	85.83040792586254	0.0
5.034599114089093	4.806593117997293	0.027331384697420833	0.21020771277710432	89.9212686704391	0.0
0.8358292847637028	1.0444954437777823	0.03572293181462821	0.06524185299506918	98.01871048664881	0.0
0.6380084425511241	1.2060545764055015	0.021300209387771194	0.11419976124209963	98.0204370104135	0.0
4.235931458688853	5.82786582542087	0.12210840944494629	0.4966655604151617	89.31742874603017	0.0
8.126243381113767	9.347632896129875	0.15991803393543358	0.47036066495476614	81.89584502386616	0.0
15.327487103056544	13.093516915427154	0.15140092789113066	0.691023759991992	70.73657129363319	0.0
25.821105047850217	19.984617311297264	0.22120827434589924	1.621051146657774	52.35201821984885	0.0
15.637781152074115	12.135224344143673	0.20780989784806325	1.4905035708829606	70.52868103505119	0.0
14.739351583523558	43.85668007881473	0.48878718441250885	1.219231137530018	39.69595001571919	2.0
5.919404054416575	63.88847040009694	0.2272933427687284	1.738189155458365	28.226643047259394	2.0
4.794913221614836	28.024532837671686	0.30453946824757155	1.3471283034574753	65.52888616900844	0.0
3.7142192885089678	12.569427621475961	0.3311141929867297	0.4140906413063477	82.971148255722	0.0
3.00269624842559	5.754055755564559	0.042926663823434706	0.12602031231927577	91.07430101986715	0.0
7.295736238196514	20.3455204477156	0.343929698692847	0.39468848879397983	71.62012512660107	0.0
12.931147783480812	12.925157987098798	0.690246259407312	0.28406894936943233	73.16937902064365	0.0
7.459869280219296	6.021557065341052	0.1180257650446672	0.2023487033936051	86.19819918600139	0.0
2.881281609691696	5.588932509919651	0.08011855655296991	0.15562935076002224	91.29403797307566	0.0
1.471741350147861	5.223031266604019	0.1374287301805102	0.09200898309141968	93.07578966997619	0.0
0.25434176903859856	0.32953760454446523	0.09619673019575171	0.004345102251800054	99.31557879396938	0.0
0.36053487978122184	0.6836270310826988	0.0243366785174502	0.007883151430985216	98.92361825918763	0.0
0.2812045739237877	0.3102652681145504	0.014196273489828016	0.010699065551813174	99.38363481892002	0.0
1.0362771018767467	1.1924519421224613	0.04951254987950011	0.025851609093887836	97.6959067970274	0.0
2.2036733686592327	3.257499454233449	0.16181255394532484	0.1249159478834016	94.25209867527859	0.0
1.5909413215071504	2.4288779799564812	0.07470727201544711	0.09771446085171187	95.80775896566921	0.0
2.976447386700702	4.946322628791076	0.1316100337075543	0.4271899055993387	91.51843004520134	0.0
0.7802827011130767	4.215283630475468	0.034026548479544096	0.08736486506590495	94.883042254866	0.0
0.8880944363113409	1.8722531207222028	0.03648879923628376	0.10671712367926187	97.0964465200509	0.0
2.0427028611379976	3.2507869676512637	0.02948664997275809	0.20285736509372712	94.47416615614425	0.0
0.5387438160668181	1.2413946607805681	0.028951334966786632	0.039234005626271565	98.15167618255956	0.0
0.5825261131396876	1.1554337086292616	0.024457882550330365	0.037107687606877764	98.20047460807385	0.0
3.0914650151023864	3.882372551714485	0.17799329846202214	0.0923645251450288	92.75580460957607	0.0
2.401251000326715	4.297274710521557	0.12807278974792072	0.16236034373373545	93.01104115567009	0.0
1.6811944218066417	3.0715043383421397	0.17198539092332576	0.1954609147855173	94.87985493414237	0.0
7.688321074906826	14.683820550013134	0.5029661122159664	0.34619984242450574	76.77869242043957	0.0
8.769885334959246	20.357318532859605	0.27146453833026457	0.550612023397243	70.05071957045364	0.0
9.087396460627142	21.334513727992462	0.3526790134819105	1.0617540826633265	68.16365671523516	0.0
6.0072176443867775	16.027863226942543	0.6224948606612231	1.1158214636026804	76.22660280440677	0.0
7.238339246976917	16.081700450779927	0.22349104252614543	1.0187050216163607	75.43776423810066	0.0
10.472862564877405	23.98140138200001	0.32596064411592673	0.8283614848610064	64.39141392414565	0.0
19.128614462958996	11.118720142334412	0.3981417855087113	1.3312039202515022	68.02331968894639	0.0
11.248832813270312	8.03592059694765	0.2450319241528442	1.3540686393039814	79.11614602632523	0.0
14.056478144418247	14.98041724507154	0.19216460089091833	6.549603438485632	64.22133657113366	0.0
8.296319266992501	11.55702564069201	0.10540863603064143	5.541236630592393	74.50000982569244	0.0
3.6367418275664134	17.597226728344957	0.17396739865006816	4.522513271730688	74.06955077370787	0.0
14.544991943795315	9.931150430407799	0.08791596695649814	11.859544671287448	63.57639698755294	0.0
6.805666541475985	14.452869123855761	0.255904296269186	8.994296446160503	69.49126359223857	0.0
7.180329983773113	19.749609323160055	0.3406615104402946	14.94284774180782	57.78655144081873	0.0
4.7758332368965855	14.319065110183548	0.19601206485078382	20.737953476888453	59.97113611118062	0.0
1.2811014565138048	8.50473056269679	0.315830848288198	12.724931042911972	77.17340608958922	0.0
1.5133675895473748	10.351913976057373	0.10633739845408885	17.62294081179517	70.405440224146	0.0
3.202085432137644	10.806715839974727	0.1925914146911271	28.95101566439015	56.84759164880635	0.0
2.14231166000554	9.946635234133822	0.3120885918598851	24.894198946110947	62.70476556788981	0.0
2.209090912066826	7.8651199315724885	0.4353070757478371	23.873163306668467	65.61731877394438	0.0
0.9786067039700983	1.3321258673150789	0.04713335840870507	14.781863690182506	82.86027038012362	0.0
0.6729181200690524	0.8574995103815862	0.03526123661350492	11.50731563183721	86.92700550109865	0.0
0.9535335875038303	2.2584004336611	0.019736236444573774	17.880218999404402	78.88811074298609	0.0
0.6607661877095099	1.3711087150803802	0.00894248535974431	10.211416303672843	87.74776630817752	
