99.98884	0.003122592	0.0028442626	0.0025354652	0.0026603735	0
99.99086	0.0026203524	0.0023489508	0.0020719361	0.0021034896	0
99.9906	0.002703077	0.0024336462	0.0021358207	0.0021203798	0
99.99019	0.0027906045	0.002504021	0.0022472495	0.0022691118	0
99.98947	0.0030292813	0.0026901881	0.002386422	0.002424022	0
99.989204	0.0031106214	0.0027975687	0.002472209	0.0024076414	0
99.988686	0.0032624167	0.0029328982	0.002575509	0.002542946	0
99.98852	0.0032694608	0.0030060743	0.002595781	0.0026060014	0
99.98818	0.0034179867	0.0030752588	0.002663183	0.002654689	0
99.98603	0.0040885424	0.003631971	0.003135686	0.0031124281	0
99.98306	0.0050076093	0.0043963096	0.0038078416	0.003722728	0
99.97894	0.006307022	0.005440688	0.0047416547	0.0045630196	0
99.9733	0.008150495	0.006845755	0.006016246	0.005701766	0
99.95854	0.013065795	0.010528174	0.009244601	0.008601744	0
99.800865	0.07196514	0.048623327	0.04082658	0.03771742	0
0.82294166	97.99883	0.55470717	0.2971752	0.3263319	1
0.33404887	99.0614	0.28418678	0.1517706	0.16858985	1
0.2216833	99.29201	0.2376525	0.117408976	0.13124451	1
0.24414237	99.128654	0.3216441	0.14394517	0.16160534	1
0.3985233	98.559845	0.537501	0.23189424	0.2722365	1
0.40154257	98.63888	0.4909829	0.20787969	0.26070842	1
0.6167953	97.43818	1.0794227	0.38839585	0.4772062	1
1.2053548	94.125	2.871939	0.82017	0.9775429	1
0.3278806	0.86971503	97.9437	0.5441185	0.3145829	2
0.4147231	0.7776327	97.318855	1.093318	0.3954676	2
0.17434298	0.31909108	98.90076	0.4164714	0.18933803	2
0.08267158	0.14865634	99.526505	0.15187262	0.090294585	2
0.05385372	0.088349536	99.701775	0.101280876	0.05473927	2
0.056491386	0.08553663	99.696526	0.10368319	0.057762653	2
0.036347065	0.05638149	99.809235	0.060807604	0.037234817	2
0.046310175	0.06629559	99.755135	0.08537914	0.0468836	2
0.030932553	0.047100753	99.840744	0.050657626	0.03057259	2
0.042748455	0.062207766	99.77481	0.07756759	0.042664155	2
0.029915173	0.043366484	99.85118	0.046774693	0.028766463	2
0.048181683	0.065013744	99.75393	0.086685084	0.046188176	2
0.034608126	0.048744783	99.825806	0.057419494	0.03341321	2
0.07994349	0.112538	99.56868	0.16057181	0.0782653	2
0.70767826	0.89714926	95.55651	2.1729076	0.6657625	2
0.09981926	0.13438717	99.463425	0.20660406	0.095774	2
1.0867666	1.3717952	92.74249	3.7774522	1.0215026	2
1.4135027	1.5108311	90.97096	4.8999753	1.2047348	2
84.22076	4.615718	6.1302385	3.1607237	1.8725613	0
0.3873247	0.7773421	97.97023	0.5679813	0.29711956	2
0.08411446	0.12296544	99.57904	0.14155078	0.072332755	2
0.09586372	0.1410024	99.52165	0.1521784	0.08930185	2
0.079625964	0.113718815	99.6155	0.11927287	0.07187422	2
96.66807	0.87770206	1.198906	0.7275959	0.5277244	0
97.48772	1.1332605	0.5969921	0.38457128	0.397459	0
0.71681917	98.0373	0.627724	0.27670848	0.3414559	1
0.6005085	97.88056	0.8416158	0.29003754	0.38727516	1
0.15726629	0.2918225	99.19647	0.2286671	0.12576802	2
0.07366692	0.11652671	99.65596	0.09203314	0.061805964	2
0.08584101	0.123218425	99.6259	0.097740605	0.067303024	2
99.86555	0.03761614	0.042425603	0.02937131	0.025035543	0
99.963394	0.010445917	0.010407825	0.008386243	0.00735561	0
99.97414	0.007414762	0.00710936	0.006036791	0.0052956026	0
99.97566	0.0070663504	0.006625122	0.0056500454	0.0050001843	0
99.97719	0.0065215398	0.0061984225	0.005438572	0.0046534208	0
99.975784	0.007041754	0.0065148366	0.005694611	0.004961637	0
99.96723	0.009850182	0.008708639	0.007589982	0.006612654	0
99.8724	0.042978354	0.032844275	0.028332366	0.023456289	0
0.9649628	97.698875	0.6424445	0.3496094	0.3441151	1
0.48855004	98.706635	0.38507622	0.19780181	0.22194704	1
0.3350016	99.0102	0.31471002	0.1517348	0.18835156	1
0.49397242	98.0141	0.82378125	0.30380663	0.3643406	1
0.35027722	0.9723847	97.71603	0.62588954	0.33542055	2
0.24885528	0.59461653	98.586525	0.33692765	0.23308368	2
0.05311311	0.09454334	99.71747	0.082848504	0.052028347	2
0.04256491	0.071925454	99.77291	0.069878645	0.04271818	2
0.06775735	0.118652046	99.61812	0.12731361	0.06815557	2
0.052645437	0.08310841	99.71256	0.0989838	0.052700542	2
0.19624588	0.26414105	98.85978	0.49376222	0.18607125	2
0.09079865	0.13161857	99.49609	0.19262736	0.08886757	2
0.39899015	0.5971529	97.52974	1.0876516	0.38646457	2
1.4549018	1.8498344	88.99871	6.3197365	1.376813	2
1.2592565	1.6800497	90.59991	5.233845	1.2269372	2
0.9807022	1.3739136	92.97183	3.709729	0.96382165	2
1.6484476	1.6245137	8.619814	86.61061	1.4966106	3
0.20352817	0.18073076	0.49570507	98.94146	0.1785724	3
0.14160278	0.1269569	0.30904573	99.29788	0.124516375	3
0.12249079	0.11003038	0.26092267	99.39849	0.10805881	3
0.08471872	0.07632953	0.17279068	99.59032	0.07584604	3
0.069557235	0.06250887	0.13682945	99.66879	0.062310386	3
0.06390952	0.057467666	0.12413805	99.69726	0.05723028	3
0.056085795	0.05039763	0.10648097	99.73666	0.050383415	3
0.052531175	0.04719601	0.09881733	99.75424	0.047211196	3
0.04868069	0.043697134	0.09047936	99.773346	0.04379311	3
0.045981452	0.04122953	0.08471851	99.78672	0.041352414	3
0.043571837	0.039171707	0.07969236	99.79841	0.039157905	3
0.041760113	0.037435606	0.07585562	99.80753	0.03742036	3
0.041463345	0.036960497	0.07517596	99.80947	0.036928114	3
0.043571867	0.038363498	0.07950604	99.80017	0.038384777	3
0.051204477	0.043523557	0.094298124	99.767166	0.04380447	3
0.09272989	0.06995422	0.15985925	99.607765	0.06969374	3
99.69843	0.07233405	0.09599173	0.08328243	0.049953215	0
99.79668	0.06354117	0.05880315	0.04531079	0.035677817	0
0.9489543	96.97265	1.1560208	0.44633695	0.4760416	1
0.7241942	1.6645472	95.51498	1.5379145	0.55835915	2
0.14068776	0.22338365	99.287346	0.23674206	0.111843124	2
96.190865	0.93300545	1.6249123	0.7348375	0.51637834	0
99.68268	0.11015549	0.087288044	0.0636366	0.056248438	0
95.917305	2.0293827	0.8637137	0.5695477	0.62007	0
99.86377	0.0439711	0.038278826	0.028717548	0.025260076	0
0.57007146	98.459885	0.4836537	0.22665928	0.2597254	1
0.85220796	97.23746	1.0913438	0.39270306	0.42629507	1
0.19435957	0.30141264	98.91611	0.42687586	0.16124305	2
0.042546984	0.06876724	99.77446	0.07366939	0.040558908	2
0.060314592	0.098250106	99.697044	0.09105161	0.053336762	2
0.04043426	0.05496764	99.79794	0.069095045	0.037563764	2
0.046267115	0.070565924	99.76501	0.0759263	0.04222632	2
0.024640368	0.033802662	99.88121	0.037075236	0.02326713	2
0.032399993	0.042464677	99.84152	0.05336862	0.030245423	2
0.023651129	0.03117934	99.887314	0.035675175	0.022186562	2
0.022992158	0.03409629	99.88876	0.03212734	0.022024153	2
0.0534516	0.0764521	99.7261	0.09505314	0.04894167	2
0.75665253	0.83992064	95.41166	2.3331184	0.65865165	2
0.48402926	1.0474223	97.343895	0.74395657	0.38070044	2
0.06546827	0.100508146	99.66679	0.10870311	0.058534887	2
0.023190672	0.03347306	99.88681	0.034150273	0.02237347	2
0.046934064	0.07847016	99.75562	0.07361659	0.045352615	2
0.37423983	0.45379218	97.732155	1.0928199	0.34699467	2
0.023271909	0.032001514	99.88619	0.03613077	0.022400722	2
0.02925871	0.03981426	99.85392	0.04874801	0.028262505	2
0.2938998	0.35642877	98.28728	0.7913825	0.27100596	2
0.88171625	1.1223365	94.15438	3.0547721	0.7867904	2
1.1120363	0.9521125	3.7565432	93.295334	0.8839715	3
0.6952223	1.3487191	96.3731	1.1008213	0.48213923	2
0.1132785	0.2281021	99.368324	0.17916864	0.111114	2
0.062210392	0.100693375	99.661674	0.11444255	0.06098235	2
0.45866853	0.68316793	97.15692	1.2675624	0.43367976	2
0.05713491	0.09079536	99.68966	0.10325247	0.059161264	2
0.5922185	0.5084765	1.8908422	96.49661	0.5118462	3
0.95036465	1.3667345	93.21742	3.5313857	0.93409383	2
1.3905936	1.3228738	6.549529	89.47361	1.2633934	3
0.2455401	0.21974373	0.61395144	98.70319	0.21757309	3
0.10388612	0.09103568	0.22000128	99.49296	0.092121966	3
0.07838041	0.06846602	0.1576618	99.62575	0.069746986	3
0.0808973	0.0712612	0.16551414	99.61055	0.071780555	3
0.054490294	0.047833733	0.10315046	99.74535	0.049175736	3
0.04806238	0.04213216	0.08910663	99.77727	0.04343423	3
0.042526186	0.03720567	0.077193275	99.804596	0.038475763	3
0.03811503	0.033278838	0.06791836	99.82622	0.034469265	3
0.034573007	0.030140677	0.060657766	99.84339	0.031226777	3
0.031647827	0.027554005	0.054760456	99.857506	0.028532965	3
0.029049551	0.025266917	0.049645226	99.869896	0.026145967	3
0.027101452	0.023546714	0.04584807	99.879166	0.024342364	3
0.025728365	0.022327375	0.04318683	99.88571	0.023051241	3
0.024697473	0.021388398	0.041164916	99.89069	0.022049299	3
0.024293976	0.020982562	0.04033267	99.8928	0.021591574	3
0.02421048	0.020969965	0.040436655	99.89274	0.021642042	3
0.025008483	0.021589227	0.04195599	99.889175	0.022266762	3
0.02807568	0.024078174	0.047841143	99.87515	0.024849214	3
0.03943462	0.03315362	0.0696235	99.82378	0.0340176	3
0.06375543	0.053941015	0.119113654	99.706635	0.056560867	3
0.18752587	0.1632342	0.4422139	99.04462	0.1624105	3
0.17133056	0.1458502	0.38477814	99.14987	0.14817178	3
0.10230866	0.15877591	99.43444	0.20455024	0.09992822	2
0.07775185	0.113169536	99.575134	0.15725113	0.076689355	2
0.076334864	0.12197491	99.57302	0.14978687	0.07887936	2
0.7010711	0.98114175	95.3176	2.3389907	0.66120315	2
0.84573	1.2944154	94.047	2.9012387	0.91161466	2
0.8114884	0.73230195	3.1037915	94.6179	0.7345186	3
0.28931016	0.25293747	0.75884414	98.43486	0.26405102	3
0.07840847	0.06835486	0.15912275	99.62397	0.0701392	3
0.05518075	0.048036154	0.1050269	99.74217	0.04958161	3
0.044312183	0.038506407	0.08110856	99.796165	0.03990767	3
0.0385799	0.033499092	0.06901336	99.82416	0.034750335	3
0.033859625	0.029373186	0.05928758	99.84698	0.030506635	3
0.030343732	0.026310867	0.052247416	99.86377	0.027325159	3
0.02756783	0.02387777	0.04675225	99.87702	0.024775876	3
0.02537093	0.021949101	0.04245122	99.88748	0.022746816	3
0.023750909	0.020528007	0.03931586	99.895164	0.021240585	3
0.022609275	0.019525727	0.037127003	99.900566	0.020166446	3
0.021884987	0.018879248	0.03573097	99.904045	0.019462653	3
0.021724558	0.018707052	0.035377424	99.90495	0.019236745	3
0.022297148	0.019126248	0.036326494	99.90266	0.019598389	3
0.024091402	0.020496698	0.03943767	99.89506	0.020920005	3
0.029409045	0.024491176	0.048595514	99.87263	0.024874665	3
0.03819481	0.03292142	0.06608629	99.82788	0.03491839	3
0.03830273	0.032968696	0.066260904	99.82752	0.034949776	3
0.039561458	0.03401847	0.068772435	99.82168	0.03596352	3
0.040574472	0.034743685	0.070497856	99.81749	0.036693085	3
0.04504631	0.03824643	0.07897653	99.79749	0.0402366	3
0.05692842	0.047274966	0.101394705	99.7451	0.049299702	3
0.12066195	0.0981074	0.23339191	99.447975	0.09986196	3
3.397294	2.622542	87.56896	5.035574	1.3756243	2
0.1629408	0.28409386	99.11708	0.28968248	0.1461939	2
0.1369825	0.1879974	99.3065	0.25509903	0.113426276	2
0.08082156	0.111860014	99.57653	0.15561676	0.07516256	2
0.040615145	0.062102526	99.79086	0.06593621	0.040488333	2
0.17271598	0.22443902	99.02142	0.41499552	0.16642423	2
0.4047167	0.49264798	97.55077	1.1788638	0.3729916	2
0.09258985	0.12967946	99.489006	0.19608422	0.09263492	2
0.6910904	0.6056157	2.286991	95.78933	0.6269688	3
0.083241545	0.12777886	99.53331	0.16977663	0.08589945	2
0.853215	0.9952007	94.13953	3.2129679	0.7990959	2
0.3251064	0.43234044	97.974655	0.93709475	0.3308008	2
0.37036914	0.3234321	1.0303339	97.93354	0.34233207	3
0.15576687	0.13443857	0.34925357	99.21819	0.142347	3
0.099495575	0.08678983	0.20734102	99.517365	0.0890055	3
0.08122171	0.07064868	0.16297285	99.61273	0.07242353	3
0.067229345	0.05822425	0.12981814	99.684784	0.05994204	3
0.06397321	0.05471611	0.12170109	99.70305	0.05656107	3
0.06949493	0.057513382	0.13092053	99.682335	0.05973109	3
0.12069262	0.093094036	0.22166565	99.46923	0.09531895	3
2.3505032	1.8513454	9.090418	84.93387	1.7738707	3
2.5828967	3.870627	82.94818	8.153272	2.4450235	2
86.09427	5.9241943	4.098165	1.8250618	2.0583162	0
99.942245	0.016478548	0.016270345	0.0132388985	0.011764325	0
99.934425	0.01941563	0.018621553	0.01465526	0.01288484	0
4.2384	89.68112	3.4812987	1.2787408	1.3204471	1
1.6644819	92.63983	3.522955	1.0703328	1.1024011	1
0.95618105	2.0854826	94.126335	2.0702035	0.7617987	2
0.41605324	0.94669133	97.80728	0.4877876	0.34218985	2
0.60972476	1.348625	96.09853	1.3652005	0.5779144	2
0.088681854	0.1280472	99.55066	0.15696207	0.075648576	2
0.046242177	0.07326551	99.78088	0.05755226	0.04206173	2
0.030277643	0.044731855	99.8582	0.038967706	0.02783136	2
0.027580483	0.04024497	99.87137	0.035275295	0.025536478	2
0.039424222	0.06275918	99.812874	0.04776167	0.037169263	2
0.02703651	0.03636026	99.87508	0.03732759	0.02420134	2
0.030653775	0.04338345	99.858925	0.03960994	0.027423495	2
0.13485876	0.14844236	99.44238	0.18777879	0.086537436	2
0.045915503	0.06658003	99.775154	0.07167733	0.0406709	2
0.03386769	0.05069458	99.83972	0.044801943	0.030912716	2
0.025225015	0.03836617	99.879875	0.032108553	0.024429891	2
0.020137273	0.02962249	99.90432	0.0262728	0.01964959	2
0.020005902	0.026582796	99.90516	0.029234035	0.019021088	2
0.02323245	0.030969879	99.888885	0.03508774	0.021830022	2
0.022901483	0.034381874	99.88994	0.030547313	0.022228844	2
0.031894706	0.04224294	99.84627	0.04985078	0.029747339	2
0.054903556	0.092073224	99.69928	0.0953018	0.058443338	2
0.028537456	0.0428272	99.85967	0.04140271	0.027561383	2
0.26530442	0.3220128	98.49931	0.6723801	0.24099602	2
0.04795281	0.079540014	99.750984	0.07292199	0.048602086	2
0.03156238	0.048685495	99.84364	0.045719128	0.030387368	2
0.024007024	0.037518915	99.880264	0.033699192	0.024504153	2
0.06978461	0.08878523	99.63426	0.13958496	0.0675749	2
0.027468842	0.04091092	99.8597	0.044288117	0.02762633	2
0.17363384	0.21820068	99.034836	0.41150907	0.16182289	2
0.028566841	0.042616837	99.85421	0.045854967	0.028758563	2
0.07963382	0.10373023	99.57315	0.1652532	0.07823619	2
0.11685412	0.1650436	99.33737	0.26193625	0.11879017	2
0.84496737	0.74042547	2.9484262	94.71118	0.7550019	3
1.1517	1.3418537	91.51924	4.9028788	1.0843189	2
0.5090392	0.44214484	1.4892845	97.107796	0.4517279	3
0.40866172	0.35430396	1.1263907	97.74783	0.362809	3
0.20419699	0.17718944	0.48547116	98.95391	0.17923467	3
0.12334739	0.1065034	0.2623966	99.39926	0.10848893	3
0.10966992	0.09506155	0.22981185	99.46872	0.09673166	3
0.08367015	0.072595745	0.16627362	99.603065	0.0743967	3
0.075303845	0.06529182	0.14703187	99.645355	0.06701855	3
0.06864293	0.05940052	0.13188566	99.678925	0.061148066	3
0.06568918	0.05669335	0.12530653	99.69386	0.05844492	3
0.065676816	0.05642038	0.12519933	99.69448	0.05822731	3
0.06535148	0.055478346	0.12370975	99.6979	0.05755867	3
0.07359961	0.060564727	0.1388624	99.66385	0.063120745	3
0.11233584	0.086210445	0.20435059	99.50934	0.08777408	3
81.580734	2.700735	7.617444	6.325332	1.7757605	0
90.18274	3.4561574	3.6284168	1.6020043	1.1306825	0
2.4182317	5.084917	83.51847	7.261502	1.7168757	2
0.92990595	1.38149	94.19342	2.7678275	0.7273576	2
0.9044907	1.2795413	94.02522	3.0277207	0.76302797	2
0.9759257	0.8863752	3.348861	93.97453	0.81430244	3
0.6964957	0.6164764	2.0847955	96.02995	0.57228273	3
0.99283326	1.4338751	92.87709	3.7531388	0.9430659	2
0.21693523	0.3084989	98.74309	0.51917994	0.21229994	2
0.7471999	0.9081522	95.13723	2.5350983	0.6723151	2
0.1093579	0.15928484	99.399666	0.22437896	0.10730721	2
0.116881266	0.17004858	99.34476	0.25074184	0.117578775	2
0.4488016	0.6192371	97.13789	1.3555402	0.43853346	2
1.4594269	2.2847202	88.97413	5.7650075	1.5167123	2
0.7265932	0.95030385	95.10104	2.5239897	0.69806755	2
0.5413957	0.7286181	96.51516	1.6891406	0.5256877	2
1.215657	1.4761633	90.935715	5.2160883	1.1563863	2
0.98442423	1.2304024	92.98211	3.8450315	0.95803475	2
0.44654188	0.38774368	1.2840108	97.48754	0.39416882	3
0.548674	0.48408285	1.6387403	96.82546	0.50303936	3
0.2718513	0.24221225	0.70357955	98.53866	0.24369352	3
0.14782724	0.12983985	0.33055583	99.26014	0.1316365	3
0.121741824	0.10682992	0.2617846	99.40128	0.10836397	3
0.091761515	0.08021629	0.18563361	99.560455	0.08193359	3
0.07905845	0.0690283	0.1554223	99.62571	0.070783705	3
0.07047677	0.061519198	0.1357381	99.66896	0.063303605	3
0.06397871	0.05585639	0.12124078	99.70127	0.057649367	3
0.05846076	0.051017467	0.10907315	99.72863	0.05281196	3
0.054345567	0.0474363	0.100261115	99.74876	0.04919885	3
0.05085137	0.044366572	0.0928103	99.76588	0.046094473	3
0.048045043	0.041912276	0.086920865	99.77952	0.043602735	3
0.045669544	0.039808974	0.08191678	99.79116	0.041450605	3
0.043801542	0.038172524	0.07804998	99.80022	0.039758276	3
0.041788936	0.036405083	0.07394503	99.80991	0.037947956	3
0.040073678	0.03489877	0.07047961	99.81816	0.036384333	3
0.03866429	0.033657104	0.067644365	99.82494	0.035081673	3
0.03729846	0.03245781	0.06491787	99.8315	0.033831827	3
0.03632629	0.03157883	0.06295279	99.836266	0.032877635	3
0.035985984	0.03123267	0.06221896	99.838104	0.03245781	3
0.03665776	0.031723656	0.06344788	99.83527	0.0328924	3
0.039413817	0.033870235	0.0687083	99.82301	0.03499516	3
0.04727931	0.03989104	0.083477646	99.78842	0.04092927	3
0.0765115	0.062307123	0.1381166	99.65976	0.06330828	3
3.5845358	2.3871837	10.493851	81.62193	1.9124916	3
0.30311856	0.26103562	0.7210214	98.474434	0.24039042	3
0.8715149	0.7403555	2.3689172	95.26761	0.75160575	3
78.69268	4.5743523	9.187227	5.292577	2.2531643	0
4.7835803	5.3068066	82.796906	5.1221743	1.990531	2
2.05168	4.0908804	87.08124	5.1524787	1.6237202	2
0.9388705	1.3173122	94.246895	2.6890614	0.80786246	2
0.48421752	1.0535138	96.93789	1.020877	0.5035038	2
0.17907363	0.358868	98.99653	0.27691582	0.18861021	2
1.7585032	1.6775115	7.9164376	87.09177	1.5557866	3
0.24733108	0.34754115	98.545166	0.6135341	0.24642307	2
1.497011	1.6996344	88.83096	6.5797644	1.3926325	2
0.09106591	0.156385	99.50667	0.15722498	0.088652186	2
0.07323242	0.12033485	99.602905	0.12929733	0.07422515	2
1.5650729	1.7828515	87.97016	7.1837387	1.49818	2
0.66441727	0.91991127	95.698494	2.0387073	0.67847425	2
0.14684032	0.19530137	99.239456	0.27301326	0.14539222	2
15.507154	10.96567	65.15149	5.098691	3.2769933	2
99.26749	0.2216592	0.24309608	0.14519513	0.12257106	0
1.0209645	2.3791444	94.76172	1.1612614	0.67691493	2
0.6198191	1.0617111	96.64227	1.2002016	0.4759911	2
0.103018224	0.14396274	99.48413	0.17841743	0.09047624	2
0.5977976	0.79742485	96.59358	1.5217191	0.48947847	2
0.71131766	0.9343086	95.74877	2.0004408	0.6051563	2
0.07119622	0.11331102	99.63244	0.11193517	0.071112365	2
1.1859156	1.4282999	91.94051	4.3669057	1.0783684	2
0.06376285	0.09688341	99.66715	0.10660663	0.06559812	2
0.716025	0.9247205	95.54394	2.1558793	0.659441	2
0.16382967	0.21266572	99.09361	0.36246803	0.16743036	2
0.075575	0.10801749	99.58895	0.14459385	0.08286081	2
0.35523456	0.5427414	97.84736	0.87681496	0.37784958	2
0.6911509	0.9334763	95.47017	2.1492136	0.75598305	2
1.8871933	2.0960681	84.14335	9.76006	2.1133342	2
0.70466745	0.8749465	95.17345	2.2823913	0.96454966	2
0.14406179	0.21616465	99.157166	0.20781843	0.27478796	2
0.57155716	0.86957246	95.87056	1.1973315	1.490979	2
2.99561	9.182452	67.8169	3.2872126	16.717829	2
3.7843573	15.507774	14.978939	3.3935335	62.335396	4
2.8780868	9.277047	11.536464	2.85526	73.45315	4
1.923212	5.967117	5.3555346	1.7629306	84.9912	4
1.221738	3.1473894	3.4098406	1.1054531	91.11558	4
0.7558938	1.6962011	1.9677066	0.7086457	94.87155	4
0.43641725	0.9515734	0.938673	0.41993022	97.2534	4
0.32655457	0.68517506	0.63433605	0.30769148	98.04625	4
0.13067533	0.20823471	0.25070322	0.1368558	99.27354	4
0.07905337	0.11835115	0.13829757	0.08304723	99.58125	4
0.20725979	0.35664463	0.4381774	0.20945586	98.78847	4
2.6498933	9.634003	5.80596	1.8704809	80.03966	4
0.5112411	1.2310423	1.0843843	0.43873456	96.73458	4
1.0004306	2.6616802	1.8713914	0.7801649	93.68633	4
0.9955966	2.6667485	2.5877473	0.8466179	92.90329	4
1.4108639	4.0168777	3.109183	1.0956877	90.367386	4
0.17527021	0.3210665	0.3259986	0.16140781	99.01626	4
2.011309	4.8501854	5.3235555	1.7286785	86.08628	4
1.0705761	2.112212	2.4046266	0.93261826	93.47997	4
0.45361215	1.0269127	0.97738886	0.4015807	97.1405	4
0.40069804	0.8774448	0.79660845	0.3492557	97.576	4
1.8220576	6.065326	3.7192774	1.3593391	87.034	4
0.3592736	0.7286354	0.7175052	0.34000388	97.85458	4
1.1341785	2.310906	91.591835	2.0165446	2.9465399	2
2.425133	9.231933	77.894264	2.263051	8.185615	2
1.0996234	2.391047	92.05771	1.1075454	3.3440816	2
2.0025167	3.8475666	5.7235756	1.8291603	86.59718	4
2.5077877	6.6581326	6.059575	1.9762443	82.79826	4
0.097289585	0.15185004	0.1743839	0.09441175	99.482056	4
0.071424186	0.1126087	0.11323572	0.06519608	99.637535	4
0.04974457	0.07348685	0.07571691	0.047794025	99.75326	4
0.07886324	0.12846708	0.114796594	0.070345655	99.60752	4
0.14936574	0.2625947	0.23192254	0.13048145	99.22563	4
3.0462637	12.204872	8.301602	2.389872	74.05739	4
2.415845	6.8542914	78.40537	2.4101875	9.914301	2
1.7168524	3.6732576	4.4955587	1.56394	88.55039	4
0.60499877	1.3968124	96.18454	0.6273348	1.1863146	2
0.66830987	1.7769018	95.43826	0.74285656	1.3736736	2
0.09368209	0.13797723	99.47926	0.14600827	0.14306799	2
0.058983266	0.0924429	99.68778	0.07762959	0.08315865	2
0.044016283	0.062136143	99.77031	0.066526465	0.057018112	2
0.06857139	0.095020086	99.6352	0.11261223	0.08859617	2
0.036182992	0.05335211	99.821625	0.046353754	0.04248527	2
0.25335386	0.584622	98.56312	0.2692215	0.32968444	2
0.037993915	0.054505788	99.80599	0.05856129	0.042948715	2
0.023775	0.033439748	99.88341	0.032760352	0.026618553	2
0.05178995	0.08975512	99.73364	0.06667696	0.058136303	2
0.16731122	0.23274086	99.08806	0.32940644	0.18247773	2
0.054376736	0.079073235	99.70945	0.092450865	0.06465416	2
0.09940859	0.12761034	99.48192	0.1824804	0.108585894	2
0.042802785	0.065145336	99.779236	0.06213091	0.05068121	2
0.030496417	0.041420426	99.849846	0.046459906	0.03177478	2
0.032303635	0.04987047	99.838	0.044970606	0.034854118	2
0.04098195	0.060767796	99.79795	0.052823663	0.047474343	2
0.12650947	0.2560912	99.32879	0.15239176	0.13621959	2
0.097734764	0.133298	99.49176	0.16960265	0.10760083	2
0.046894874	0.06323233	99.76999	0.0716731	0.048218686	2
1.5699158	6.4174757	88.92857	1.4427723	1.6412646	2
0.035069935	0.05652471	99.82403	0.047093797	0.037281487	2
0.02143939	0.030399792	99.896545	0.029109867	0.022506595	2
0.116565	0.24972956	99.3625	0.141318	0.12988716	2
0.025524711	0.03520959	99.874344	0.03799371	0.026927479	2
0.036037162	0.052375324	99.81818	0.051152885	0.042258006	2
0.026258431	0.038261853	99.86956	0.038636282	0.027276171	2
0.032823965	0.050351657	99.833145	0.049305636	0.034373242	2
0.13977683	0.17336237	99.28631	0.2575566	0.14299151	2
0.05031009	0.07257126	99.74425	0.08110944	0.051764898	2
0.14509477	0.18065338	99.35785	0.18034813	0.13605434	2
99.80996	0.055259332	0.05707114	0.038899053	0.038807422	0
99.47986	0.18846639	0.13399278	0.09278386	0.104900785	0
99.92061	0.023494983	0.021998122	0.016873235	0.017030759	0
99.77955	0.07561455	0.057387434	0.041646596	0.045803484	0
99.70083	0.10630932	0.07552633	0.054012433	0.06333049	0
99.94632	0.015838342	0.014648387	0.011531689	0.011673312	0
99.95039	0.015162455	0.013506715	0.010353078	0.010589559	0
99.93733	0.019644793	0.017025972	0.01279219	0.013210047	0
99.846825	0.052016474	0.04134397	0.029461706	0.030347649	0
2.026072	92.65215	3.3629591	0.94162196	1.0171957	1
0.7987683	97.6558	0.81361365	0.3173601	0.41446084	1
0.32754534	0.61339366	98.34604	0.46901214	0.24400304	2
0.071524575	0.10363913	99.66257	0.10405288	0.05822458	2
0.05034828	0.071765736	99.7725	0.06375604	0.04162592	2
0.35414213	0.46253645	98.272934	0.64320064	0.26719087	2
99.36522	0.19677787	0.21409963	0.11657141	0.10732394	0
1.0682447	96.49573	1.3976039	0.44448134	0.59394354	1
0.12566178	0.22591175	99.407	0.13973142	0.10169836	2
0.02505962	0.03553457	99.88414	0.03296588	0.022295155	2
0.022042844	0.032271028	99.89879	0.026698038	0.020199848	2
0.019946074	0.028881032	99.90838	0.02431357	0.018484525	2
0.019702297	0.028614493	99.9082	0.025105622	0.018377991	2
0.01892303	0.026839342	99.91391	0.022289718	0.018035294	2
0.025875907	0.04090331	99.876526	0.031876966	0.024811441	2
0.016932698	0.023271425	99.92101	0.022872005	0.015910298	2
0.016605178	0.022432877	99.92316	0.021978972	0.015820498	2
0.022224387	0.033484325	99.89201	0.030864155	0.02141345	2
0.027213875	0.03717007	99.87072	0.039205953	0.025699288	2
0.021390893	0.030164322	99.89795	0.030199401	0.020290973	2
0.015421545	0.020890817	99.928734	0.02010388	0.014856618	2
0.018173419	0.026200535	99.915	0.023057722	0.017563127	2
0.019478729	0.027573073	99.90752	0.026662411	0.018766813	2
0.020997124	0.02892246	99.9004	0.029643416	0.020042721	2
0.059332386	0.09521033	99.690125	0.09670481	0.058623817	2
0.030198757	0.043620307	99.85474	0.04290386	0.028533531	2
1.577977	1.536059	91.47891	4.346854	1.060187	2
0.071052074	0.098808214	99.65003	0.1162093	0.06388825	2
0.15171501	0.2719991	99.100716	0.31507805	0.16049054	2
0.07307701	0.13109799	99.63225	0.09569189	0.06787889	2
0.037696645	0.05370242	99.810684	0.06253885	0.035381597	2
0.044623382	0.06782543	99.76389	0.07881356	0.044846144	2
0.04776679	0.065621	99.754585	0.084890515	0.047134858	2
0.027862947	0.04049552	99.86037	0.043405976	0.027870942	2
0.07253071	0.101024926	99.620705	0.13434198	0.071397334	2
0.32101023	0.39576855	98.19681	0.79803365	0.28837737	2
0.03028161	0.045529302	99.847374	0.046551958	0.030262452	2
0.047209993	0.06442112	99.75598	0.08533934	0.047052123	2
0.20560539	0.26671445	98.84755	0.488821	0.191306	2
0.23787145	0.31106234	98.67059	0.5560876	0.22438064	2
0.03285245	0.052514847	99.832085	0.04895969	0.033585586	2
0.04731707	0.080291755	99.74807	0.07339103	0.050924405	2
1.0795246	1.2988831	92.60172	3.9697251	1.0501457	2
0.58531815	0.73183894	96.24058	1.8869784	0.55528957	2
1.3287144	1.5514611	90.28251	5.5633974	1.2739159	2
0.27843824	0.40492547	98.27105	0.75648606	0.28910834	2
0.9909992	0.8607738	3.498184	93.80339	0.84665084	3
1.2286772	1.0933316	4.5824847	92.01442	1.081082	3
0.47263807	0.41073436	1.3020085	97.40387	0.41075152	3
0.41447884	0.35400906	1.090803	97.78316	0.35755366	3
0.6835782	0.59360135	2.1445875	95.988144	0.5900973	3
0.39098585	0.32647735	0.992793	97.954956	0.33478603	3
0.48906636	0.4216878	1.2900918	97.37493	0.4242259	3
0.4593275	0.39135277	1.179017	97.58205	0.38825876	3
0.64678276	0.530683	1.6719116	96.62891	0.52172536	3
3.1931474	2.994891	85.34864	6.686607	1.7767134	2
98.49168	0.4567959	0.5181023	0.29485565	0.23856524	0
0.7579071	1.6687518	95.97507	1.0762773	0.5220015	2
0.48073366	0.7041551	97.30614	1.141866	0.3671052	2
0.16398013	0.22365479	99.151764	0.32418972	0.1364118	2
0.06720138	0.11350779	99.651726	0.10411679	0.063453496	2
0.05305751	0.07632305	99.734566	0.087368555	0.04868965	2
0.25963604	0.40522894	98.55026	0.5515483	0.23332804	2
0.06577797	0.093317	99.65922	0.11972566	0.06196952	2
0.5717238	0.78611207	96.61037	1.5409744	0.49082008	2
0.23942667	0.37952036	98.629745	0.52284884	0.22846158	2
0.1274946	0.20270456	99.27465	0.2686027	0.12656017	2
1.9291701	1.6686982	8.747608	86.073814	1.580707	3
0.13456449	0.2132713	99.224174	0.29211903	0.13587116	2
0.3181769	0.4252811	98.12489	0.83403736	0.29761913	2
0.242475	0.3174839	98.597725	0.6072947	0.23502061	2
1.4209034	1.7475449	89.485504	5.984019	1.3620361	2
1.0110965	0.91210276	3.4951546	93.695076	0.88657176	3
0.775984	0.6940849	2.4314353	95.42322	0.67527723	3
0.4941134	0.43579885	1.3354565	97.30686	0.42777765	3
0.4576663	0.40339148	1.2149615	97.52713	0.39684874	3
0.37974632	0.3333462	0.9586086	97.9988	0.32949525	3
0.3590922	0.316049	0.8969074	98.11556	0.31238723	3
0.28793687	0.25238484	0.678694	98.52999	0.25099084	3
0.25944695	0.2269271	0.5961316	98.69121	0.22628646	3
0.22329631	0.19374537	0.51649356	98.87213	0.1943358	3
0.20310391	0.17598736	0.46034884	98.98378	0.17677444	3
0.1894139	0.16325608	0.42143306	99.061455	0.16444446	3
0.1896002	0.1623144	0.42026103	99.06402	0.1638086	3
0.2161684	0.18567438	0.4747944	98.93532	0.1880462	3
0.25635397	0.21715318	0.5817299	98.723915	0.22085167	3
0.63927865	0.5424959	1.8036107	96.47356	0.5410551	3
0.35494	0.5056996	97.77338	1.0108311	0.35516238	2
1.2438899	1.1555734	4.98136	91.510475	1.1086978	3
0.29260045	0.25458947	0.69327635	98.50695	0.25258198	3
0.27189994	0.23317379	0.6252162	98.638245	0.23145992	3
0.40478763	0.341655	0.98695874	97.92716	0.33943975	3
0.10346873	0.17911917	99.42954	0.18250662	0.10536739	2
0.08622493	0.13638134	99.51947	0.1687208	0.089195184	2
0.1358649	0.2130967	99.20405	0.3030921	0.14389051	2
0.8850293	0.77556235	2.8878217	94.67758	0.77400094	3
0.15056235	0.22273465	99.11818	0.34925315	0.15927295	2
0.34767386	0.52231413	97.90632	0.8799675	0.34372726	2
0.06539533	0.10865142	99.637794	0.11689684	0.07126449	2
0.45351768	0.58977157	97.15413	1.3630263	0.43954983	2
0.78417426	1.0602548	94.73919	2.63691	0.77947736	2
0.32647553	0.44760182	97.980484	0.9114592	0.33398324	2
0.4920661	0.43410826	1.3523538	97.28811	0.4333661	3
0.3746181	0.32850784	0.95318204	98.0153	0.32839522	3
0.28972152	0.25309774	0.6892257	98.51402	0.2539286	3
0.25884292	0.22580309	0.5996284	98.68881	0.22691116	3
0.23607205	0.20557389	0.5349077	98.81643	0.20701385	3
0.22665158	0.19715536	0.50860006	98.86893	0.19866535	3
0.21219121	0.1838616	0.46735853	98.950905	0.1856819	3
0.21227871	0.18303487	0.46556634	98.95394	0.18517779	3
0.2240539	0.19160666	0.49382052	98.89584	0.19467393	3
0.26290774	0.22241274	0.59413046	98.69137	0.22917408	3
0.46060717	0.37918565	1.0776207	97.660866	0.42171645	3
3.711172	3.8961987	79.955	6.645469	5.792154	2
2.4705617	93.43121	1.9459943	0.8385632	1.3136716	1
0.99360037	2.1391165	92.584816	2.5136907	1.7687774	2
0.5341174	0.92118716	97.177246	0.5935949	0.7738528	2
99.82885	0.04538844	0.052434597	0.03763599	0.03569534	0
96.37467	1.6039302	0.92441493	0.5240269	0.57294995	0
1.1244694	2.8510106	93.969604	1.2458825	0.8090361	2
0.90840775	1.3535076	94.68807	2.3539464	0.6960618	2
0.10830075	0.16410492	99.43372	0.19333027	0.10054352	2
0.10171323	0.14920722	99.485374	0.17267357	0.091032654	2
0.05578446	0.08519239	99.72097	0.08476869	0.053285744	2
0.32277974	0.42370212	98.32599	0.6578668	0.2696621	2
1.8241359	7.6354585	87.01628	1.8155518	1.7085787	2
0.077363536	0.13439508	99.60754	0.10719581	0.073514335	2
0.71765256	0.9224254	95.62213	2.132015	0.6057713	2
0.04907302	0.076066956	99.75228	0.074102946	0.04847439	2
0.03487069	0.051198144	99.830666	0.04964004	0.03363116	2
0.03695666	0.054506317	99.81606	0.057357818	0.035113417	2
0.056661434	0.10194418	99.70677	0.07723635	0.05739122	2
0.03082907	0.0471072	99.84672	0.04364554	0.03170717	2
0.029289827	0.042055793	99.8555	0.04369898	0.02945546	2
0.031731565	0.044275727	99.84312	0.04928678	0.031587902	2
0.06689962	0.08817084	99.655495	0.124025464	0.06540736	2
0.037546284	0.05776309	99.80711	0.06048382	0.03708833	2
0.1748341	0.22398224	99.04546	0.39167908	0.1640436	2
0.046545796	0.06955822	99.75717	0.079597995	0.047126226	2
0.26302516	0.4312016	98.42984	0.59764117	0.27829936	2
0.5406752	0.6418874	96.72228	1.6005838	0.4945687	2
0.10998613	0.15763338	99.39644	0.22652324	0.10942028	2
0.16435021	0.28535068	98.98323	0.38256353	0.18450584	2
0.21367346	0.36010644	98.73628	0.45967326	0.230269	2
0.2793051	0.34249792	98.429276	0.6875786	0.26134723	2
0.36531	0.45979157	97.87592	0.9619847	0.33698973	2
0.3461213	0.4484837	97.979774	0.8975572	0.32806754	2
0.3926664	0.48879325	97.67681	1.0712042	0.3705203	2
0.9299578	1.1277782	93.73823	3.325365	0.87866867	2
0.9003602	1.0977769	94.23129	2.9323962	0.8381756	2
0.52781713	0.73877585	96.75976	1.4575099	0.51613075	2
1.425108	1.1870852	5.4011354	90.83281	1.1538638	3
0.9256522	1.3729827	94.0735	2.7633202	0.8645513	2
2.9291506	2.521933	88.50553	4.776001	1.2673825	2
1.4549594	1.2089128	5.0356374	91.164986	1.1355041	3
0.66736573	0.8778369	96.042465	1.8545058	0.55783296	2
0.4238985	0.5483553	97.5869	1.0728706	0.36797795	2
0.5476152	0.7190042	96.66077	1.5618614	0.5107491	2
0.698917	0.9641076	95.67595	1.9985046	0.66252744	2
0.30313656	0.40266305	98.26384	0.7488312	0.28152853	2
0.387962	0.7774435	97.540054	0.83322066	0.461323	2
0.23522013	0.3245538	98.63722	0.57030076	0.23271045	2
1.7049307	1.9435885	86.86355	7.895356	1.5925739	2
0.0840455	0.13715443	99.54289	0.14621536	0.089688815	2
0.058393914	0.085925736	99.69018	0.10271486	0.06278757	2
0.12691359	0.18429022	99.273186	0.27595633	0.13965465	2
0.2801633	0.43183383	98.282715	0.6677851	0.33751082	2
1.9104466	2.2622313	84.43363	9.302432	2.0912516	2
1.8587718	2.165456	85.20696	8.523783	2.245028	2
0.16985644	0.24031492	99.019035	0.35694197	0.21384652	2
0.47115344	0.6904956	97.01929	0.9936338	0.8254328	2
0.41581392	0.6978613	97.19987	0.6196722	1.0667816	2
2.4327369	6.7305207	76.976	2.6128807	11.247863	2
0.08752914	0.12450746	0.1586742	0.093872726	99.535416	4
0.060731616	0.08567016	0.1021179	0.059471115	99.69201	4
0.06461326	0.09141965	0.11097118	0.06543304	99.667564	4
0.85611725	2.0159013	2.358277	0.83305454	93.93666	4
0.03088406	0.04077779	0.044074114	0.030051405	99.85421	4
0.01886055	0.023614796	0.024641607	0.019533316	99.91336	4
0.016198874	0.020012982	0.020031666	0.016200116	99.92756	4
0.021097783	0.027238116	0.025448892	0.019577052	99.90664	4
0.308769	0.62849885	0.5364372	0.25280908	98.27348	4
0.12526038	0.21323632	0.23699346	0.11864801	99.30587	4
0.035590418	0.051135257	0.047382746	0.03157217	99.83432	4
0.29104966	0.594622	0.54187596	0.24259649	98.32986	4
0.55280375	1.2197939	1.1744393	0.4580107	96.59496	4
0.10556894	0.17596458	0.19338611	0.101321444	99.42375	4
0.021856109	0.02876275	0.03067836	0.02162818	99.89707	4
0.013337672	0.016385507	0.016531909	0.012917317	99.940834	4
0.012633626	0.015446981	0.014538555	0.012224616	99.94516	4
0.012337924	0.014915566	0.014112466	0.012111117	99.946526	4
0.013595876	0.016782627	0.01647755	0.014215645	99.93893	4
0.012545898	0.015430941	0.015242139	0.012120419	99.94466	4
0.014090787	0.017801162	0.016814627	0.013955119	99.93734	4
0.024653802	0.034605708	0.030001177	0.022160849	99.88858	4
0.146225	0.2944269	0.2085567	0.1232196	99.22758	4
0.24291927	0.4974452	0.37297222	0.19551076	98.691154	4
0.27841896	0.60685337	0.44026822	0.22960222	98.44487	4
0.17754334	0.34777123	0.36487916	0.18637146	98.92343	4
0.14148195	0.2474874	0.24994951	0.12732399	99.233765	4
0.26492164	0.55010796	0.4429496	0.21513651	98.52688	4
0.2660882	0.53452325	0.44800168	0.21876755	98.532616	4
0.32850125	0.47095412	0.3850374	0.20651585	98.608986	4
88.812294	5.105542	2.2073996	1.3562843	2.5184824	0
0.35662997	98.694305	0.40980816	0.17295903	0.36629823	1
0.78919756	96.06755	1.646986	0.49889773	0.99737656	1
0.31780633	0.7017339	98.296486	0.32593668	0.3580459	2
0.069414146	0.12286415	99.64813	0.08115586	0.078442454	2
0.06120328	0.11175565	99.67243	0.07875619	0.07585987	2
0.05292759	0.0765685	99.72828	0.08133092	0.060888123	2
0.030935073	0.04597281	99.84481	0.042840444	0.035434373	2
0.02076934	0.030548122	99.90044	0.025890484	0.02235988	2
0.017386245	0.02463967	99.917725	0.021969402	0.018279806	2
0.025780562	0.040899884	99.87341	0.03255301	0.027353395	2
0.028597746	0.042920403	99.85818	0.037102733	0.03320562	2
0.017736496	0.025884211	99.91614	0.022284532	0.017960295	2
0.019882508	0.030412069	99.90525	0.024026537	0.020420577	2
0.013470235	0.018594828	99.937355	0.016993988	0.013583753	2
0.016880572	0.025137711	99.919716	0.02108121	0.017185874	2
0.015372255	0.021618305	99.92688	0.02071014	0.015412346	2
0.022235187	0.032517772	99.88744	0.034358952	0.023447754	2
0.02594108	0.03971734	99.868195	0.038951483	0.027192261	2
0.03775891	0.057258695	99.80304	0.05826746	0.043678425	2
0.04387731	0.08087025	99.77282	0.05477112	0.047663726	2
0.015493068	0.022524033	99.92685	0.01972562	0.015408657	2
0.015468169	0.022831013	99.92647	0.019675225	0.015552585	2
0.012386857	0.016648848	99.94206	0.016600052	0.01230395	2
0.013504103	0.019211717	99.93604	0.017731693	0.013506782	2
0.020301392	0.031378035	99.90107	0.02618818	0.021066654	2
0.018364852	0.024464648	99.91147	0.027255828	0.01844961	2
0.017335145	0.023519482	99.9156	0.026186513	0.017359676	2
0.017688101	0.026266992	99.9132	0.024915012	0.017924923	2
0.034208376	0.046846077	99.8244	0.05903002	0.035512276	2
0.041953277	0.05910846	99.78171	0.07106364	0.046163343	2
0.026884364	0.0407317	99.86519	0.03989236	0.027295848	2
0.046353783	0.0745671	99.750725	0.07720945	0.05114721	2
0.047864493	0.07918296	99.74002	0.07939343	0.053538963	2
0.27597302	0.34360328	98.44004	0.67867625	0.26170835	2
0.033401046	0.05145818	99.82709	0.05216711	0.035888698	2
0.08360253	0.11443483	99.55882	0.15670319	0.086432986	2
0.24279779	0.30042973	98.676025	0.5499485	0.23079701	2
0.04082468	0.06862162	99.78226	0.06216963	0.046126615	2
0.030343477	0.04385959	99.84628	0.049062118	0.030451134	2
0.03980916	0.056763757	99.79369	0.06963535	0.04009797	2
2.1118066	1.7584497	9.5480175	84.85873	1.7229998	3
0.075093545	0.1300165	99.57321	0.14431709	0.07736248	2
0.110780984	0.21681145	99.338974	0.20340693	0.13002364	2
0.40858188	0.5705835	97.53264	1.0737635	0.4144296	2
0.16465296	0.2261375	99.08461	0.3609466	0.16365232	2
0.18547738	0.2517029	98.96084	0.41740504	0.18458217	2
0.35930026	0.45142654	97.89363	0.942625	0.35301647	2
0.41889068	0.5344472	97.45457	1.1835403	0.408554	2
0.3300382	0.43427008	98.02777	0.8777516	0.33017117	2
1.5490766	1.3569964	6.288907	89.468315	1.3367081	3
1.0586965	1.3018078	92.47492	4.1240873	1.0404816	2
0.83204544	0.70536405	2.7278006	95.03576	0.6990293	3
0.850932	0.7286793	2.6444402	95.04927	0.72667843	3
0.60248554	0.5101606	1.7664304	96.614876	0.5060551	3
0.6923632	0.58059466	1.9869553	96.1536	0.58648175	3
0.40447065	0.34269238	1.0580902	97.854004	0.3407467	3
0.5682058	0.45822346	1.4830847	97.04023	0.45025963	3
0.1810502	0.38238728	98.90714	0.32534626	0.20407636	2
0.29515824	0.40247563	98.268	0.7397861	0.29458493	2
0.16259237	0.22329527	99.06752	0.377063	0.16953057	2
0.83915406	1.0440229	94.38508	2.9149997	0.8167403	2
0.11927003	0.19224744	99.30428	0.25527066	0.12892416	2
0.41781616	0.5656137	97.39509	1.2002254	0.42125732	2
1.1018375	0.9562014	4.0818334	92.91255	0.94757265	3
0.5685854	0.76019347	96.301506	1.7994509	0.57026064	2
1.4514363	1.7411702	89.11893	6.280784	1.4076837	2
0.79446787	1.0181863	94.61904	2.779225	0.7890731	2
1.3562211	1.5982589	89.8731	5.846139	1.3262901	2
0.6588407	0.56665754	2.0108073	96.20574	0.55795556	3
0.51031137	0.43898085	1.4226979	97.19102	0.43698624	3
0.5905319	0.44672364	1.3799449	97.129196	0.453603	3
99.5541	0.12317461	0.14072531	0.1052479	0.07675551	0
1.2446669	95.544685	1.8148953	0.667749	0.7280103	1
0.5773073	1.0356274	96.89428	1.0569355	0.43585077	2
0.17569256	0.28251338	99.07302	0.31713974	0.15163538	2
0.042964738	0.066031754	99.79667	0.05406396	0.040268786	2
0.03180525	0.046703536	99.8489	0.042290132	0.030303251	2
0.035056334	0.053487085	99.82932	0.04815749	0.033967655	2
0.056847487	0.0770625	99.71459	0.09739801	0.054101974	2
0.1925971	0.2781052	98.98989	0.37054786	0.16885367	2
0.27236328	0.33645257	98.54412	0.60779816	0.2392644	2
0.037493255	0.057269704	99.814606	0.055316795	0.03531433	2
0.033681516	0.04971025	99.83168	0.052584074	0.032339558	2
0.22151974	0.29364908	98.8449	0.44849905	0.19143215	2
0.029425971	0.0446783	99.856995	0.03961356	0.029283008	2
0.024420075	0.035557922	99.882355	0.03337298	0.024296938	2
0.02567393	0.037405405	99.87498	0.036331538	0.02560656	2
0.047539536	0.06550658	99.758255	0.08171957	0.046979774	2
0.030487666	0.043756157	99.84902	0.046314146	0.030426396	2
0.15437628	0.22357689	99.156906	0.31682536	0.14831614	2
0.02984787	0.04421519	99.85086	0.04599691	0.029080186	2
0.054901857	0.07034068	99.72682	0.09528444	0.052658252	2
0.03384216	0.05268553	99.82884	0.050236378	0.034398578	2
0.0962284	0.13058794	99.49397	0.18715137	0.09205617	2
0.1506382	0.20627147	99.190254	0.31168145	0.14114912	2
0.04454547	0.07120297	99.768	0.07062656	0.04562755	2
0.2528694	0.39449668	98.51623	0.57109743	0.26530886	2
1.0366479	1.1533474	93.29454	3.5702863	0.9451787	2
0.08342364	0.12669133	99.54805	0.15614216	0.08569425	2
0.043298922	0.06763795	99.77532	0.070352025	0.043391977	2
0.944225	1.1228602	93.74369	3.3058996	0.88332695	2
0.07103758	0.12306734	99.61031	0.12028186	0.07530165	2
0.2638296	0.3437458	98.53541	0.60803103	0.24898101	2
0.31217903	0.39143747	98.25904	0.74683416	0.29050148	2
0.1701879	0.25227576	99.04475	0.3614651	0.17133139	2
0.48912117	0.57419515	97.11739	1.3666564	0.4526327	2
0.25113314	0.34693062	98.55648	0.601024	0.24443628	2
0.1774034	0.24932797	99.01735	0.37984076	0.17607723	2
0.5580204	0.64550513	96.731895	1.5586697	0.5059105	2
0.07585266	0.11985862	99.58588	0.14243756	0.0759785	2
0.18519326	0.26421914	98.974976	0.3951085	0.18049921	2
0.13814506	0.18564749	99.244514	0.29369006	0.13800134	2
0.6205609	0.73264617	96.20668	1.8567698	0.58334947	2
0.9088328	1.0283597	94.17395	3.0590057	0.82985026	2
0.07776128	0.12617522	99.5719	0.14489172	0.07927758	2
0.19631353	0.27178586	98.91507	0.42374307	0.19308057	2
0.63781625	0.7478486	96.168304	1.8557936	0.59023386	2
0.08290236	0.12549399	99.553566	0.14989203	0.088139616	2
0.25492242	0.34745818	98.688	0.48291156	0.22669742	2
0.32434225	0.37826562	98.584595	0.4095356	0.30327272	2
1.0124402	1.8202609	93.98458	1.3451418	1.8375801	2
90.925285	2.732414	3.3566263	1.8041148	1.1815624	0
0.5921908	1.3249121	96.75333	0.752561	0.5770042	2
0.17029437	0.24522282	99.142334	0.29580504	0.14634585	2
0.34706336	0.45493203	98.19159	0.7315957	0.27482465	2
0.07570147	0.1076725	99.62085	0.12439922	0.07138344	2
0.03660038	0.054649577	99.82227	0.05047494	0.036007416	2
0.034768075	0.053238887	99.82711	0.050009333	0.034869343	2
0.03102415	0.045811154	99.84935	0.04272869	0.031089265	2
0.032735456	0.04791551	99.83876	0.047340624	0.03324825	2
0.14968559	0.21205574	99.22555	0.27640828	0.13629936	2
0.041770767	0.056115877	99.79487	0.06632334	0.040920176	2
0.042069342	0.065959916	99.78784	0.06120567	0.0429184	2
0.19517633	0.2741366	98.97612	0.37826335	0.1763061	2
0.19364876	0.26959264	98.98365	0.3769453	0.1761611	2
0.036862247	0.05564045	99.81812	0.052351512	0.03702949	2
0.044020522	0.06299188	99.77753	0.07043457	0.0450245	2
0.22861125	0.29693523	98.816185	0.45431536	0.20395438	2
0.16100793	0.21765146	99.19996	0.28203693	0.13934147	2
0.15629895	0.24065189	99.20969	0.24853489	0.14482601	2
0.059071627	0.082755335	99.701454	0.09598008	0.060735736	2
0.06681674	0.09746204	99.68467	0.08604003	0.06501256	2
99.45266	0.14699078	0.19006315	0.11101646	0.099273585	0
4.2937164	87.51504	5.1055765	1.4973886	1.5882835	1
0.7006008	1.2606994	96.59493	0.9549061	0.48886767	2
0.22379589	0.36268568	98.946625	0.28779182	0.17909981	2
12.127401	7.9015694	74.18789	3.13847	2.6446753	2
99.90064	0.028277602	0.030131062	0.020893045	0.02005361	0
99.93943	0.018064491	0.017240064	0.012609207	0.012660622	0
99.91417	0.027259696	0.023792826	0.016969532	0.017812373	0
99.869194	0.042238653	0.036930446	0.025263924	0.026375934	0
1.0525305	97.125626	0.91750807	0.38524097	0.519104	1
0.46251687	0.72354114	98.08141	0.46106604	0.27147523	2
0.15713109	0.23093061	99.33644	0.15845695	0.11704842	2
99.690575	0.09173385	0.09957084	0.059103686	0.059020936	0
1.0991477	97.025856	0.97477025	0.3797157	0.5205154	1
0.17540649	0.3013195	99.18229	0.20780167	0.13317281	2
0.03479454	0.047520958	99.8427	0.045299627	0.02968388	2
0.038375694	0.051514264	99.82496	0.05124976	0.033902273	2
0.050988287	0.08220521	99.76477	0.056750175	0.04528807	2
0.022087842	0.03139207	99.90042	0.025776794	0.020316003	2
0.016052376	0.021128869	99.92884	0.019217385	0.014759085	2
0.01587099	0.021249738	99.929306	0.018782046	0.014784422	2
0.016991325	0.02342847	99.92379	0.019863518	0.015925577	2
0.015354052	0.020836044	99.93091	0.018420704	0.014478905	2
0.014204068	0.0188975	99.936005	0.017517738	0.013377037	2
0.0138677405	0.017706536	99.93811	0.017386548	0.012930993	2
0.015817659	0.021812117	99.92826	0.019125434	0.014982258	2
0.014259596	0.018972494	99.935356	0.017901376	0.013505369	2
0.016268823	0.021590218	99.92512	0.020953856	0.016068805	2
0.018552123	0.026623972	99.91425	0.023013497	0.017557286	2
0.016821269	0.02289033	99.92244	0.021145811	0.016710524	2
0.03909544	0.050297257	99.814255	0.05880329	0.03754914	2
0.017981485	0.024768148	99.91692	0.02252647	0.017791001	2
0.02280462	0.033526182	99.89362	0.028606912	0.02143149	2
0.02091858	0.030062757	99.90066	0.02819663	0.020161694	2
0.08421093	0.10399849	99.581726	0.15177192	0.078300335	2
0.025466833	0.03700136	99.875725	0.03689138	0.024911616	2
0.0736315	0.109602965	99.59933	0.13830516	0.07914219	2
0.023957474	0.033405844	99.88369	0.03484136	0.024096832	2
0.06064183	0.11104597	99.67686	0.08194028	0.06951945	2
1.3437258	1.8319229	2.984016	1.5808247	92.259514	4
0.38559303	0.4524482	97.737595	1.0023998	0.4219601	2
0.03321894	0.046731632	99.82911	0.046510596	0.044425916	2
0.083158806	0.11807664	99.53255	0.12243229	0.14377142	2
0.4266027	0.68714714	97.30575	0.5829992	0.99750274	2
1.7097285	3.360214	3.7125583	1.8447919	89.37271	4
0.95454204	2.3521233	2.5068173	0.89006245	93.29645	4
0.044606704	0.062092043	0.06418863	0.040714756	99.7884	4
0.03481906	0.046754513	0.049371615	0.033277202	99.835785	4
0.019204922	0.023932863	0.022860168	0.01641689	99.91759	4
0.014024779	0.016661316	0.015522614	0.011647887	99.94215	4
0.013095632	0.015491977	0.014227716	0.010855641	99.946335	4
0.013601609	0.016770232	0.015070749	0.011125563	99.94344	4
0.024606956	0.034423985	0.03107473	0.021372106	99.88852	4
0.009752262	0.011538769	0.011026684	0.008907832	99.95877	4
0.01022416	0.011895969	0.010927073	0.008424797	99.95853	4
0.017966188	0.022913044	0.019727169	0.014881462	99.92451	4
0.010335792	0.012201905	0.011128998	0.008500159	99.95783	4
0.011675215	0.013933853	0.012367862	0.009300509	99.95272	4
0.014202294	0.01661617	0.014683862	0.011222647	99.943275	4
0.013882261	0.016749099	0.015128189	0.011182702	99.943054	4
0.016415343	0.020177333	0.018119643	0.0128164375	99.93248	4
0.526617	1.118171	0.67161083	0.339606	97.343994	4
0.13400872	0.23565178	0.1781872	0.09927474	99.352875	4
0.028242666	0.040091794	0.032791767	0.022101605	99.87676	4
0.0139346095	0.017403495	0.01580658	0.012492308	99.94037	4
0.018515667	0.022957174	0.019415088	0.01457022	99.924545	4
0.18075834	0.3413334	0.24719773	0.13020445	99.10051	4
0.028896777	0.0437174	0.034566343	0.023351472	99.86947	4
0.014962314	0.019319717	0.016857315	0.012354614	99.9365	4
0.010355122	0.012477317	0.011369325	0.008508764	99.95729	4
0.015899727	0.020929294	0.01772661	0.012450461	99.93301	4
0.031411126	0.047380067	0.04224529	0.026427805	99.85253	4
0.021019801	0.028046887	0.026176136	0.01720091	99.907555	4
0.03145223	0.039199382	0.03338721	0.022941414	99.87301	4
99.31497	0.2118874	0.14421001	0.10557762	0.22335818	0
3.4522324	92.16093	1.359693	0.8595422	2.1675975	1
0.5922878	97.40834	0.6338744	0.32238412	1.0431103	1
0.66152245	96.61737	0.9938606	0.4123821	1.3148674	1
0.30297273	0.62608147	0.40081897	0.23745124	98.43268	4
0.5169976	1.1557808	0.8266265	0.410284	97.09032	4
0.33124053	0.6428121	0.45253992	0.2479062	98.32549	4
2.087583	7.077359	3.7899568	1.4281344	85.61697	4
1.3127853	3.8110073	1.8214189	0.8584938	92.19629	4
1.4079012	4.246092	2.3563473	0.9944993	90.995155	4
2.100473	6.346468	4.7614803	1.5311178	85.26046	4
0.06082532	0.091589674	0.086705245	0.05063395	99.71025	4
0.049125466	0.07497656	0.065446496	0.040736936	99.769714	4
0.0651734	0.107364774	0.085287265	0.05318513	99.68899	4
0.017900934	0.023656283	0.021128373	0.01517413	99.92214	4
0.019996576	0.026906244	0.02437684	0.017003942	99.911705	4
0.041939612	0.064500704	0.05420228	0.03569313	99.803665	4
0.0904167	0.13798334	0.113636404	0.06879695	99.58917	4
99.75771	0.07010881	0.057436705	0.04221837	0.07252192	0
89.877945	5.273428	1.7828763	1.1283582	1.937401	0
0.30632868	98.86349	0.3618469	0.15104549	0.3172893	1
5.312083	83.491394	5.3652887	1.8608451	3.970386	1
1.2231287	4.1216145	92.046555	1.1087966	1.4999119	2
0.070810676	0.114254795	99.62653	0.10516931	0.08322594	2
0.033631023	0.05234639	99.83934	0.03683537	0.03784767	2
0.026739584	0.041287452	99.87222	0.029739188	0.03000581	2
0.020261602	0.0301317	99.90345	0.023483759	0.022675542	2
0.019713666	0.029250443	99.90617	0.022947954	0.021924231	2
0.021316474	0.02865603	99.89496	0.030736389	0.024330217	2
0.01580627	0.022471733	99.926414	0.017983707	0.017316826	2
0.016413782	0.023800185	99.92312	0.018619737	0.018046515	2
0.016643656	0.024289176	99.92187	0.018786501	0.018401064	2
0.014192332	0.019935003	99.933876	0.016298462	0.015708465	2
0.012848765	0.017190795	99.93981	0.01569043	0.0144598745	2
0.012814142	0.017244263	99.940414	0.015095949	0.014426133	2
0.01658503	0.024126727	99.92174	0.018647682	0.018899908	2
0.012575202	0.017084304	99.94068	0.01546329	0.014197323	2
0.02366974	0.03805092	99.884575	0.026473165	0.027234243	2
0.013071635	0.018368853	99.93822	0.015285578	0.015056384	2
0.015568871	0.022515943	99.92511	0.018353693	0.01845132	2
0.09783701	0.20639114	99.43744	0.1236077	0.13472278	2
0.027620941	0.038599927	99.85948	0.038845174	0.035446443	2
0.015533835	0.02185184	99.92521	0.017886767	0.019512853	2
0.019812673	0.029176861	99.90208	0.0223016	0.0266342	2
0.025842628	0.0377759	99.868866	0.02915744	0.038357206	2
0.051963508	0.07989286	99.72339	0.056342028	0.08841513	2
0.17723334	0.2818434	98.949165	0.19447334	0.39728227	2
0.6006871	1.1300647	95.70738	0.7131934	1.848677	2
0.59374094	1.2760905	1.4387602	0.51142275	96.17998	4
0.20040762	0.32553253	0.3496717	0.16845435	98.95593	4
0.10462219	0.15037201	0.16205351	0.0878668	99.49508	4
0.13894653	0.22799976	0.1990864	0.10392121	99.33005	4
3.6868942	14.670197	4.6011567	1.9322276	75.10952	4
2.870239	10.865118	5.1657887	1.868505	79.230354	4
2.1443958	7.1689954	3.2965794	1.3370682	86.05296	4
0.967271	2.5672688	1.7367473	0.70146835	94.02724	4
1.7956702	5.4323115	2.4011319	1.0786165	89.29227	4
0.6215233	1.5307075	1.0090337	0.46473676	96.374	4
0.1540623	0.27615017	0.23370716	0.119548626	99.21653	4
0.24868946	0.5191945	0.36787838	0.18800107	98.67623	4
0.2068912	0.4210462	0.32980916	0.1656582	98.876595	4
0.18210131	0.36483443	0.27284977	0.1476976	99.032524	4
0.10109935	0.17348288	0.16376448	0.085366316	99.47628	4
0.21965997	0.45492178	0.329118	0.17431211	98.82199	4
0.2671941	0.56822455	0.39291745	0.20879416	98.56288	4
0.22255667	0.4640901	0.32977176	0.17757651	98.806	4
0.09725506	0.16651829	0.15904196	0.08483852	99.49235	4
0.18487038	0.3700899	0.26572493	0.14401661	99.0353	4
0.32867256	0.7017262	0.48303	0.25211027	98.23446	4
0.37575546	0.81277955	0.55116975	0.28534052	97.97495	4
0.6881965	1.5937637	1.2845976	0.54778767	95.88566	4
0.9546785	2.2935781	1.9633604	0.7440892	94.04429	4
0.7210645	1.7023038	1.332141	0.56387454	95.68061	4
0.6895524	1.6162304	1.243775	0.5389138	95.91153	4
0.97734064	2.4704118	1.7769836	0.7377149	94.037544	4
1.510771	4.1988277	2.9989054	1.1130506	90.17845	4
1.8522332	6.0474267	3.5322163	1.387474	87.18066	4
0.6846323	1.7957602	1.4662019	0.60582274	95.44758	4
0.06013287	0.08991317	0.09751192	0.06759093	99.68485	4
0.028370896	0.038473036	0.038355313	0.028430674	99.86637	4
0.04164122	0.059373584	0.055158466	0.040109184	99.80372	4
0.96479726	1.8951869	0.98125225	0.5536016	95.605156	4
4.7873554	13.124011	4.076893	2.0053487	76.006386	4
99.811424	0.055532377	0.043183703	0.03433815	0.055520695	0
99.90972	0.027972823	0.021944497	0.01709167	0.023275288	0
99.64403	0.12961508	0.083356254	0.06183642	0.08115881	0
0.51094085	98.60625	0.37222037	0.19740218	0.3131851	1
0.18278961	99.40628	0.17802274	0.08560567	0.14729787	1
0.26834244	98.89404	0.40175053	0.15349784	0.28236833	1
4.6950474	83.83731	6.626059	1.9162512	2.9253263	1
2.1649706	10.284906	83.41635	1.8034286	2.3303401	2
0.049658503	0.085895814	99.75109	0.059664976	0.05368463	2
0.02608825	0.041384276	99.87563	0.029077888	0.027808791	2
0.0153243365	0.022014719	99.92897	0.01764485	0.0160458	2
0.01583903	0.023249859	99.92623	0.01805648	0.016621482	2
0.0146896755	0.02136137	99.93165	0.016946254	0.015351341	2
0.011661329	0.015986508	99.946144	0.014195658	0.012014831	2
0.010954523	0.014842446	99.94979	0.013165135	0.011246344	2
0.011844775	0.016619705	99.94509	0.014272984	0.012167203	2
0.011185514	0.014633815	99.94779	0.015004972	0.011383383	2
0.01671432	0.02558818	99.91997	0.020340692	0.01739103	2
0.013355455	0.018726997	99.93666	0.01764383	0.013609515	2
0.019431815	0.030030554	99.90313	0.025875468	0.021533536	2
0.01140277	0.015047297	99.94751	0.014667181	0.011364593	2
0.010115795	0.01317718	99.95367	0.012916693	0.010119802	2
0.01026703	0.013808551	99.95285	0.012849197	0.010234848	2
0.009813825	0.012807679	99.954796	0.012782274	0.009796819	2
0.010985917	0.015186031	99.94896	0.013889863	0.010974214	2
0.0108222235	0.014536147	99.94966	0.014223062	0.01075851	2
0.016405202	0.023610882	99.92073	0.022714643	0.016542336	2
0.16137801	0.21229121	99.11736	0.34368473	0.16528334	2
0.01788129	0.027319094	99.91219	0.024293326	0.018317489	2
0.012784821	0.017512294	99.93916	0.017819969	0.012714688	2
0.012460926	0.017205074	99.94141	0.015918417	0.013019792	2
0.01366472	0.019927219	99.93541	0.017143307	0.013852451	2
0.010155286	0.013339099	99.95316	0.013227921	0.01011593	2
0.011204891	0.015628638	99.9475	0.0144822085	0.011185559	2
0.010658825	0.013829646	99.9505	0.014415598	0.0105956085	2
0.011020618	0.014731112	99.94861	0.01470453	0.010938621	2
0.012811604	0.016986845	99.93938	0.018122615	0.012698259	2
0.015735526	0.02042759	99.92488	0.023489745	0.015470108	2
0.035500232	0.045885835	99.82131	0.061214842	0.036090646	2
0.015525594	0.021979062	99.924866	0.022259757	0.015358513	2
0.03367668	0.043167368	99.8308	0.059002966	0.033344753	2
0.021212237	0.030024178	99.8951	0.032280765	0.021380741	2
0.021140201	0.029649004	99.89579	0.03264382	0.020777378	2
0.05310953	0.07193651	99.723755	0.09732497	0.053868648	2
0.10955838	0.14167182	99.40903	0.23204619	0.107698165	2
0.037900515	0.052487135	99.803474	0.06833111	0.03780365	2
0.03354459	0.04647678	99.827866	0.05883939	0.033275872	2
0.101744816	0.13162962	99.44467	0.22077523	0.101173095	2
1.0340633	1.1965204	93.61481	3.1635847	0.9910244	2
0.3312779	0.42503443	97.98483	0.92719525	0.33165753	2
1.6678251	1.8962033	88.657715	6.204399	1.5738596	2
1.4868414	1.8207735	90.03447	5.246659	1.4112581	2
0.59973973	0.71352607	96.20137	1.9185854	0.56676763	2
0.85449684	1.0021057	94.22838	3.101855	0.8131684	2
1.409857	1.1998932	5.4794083	90.740814	1.1700168	3
0.6103783	1.1492565	96.14657	1.4655622	0.6282291	2
0.6219319	0.97595143	96.02058	1.7548647	0.62667775	2
0.8972199	1.2361331	94.33376	2.653033	0.8798522	2
1.437795	1.6429355	89.56056	5.9648843	1.3938222	2
1.1254338	1.4393579	92.62414	3.700855	1.1102141	2
1.3660895	1.1910944	5.2660513	90.99106	1.1857071	3
0.8335084	0.7140468	2.7374818	94.99937	0.7156013	3
2.2513683	2.4740467	83.02324	10.063543	2.1878011	2
1.1319631	0.8367249	3.1479445	94.03697	0.84639543	3
99.870255	0.03417214	0.03848733	0.031235225	0.025848422	0
99.80451	0.061114248	0.056350954	0.04134945	0.03666549	0
2.3479242	94.180145	1.8770195	0.7214959	0.8734158	1
99.906586	0.028571803	0.027199265	0.019303266	0.018338174	0
99.97971	0.005763187	0.00542309	0.00459194	0.0045073135	0
99.98707	0.003556694	0.0033784942	0.0030317216	0.0029629343	0
99.984695	0.004289228	0.003942055	0.0034778817	0.003588314	0
