N1	N2	N3	R	W	anotacion
0.0001241603029324003	0.018047830164978775	0.00310491458979934	0.00015353566075212028	99.97856955928152	0
0.06023129572889934	0.07504583209021619	0.0019262614072938578	0.0006014651810887712	99.86219514559251	0
1.4333456776645639	0.14774513176573983	0.0008798582828994069	0.0017389010631932386	98.4162904312236	0
0.03333378809329874	0.03020813821027749	0.0006456605914842593	0.0004686963917718764	99.93534371671316	0
6.752782182115584	0.6557224533524515	0.01207771074583012	0.0019659956439833934	92.57745165814215	0
0.22873825069619128	0.7009927346777418	0.0045527892145057385	0.0018544812108938471	99.06386174420068	0
0.09312849983353023	0.1454920603333895	0.002222020067980994	0.0005034603666852859	99.7586539593984	0
1.4854577176997745	0.5404833161329466	0.0018762361728244384	0.0017384647980441573	97.9704442651964	0
0.332345140642652	0.41121099117673154	0.004365195950579647	0.003359023535041832	99.248719648695	0
1.7051397976209728	1.0972924963034905	0.0053060559864665045	0.003538761178930489	97.18872288891014	0
5.556405652977325	0.6525826126744521	0.0024707604906068874	0.004414526110099858	93.78412644774752	0
5.2079892415962155	0.48388726749464195	0.0014459057700023329	0.005706672618016109	94.30097091252112	0
5.613977784055536	0.353918282630122	0.0005070694871372609	0.0036681196984538677	94.02792874412876	0
0.05800979920578233	0.05764362491990119	0.0010090981557852722	0.00024925480065936094	99.88308822291786	0
17.894852830314868	2.0155324521179487	0.0026416413249816767	0.0028297541844937457	80.08414332205771	0
9.72544919440679	1.069886711527911	0.002351351784696958	0.0033716770320455962	89.19894106524855	0
0.9388574790199133	0.48658284066587204	0.004965743850819581	0.0011122064048113966	98.5684817300586	0
1.0609760329634184	0.887672131732315	0.001843553402948773	0.0018538725015015169	98.04765440939981	0
0.7566449534364493	0.8050048976368506	0.007205507373540747	0.002121828317651021	98.4290228132355	0
2.5053087583904095	1.8210571224434	0.004092863702008597	0.004043647240428321	95.66549760822376	0
0.00934473619653093	0.013894057704455277	0.0009418325187805199	0.0003386785983858003	99.97548069498185	0
1.7709516870359217	0.32691241100899227	0.001870435897212308	0.002037058440262522	97.89822840761761	0
0.6251877250017973	0.07797105984731936	0.0005585649581876679	0.0019231511144036696	99.29435949907828	0
4.931597224633871	0.5392668418818689	0.0029313148629035485	0.007180899091365927	94.51902371953	0
3.276887696519072	0.9117294886055463	0.0055101844650260025	0.02685380804676095	95.7790188223636	0
5.998151877225286	1.192017722883476	0.0028131868876961614	0.025909417716422634	92.78110779528711	0
5.8055342027084125	0.8027846192707575	0.0030387563006453043	0.009987982009805406	93.37865443971039	0
1.2388396114173128	0.3230534261400981	0.001048147202473991	0.02842697043205524	98.40863184480807	0
3.2147044524962176	1.085133664822295	0.0037689093641912487	0.030810475653459866	95.66558249766383	0
5.769758687180661	0.11431669501015165	0.00034596320660764676	0.011827667810757173	94.10375098679182	0
3.317505398306502	0.1634346335522735	0.0004738108613600575	0.008950423524439316	96.50963573375543	0
8.985321892548225	1.1379309970441998	0.004310815723443655	0.03578079470605443	89.83665549997806	0
21.769610051839468	0.5645064930740761	0.001688007426868313	0.016222428042230102	77.64797301961737	0
16.130653660095724	1.558307684382755	0.0023468173534105714	0.013626244735542473	82.29506559343257	0
6.868715164707459	1.1319101592939422	0.0007399678061433338	0.01666507022040592	91.98196963797204	0
2.408113467420622	0.23067091224996533	0.0003574485073280651	0.0037831852385734406	97.3570749865835	0
28.909646971759884	1.2106760009072146	0.0014164036631107123	0.01285727043631436	69.86540335323348	0
17.697656862915	1.2928636534830555	0.0009275832891760231	0.004816921061206383	81.00373497925156	0
7.172340277646228	1.5439153507920345	0.001233522772778974	0.005061698721363424	91.2774491500676	0
20.892316263907194	0.5840256345104987	0.00027798929936309326	0.007865804778957887	78.51551430750399	0
48.03014065190079	0.8278802778098205	0.0007899457265094422	0.004490461570896713	51.13669866299199	0
86.07338494592082	1.8596897374532744	0.005093438822107773	0.003776657467155864	12.058055220336641	1
67.50175559090998	15.163289511409186	0.009118519724589153	0.007747964243116654	17.318088413713134	1
87.72239709458928	4.647567536024305	0.008320079708017387	0.017850131655338594	7.603865158023064	1
79.45194641777248	17.098127887164846	0.018672527499955932	0.02490546697062215	3.4063477005920766	1
18.561261291264902	69.00867321662545	0.26689010120003315	0.32606075000502727	11.837114640904565	2
21.240378955393098	67.67827429335178	0.24213895393565607	0.40894437905008635	10.430263418269373	2
17.79273570377271	70.54262228850658	0.39682140354837897	0.3117103636117959	10.956110240560555	2
24.33284921938544	74.03282091599996	0.14105486212749277	0.2961101173665087	1.1971648851206007	2
3.924592250008269	94.43683550941039	0.30396977953690757	0.5077142758331172	0.8268881852113305	2
7.195501704331289	86.92969528595394	0.2689913154525049	4.768507703670629	0.8373039905916343	2
5.983753153700925	92.2027350750441	0.3167658261825809	0.7789701444098648	0.7177758006625173	2
7.484223208807911	89.98882055779266	0.2636328682304165	1.7383808553592388	0.5249425098097661	2
2.4516571229535407	94.32720840451283	2.3912902012223367	0.4213922810250581	0.4084519902862343	2
20.271005873821384	77.94856728618436	0.259037961627796	0.8545483819715909	0.6668404963948937	2
1.7509152347133718	97.48137697724887	0.6011534444666659	0.0566109673321358	0.1099433762389647	2
2.561738560324072	94.17065685327302	2.8613645446642213	0.07588455052472202	0.33035549121397983	2
1.4202797048334146	96.99542047041275	1.2902089951594178	0.04169078548547148	0.2524000441089464	2
1.2028572327187963	81.87314795758765	16.276929699025114	0.05583347592965341	0.5912316347387924	2
0.8419658515081129	73.89796446894972	24.835489739752	0.03250097132224759	0.3920789684679301	2
1.3406871719988867	85.87465372625216	12.173803832852926	0.026462943925496682	0.5843923249705266	2
0.46486361160859674	56.84102532920085	42.521956782201045	0.01912053912105937	0.15303373786844243	2
0.3205641815866337	55.95697149656852	43.20109897544269	0.023854648706001114	0.49751069769616046	2
0.2507034771432757	30.850744259145863	68.54989495646377	0.03231798348900417	0.316339323758079	3
0.11597192571403851	18.588095343248558	81.06873973865565	0.010202012961227686	0.2169909794205374	3
0.1625631178071375	31.37982942565322	68.07638592263557	0.008113288315452992	0.3731082455886203	3
0.0655035895154846	15.939953193198612	83.83240159848341	0.0037753706799380886	0.15836624812255107	3
0.04755153370251942	8.262600976412878	91.60061825227656	0.0018998607078919165	0.08732937690015488	3
0.06409819105033296	5.062582998586437	94.80179349182846	0.002007249821338083	0.0695180687134217	3
0.05526207046167232	6.230826319327137	93.62205869794393	0.0022568583011046395	0.08959605396617493	3
0.06938346582167135	5.68091981350096	94.16061029097452	0.002610360667883383	0.08647606903498273	3
0.04921005216610621	6.903473831973956	92.9943251717179	0.0014145288382401441	0.05157641530380322	3
0.07504433493264054	2.6724799623136066	96.81444017570192	0.002979248804968425	0.4350562782468484	3
0.06824796253296277	4.97699570582683	94.19401843371583	0.001981302259693106	0.758756595664704	3
0.04197219306106238	1.9939503948686401	97.54161935065099	0.0022361297687591222	0.42022193165056987	3
0.029215887068427853	2.7994720120717482	96.8004009860037	0.001484993851850192	0.3694261210042532	3
0.026522610430184487	1.2836292492914279	98.43402243331447	0.00039708534251356144	0.2554286216214009	3
0.01789302751807185	1.2715309717148782	98.44818251356214	0.0003300429113438803	0.26206344429355805	3
0.03782423182148482	2.347514197287008	97.17778476703684	0.0010061091830032471	0.43587069467166006	3
0.014231025131520105	0.8617407898570101	98.88726234530606	0.0004367650849304345	0.2363290746204775	3
0.007398096785931943	0.4587108154341788	99.29847362011536	0.00016450227908744623	0.235252965385429	3
0.01067055333758409	0.7817586888861997	98.88697337397487	0.0005136631477493527	0.3200837206536123	3
0.005476976630341833	0.41043034515860577	99.22080958490692	0.0002883962523124414	0.3629946970518338	3
0.0027018937026324	0.21267041529760786	99.49701563577173	0.00018510955603543209	0.2874269456719933	3
0.005285804804606478	0.24246425293773724	99.71745273641834	0.00018119334286694383	0.034616012496459694	3
0.003969903456337198	0.1799576711698664	99.77059232630826	0.00023670967539421683	0.04524338939013421	3
0.0026879283336174492	0.1130553263258041	99.82288796263596	0.00019701187965912565	0.06117177082496021	3
0.0032835250748847107	0.1684620500053384	99.8028047906929	0.00012328444750128788	0.025326349779374122	3
0.0022965702924856233	0.15012020437882892	99.81601330572337	0.0001175355088003728	0.03145238409653464	3
0.004631413769790442	0.1852645510813389	99.73152878811842	0.00016176520412642444	0.07841348182633326	3
0.004130705211966342	0.16897104199721644	99.79815151263057	0.00014689374014338147	0.02859984642009988	3
0.0031959834664862944	0.30061305657071313	99.64603833951503	9.38209923627957e-05	0.050058799455435773	3
0.005310585357790462	0.16266225307108198	99.80513405483434	0.00013326474919960114	0.026759841987599436	3
0.004992663682125794	0.2613657632660587	99.67228482900083	0.00020331015165159618	0.06115343389935562	3
0.005117767837194685	0.2678834330688628	99.6448064649517	0.00021357637978336195	0.08197875776244637	3
0.003042906392662776	0.2460142780942252	99.683856839416	0.0001455378909018534	0.06694043820619988	3
0.0051119257773908685	0.3493116742281173	99.55902057737123	0.0002273691257617013	0.08632845349749692	3
0.0026564843145681573	0.20447628873239365	99.73601252459866	0.00022650975851391816	0.056628192595857885	3
0.0020299448040843925	0.13192059062667127	99.81734241049564	7.55384182856973e-05	0.04863151565533399	3
0.0036302142705394594	0.24558178104344117	99.67806398990476	0.0005122694562769879	0.07221174532496778	3
0.002255856132096944	0.09799804927130493	99.84933726528482	0.00013329963033758443	0.0502755296814464	3
0.003343528370278683	0.1194469893006368	99.830055713362	0.0005569958225166701	0.04659677314455218	3
0.003919367928063057	0.18813612980457148	99.77057557531944	0.0003481330736320043	0.037020793874295375	3
0.008749794838907199	0.3239161490796346	99.5662403042831	0.0012381894392683261	0.09985556235908663	3
0.006756967935708176	0.4248221898851764	99.45310154833001	0.001853823999451428	0.11346546984966012	3
0.013143122058183314	0.38302558861013253	99.43885705293101	0.00584376173827549	0.15913047466238064	3
0.017892416612047	0.5984130740953216	99.00016959726284	0.009951912440494088	0.37357299958930595	3
0.12041597467860159	3.3205813298048934	95.38716539272704	0.007912511669657325	1.1639247911198027	3
0.28216813726971923	1.655397543891853	1.4728989910405623	0.0018024994180707175	96.58773282837979	0
19.86853029473932	38.83421634289328	5.886553619531037	0.007668203137265443	35.40303153969909	2
3.4932778699230047	30.209494839490446	52.81526362408046	0.0028853789769826806	13.479078287529106	3
7.009373788334665	37.3284472307304	41.49071450652031	0.0056156159910538935	14.165848858423585	3
8.30793408135819	34.36688020821149	1.9570549487896338	0.009773633150880649	55.35835712848981	0
2.57583750692141	51.00875765571262	26.51090917332023	0.004504002410557306	19.899991661635177	2
12.183363705995458	31.20339969348132	1.563687150027342	0.009561212138183575	55.039988238357694	0
66.41807200152378	25.769056940418437	0.3828249831624998	0.012299384006888396	7.417746690888411	1
5.401667952451262	89.83817300290669	1.2494653317454232	0.006375811942762586	3.5043179009538723	2
6.369470210535891	89.92699473485611	1.0588433045840113	0.011410021445206935	2.633281728578783	2
0.8630396906187445	94.97596249835173	3.415228686510435	0.009025615585933915	0.7367435089331482	2
1.075751781718991	96.29356645496891	1.492848967837772	0.01842779992933298	1.1194049955450007	2
0.5615127364398043	94.8312690903016	3.781618738780242	0.011722117630003324	0.8138773168483495	2
0.13177807953852932	72.31316283402664	27.172552592894046	0.004254875870040707	0.37825161767072113	2
0.19774723436552272	42.46941143041803	57.06334376644146	0.007284824485241053	0.26221274428975283	3
0.45628703246968616	92.77121579058151	6.022885653071489	0.005430856422990785	0.7441806674543268	2
0.038311831218171645	4.274996940949192	95.48586935136449	0.0013864694031545046	0.1994354070649883	3
0.03341584437117748	4.903726286383541	94.94874903999022	0.0016621504556436218	0.11244667879939003	3
0.08909850299774144	6.349834354458528	92.99317864440577	0.0034943319319468134	0.5643941662060099	3
0.48364425708083647	7.621009433546927	90.68645259615357	0.006890641718079723	1.2020030715005707	3
1.3540040584567912	25.636859043450155	69.83529741316386	0.0068335154540466415	3.1670059694751487	3
8.710825262693632	43.9802266287155	33.46405516124363	0.015550986238824534	13.82934196110841	2
5.339167564072729	88.20767397627344	4.693927538277751	0.011097432972798048	1.748133488403298	2
1.4114709681762452	87.6053611165903	10.179105299807754	0.00613594644842805	0.7979266689772693	2
0.7050422993250692	53.605012724644126	45.39585776703122	0.004949276542512961	0.2891379324570639	2
0.14689295082447146	25.333220643082072	74.25216114667208	0.006907760298074597	0.2608174991233153	3
0.24274287416653118	19.06693859435531	80.4257544388234	0.007432132750921658	0.25713195990384	3
0.09899846466209147	9.763562697404435	89.90460940964766	0.005855416474573654	0.22697401181124904	3
0.13265885830506613	7.7624855130501675	91.80266045573667	0.006518446889081898	0.295676726019003	3
0.13500278584611142	5.933034562915332	93.55634780694919	0.0057832767612892065	0.3698315675280718	3
0.024152608516371417	3.2097836236643285	96.61314128039237	0.001278699260421129	0.15164378816652244	3
0.028875575933379916	1.8694264007912114	97.80796047882318	0.002624927199949822	0.29111261725226717	3
0.009349572448732392	0.9296709502639678	98.8826337506329	0.000650358532145514	0.17769536812225278	3
0.004268408350160017	0.4502481337804281	99.36445753851663	0.0011473291973689132	0.17987859015540508	3
0.004544658857077328	0.3264045302813598	99.55989626122839	0.0008702938996118733	0.10828425573357714	3
0.01015371350770319	0.5601894665529762	99.34845147113673	0.0017781023032738003	0.07942724649933036	3
0.008260084978615518	0.46570709642933794	99.41719743389002	0.0014488301133496499	0.1073865545886585	3
0.006676050798187399	0.34084053141729725	99.59141087875774	0.0016969143059425095	0.05937562472083168	3
0.003410554697099306	0.23026872242796032	99.72759027056082	0.0005365101656855739	0.03819394214843496	3
0.0036151696967825393	0.23245528516822547	99.69611860364405	0.0005784790879711126	0.0672324624029739	3
0.0037237234442188565	0.32364807395610207	99.63848800868911	0.0005684462166318998	0.033571747693935665	3
0.005661047345660055	0.3129769530923154	99.63374477391174	0.0011020188090244388	0.046515206841259975	3
0.0035594744075314	0.21920363909594906	99.72479012467024	0.0003663641139850143	0.05208039771228784	3
0.0038488679214815245	0.15918745220953617	99.79808001756494	0.0002869082437662138	0.038596754060280625	3
0.0028617719897351857	0.1258014027454773	99.84820200114444	0.0007450576575151297	0.02238976646284017	3
0.0045378845323162005	0.20442962031359999	99.69904516322005	0.001187188066544543	0.09080014386747645	3
0.004995915123437874	0.2442350313361258	99.68895199157586	0.0003978310982469055	0.06141923086633469	3
0.00584528461921663	0.1564135450397003	99.76655963923366	0.0005120635783292743	0.07066946752910634	3
0.00631028272001641	0.21046424240980513	99.64537819493864	0.0011244928078036076	0.1367227871237394	3
0.006130399509389187	0.19075157775953905	99.70280902526505	0.0010394830866563322	0.0992695143793659	3
0.0038234658004534378	0.1890132120985002	99.74606521970739	0.0008224649838359364	0.060275637409817624	3
0.008211071885244982	0.3029037433168064	99.41260299074331	0.002660473313211306	0.2736217207414325	3
0.16209572309305623	4.487550518266739	92.41702829338392	0.002649541878270296	2.930675923378016	3
1.7084871357673406	18.54238770598261	56.84202015907015	0.019472027789320508	22.887632971390573	3
5.0274095830388905	37.96782878523158	20.943478113254688	0.022629121552926443	36.03865439692191	2
10.491635351709942	6.337363002246134	0.13106661395364075	0.006807527976171259	83.0331275041141	0
18.507460128789024	69.11977347376643	2.4498348287380893	0.029572377729761262	9.893359190976698	2
3.5051022520251607	82.7173436005421	6.023293988926031	0.028431271919817314	7.725828886586925	2
1.8497752780045364	91.89695585876244	4.780894129077325	0.021903476806312355	1.4504712573493868	2
0.800824588572594	88.9141505579266	8.910111932800675	0.08043816080742656	1.294474759892708	2
0.8152414642583433	80.21227279770157	18.128912625450592	0.07788545000793291	0.7656876625815713	2
0.7467537961103589	89.48972679572255	9.198274438794385	0.1437030507554512	0.421541918617252	2
1.0459878913418077	89.94676999453284	8.39593101837255	0.2781919899298712	0.3331191058229027	2
0.9852148223308297	76.59958639852573	20.023439620258763	0.6427301323229089	1.7490290265617499	2
0.968928940729157	85.33757569909876	12.000795409356641	0.6686256654112531	1.0240742854041747	2
1.3982973308597153	90.0216219453875	6.877952606835051	0.9580117553858807	0.7441163615318585	2
3.5170463394567184	87.46396071640928	3.9884131136530048	3.6394697984833977	1.3911100319976406	2
2.8801442848984697	89.822110180333	3.4846007485809247	2.8274221020311634	0.9857226841564456	2
2.5165807772878668	83.50621081920893	6.243346391037662	6.458249095798835	1.2756129166667174	2
13.448721830224875	65.32939606692179	0.24775410211902224	18.044281138206554	2.9298468625277603	2
3.6532993316896683	77.15374948281894	2.7482453536879037	15.681809194872173	0.7628966369313193	2
3.695875976064173	74.3365406549552	1.4713264831179578	19.785298064985152	0.7109588208775202	2
8.934926459874596	44.70091572059475	0.6976721543536899	45.02042477636689	0.6460608888100624	4
9.422264229973509	44.24454707058263	0.17393574195327086	45.494779388441735	0.6644735690488477	4
9.576670428978282	18.92489983787546	0.3495212115844033	70.25136753070184	0.8975409908600227	4
7.717163729081744	38.95781382899421	0.22269228962866816	52.70094414928508	0.40138600301029975	4
7.041442657406254	31.827671497446026	0.16152647836997208	60.54470711352177	0.4246522532559951	4
4.522234449038313	25.50501207583916	0.15650900228680004	69.42908098526533	0.38716348757039776	4
2.49441123235829	22.393819621217304	0.5744397766198484	74.0383134871501	0.49901588265445357	4
5.220771120806105	33.02110708063987	0.6660988070754382	60.17193858742087	0.9200844040577126	4
7.286356104452335	47.55176024138961	0.20097448693110323	44.30607596728725	0.6548331999397097	2
3.94701866593101	27.91299359857373	0.23462961218356457	67.36199767531684	0.5433604479948623	4
8.221243696625619	25.663446606001727	0.23564890417937726	65.51171174512514	0.3679490480681338	4
3.8094458389589976	9.083043270348288	0.12644308292482595	86.70649765777168	0.2745701499962309	4
10.7536102059444	27.444940469329293	0.26647954215126524	61.121027112675044	0.4139426699000027	4
4.162355036195251	4.22467266781812	0.0536152801130548	91.30768514188254	0.2516718739910278	4
13.120073727584636	35.33484220762191	0.16281070153870408	51.03984624820621	0.3424271150485488	4
5.727666204022383	10.42082731313833	0.059873299910005444	83.32829538679877	0.46333779613049214	4
19.356095329922592	40.522162230794486	0.18104679976306082	37.859386266173324	2.081309373346544	2
13.836487575801634	24.263323676550705	0.3180817319866682	60.68237037549721	0.8997366401637736	4
16.570345669724762	37.7000595930859	0.16615599400656586	45.09829647432026	0.4651422688625067	4
11.517246922161771	6.545276513805211	0.039292270132082315	81.61135342459355	0.28683086930739177	4
8.886139017813338	22.780032267726806	0.1451428163526459	67.75664396253075	0.4320419355764651	4
6.418250014528843	18.769864959124387	0.07888978677645594	74.2892468108395	0.44374842873080844	4
3.940001085141151	12.403253583357495	0.0774815124226422	83.07828272782554	0.5009810912531716	4
7.913131532042328	18.448121271980714	0.09108327432600537	73.1663106147314	0.38135330691954566	4
3.9002034631317497	18.552809247264673	0.15714891331498962	76.65879096115792	0.7310474151306723	4
5.0838739066564065	60.063004801884624	0.2572371116366756	33.8972877546652	0.6985964251570849	2
13.249781115350967	47.67429659333776	0.2615766420890919	38.284354116341426	0.5299915328807713	2
6.419656710325661	73.30448139929385	1.006228925539181	18.516448069372288	0.7531848954690449	2
1.5189916208564058	93.67027378456501	1.5672222394838964	2.8851105846682845	0.3584017704264208	2
1.6310117295481268	97.00678638125372	0.36416124164591174	0.770133368098651	0.2279072794535654	2
1.7679722895651104	95.33062074525569	2.2252453522791398	0.4658126994414332	0.21034891345863643	2
1.2984706234387804	97.9921142420408	0.3050485142193198	0.25433648510357393	0.15003013519752773	2
0.6697575393680629	95.92218998789244	2.5574338110758807	0.16098341103770614	0.6896352506259265	2
1.4354887956237092	97.50340871024176	0.4139537179729357	0.19333844588710808	0.4538103302744715	2
0.8096556526553415	97.49456026771007	0.9210642234157354	0.1361516656697834	0.6385681905490754	2
0.4477097103244445	97.61659993503824	1.6027544685600044	0.04391347017355994	0.2890224159037506	2
0.2272716654355509	85.39606770036062	13.984587673699734	0.02501645383290281	0.3670565066711997	2
0.6844694285558696	97.00927654592446	1.8427700063753356	0.06809841601683399	0.3953856031274993	2
0.20042961094254297	95.30454796114157	4.287776619608747	0.01512204440413318	0.19212376390303304	2
0.31300114079254826	87.29752078864873	11.090858091002733	0.039652248152629015	1.2589677314033467	2
0.18464464216500265	96.18694593072173	3.3931815402931296	0.021666656111706498	0.2135612307084229	2
0.15936613017012927	70.09534418667236	29.52927634533133	0.04003824768960754	0.1759750901365862	2
0.405671921180532	98.07672891934327	1.2399075774867747	0.05791309739181619	0.21977848459758578	2
1.2064815414313323	63.72884359480964	29.02894785867087	0.014195214758271955	6.021531790329905	2
10.462047321894111	71.866303695039	3.2337296281503662	0.07636417021276036	14.361555184703784	2
22.61747232605092	39.86874842976905	1.0040448150865842	0.03942400836919131	36.47031042072425	2
25.07258845354779	64.24611084315289	0.8342595058430454	0.07082690121546005	9.776214296240804	2
11.381226448405185	86.11201546970003	1.024629491310943	0.02997967041816515	1.4521489201656952	2
16.134578264271894	83.01292511275497	0.3858914390899206	0.03151961101405498	0.4350855728691572	2
1.5037101854320658	97.76924447500751	0.5408307795017406	0.0061926759854869645	0.1800218840731799	2
1.1324165101067676	97.92454891853028	0.7548977778370546	0.01447112387666495	0.17366566964922844	2
0.3267874764674842	98.74714720448898	0.7770827460615691	0.005306335196588055	0.14367623778536123	2
0.2749982403254718	98.15182403523563	1.4317035688571935	0.0031950374589459775	0.13827911812275606	2
0.079205682118568	89.57010110968223	10.193162472969766	0.004784209031500476	0.15274652619795176	2
0.14110619086856066	72.91098359271913	26.808380286318044	0.003386274297406852	0.13614365579685128	2
0.22070056468151933	93.1489766008832	6.475490542677517	0.010107616463894473	0.14472467529384403	2
0.23716450629833685	27.4240657502816	71.90089456269035	0.017176926545469	0.4206982541842405	3
0.2123398283722982	10.350352164828305	87.75751085303958	0.012814272929401134	1.6669828808304137	3
4.026547318084823	53.536016598533045	26.072708210882734	0.02626444775525799	16.33846342474415	2
3.1056110902761	89.09906865216529	5.276652887805175	0.02027949953794756	2.4983878702155025	2
0.9843781402546344	93.63018309162135	4.6561393919662315	0.01747757564384759	0.7118218005139192	2
0.7821719722243076	96.73957135183377	2.27357814148213	0.006601373685702819	0.19807716077410442	2
0.09506975414909082	81.61955049943246	18.187565094448733	0.005134815587259599	0.09267983638243249	2
0.2519670970304735	89.3899722146436	10.070683457290505	0.017474028741681604	0.2699032022937075	2
0.14633214443706147	77.05072762150323	22.573921463805526	0.017814627245180684	0.21120414300900636	2
0.1278220597931837	39.475527654599865	59.8803660192664	0.018029223905395637	0.4982550424351613	3
0.24832638000842963	50.41490253990706	49.13736800763945	0.020629673604281435	0.17877339884076612	2
0.23913607525824868	31.03027686659306	68.60382773515646	0.012596171170126791	0.1141631518221067	3
0.10560261986084143	17.73736479838873	82.0317875058308	0.008276692478622092	0.11696838344101193	3
0.15139774720031937	6.899288108357811	92.81267938905684	0.008736847473176115	0.12789790791186834	3
0.18234752690757386	9.270927608837683	90.45953830035472	0.012132495614350298	0.0750540682856653	3
0.09283547140883229	4.743995177061187	95.0261993353012	0.03282374924892006	0.1041462669798577	3
0.09825616213324365	3.6889879640259866	95.88755376145777	0.019064388581486534	0.306137723801516	3
0.04568180415819933	4.406735296262387	95.33696204775836	0.027267691203250427	0.18335316061780232	3
0.034063490633152727	2.2532281613070375	97.20994161271038	0.0192998883362989	0.48346684701315024	3
0.05323935475482648	3.374474840637065	96.43509161604103	0.05278127636180249	0.08441291220525744	3
0.020430864959714648	1.6463170314703304	98.19994472028874	0.05674265109393305	0.07656473218728026	3
0.022204540238988362	1.6347994736298093	98.19259647898359	0.0386798810449003	0.11171962610272779	3
0.04501445108965973	1.8764717946550318	97.72836400204324	0.11409748684025982	0.23605226537184096	3
0.1743312501599336	3.5756717939079494	95.7537361885142	0.07770629771157368	0.41855446970635285	3
0.26852743091091036	10.858171946573055	88.26348741575634	0.023755710332932455	0.5860574964267615	3
0.8303235296674175	24.78773263093194	72.93173059956625	0.01162434603730653	1.4385888937970932	3
0.3449548996583309	2.4141061705527447	0.724568506306947	0.007070435595114491	96.50929998788686	0
9.599655587770702	60.55649517525751	9.701022226705819	0.01554708153605462	20.127279928729912	2
7.364684005820245	78.04321400537386	7.929807591427942	0.012241730915834123	6.650052666462133	2
8.468308554663249	73.44695603669406	5.82321617740881	0.008805362469166023	12.252713868764726	2
7.300591243627973	69.3151044683618	5.52098759417719	0.014593885292489474	17.848722808540554	2
1.4695908510292048	90.62942908686844	4.662676682340475	0.012581961769341454	3.225721417992538	2
1.6224981959419738	82.96767571760083	6.822174884442882	0.028965833686034552	8.558685368328296	2
1.1007544111527803	94.52648843796666	3.143571128177769	0.056284348695330444	1.172901674007463	2
0.13346304724802088	82.95656809423913	16.26509567645832	0.03184178988796724	0.6130313921665717	2
0.5933104511214767	87.31730450084686	6.562141191398102	0.05431681214998853	5.4729270444835825	2
0.11079850405642698	0.17004868302905227	0.006718116655025394	0.006646358288854257	99.70578833797063	0
2.9841221339812836	1.521063722665715	0.010720610237979626	0.01891301480556254	95.46518051830947	0
23.41664673577987	38.737162804096336	0.142859787168545	0.044640792407325665	37.65868988054791	2
82.41044749614508	11.408237400482077	0.08096948517973161	0.028514607872851858	6.071831010320246	1
27.315500016334877	68.11578815439962	0.4562154172994796	0.03128853927567976	4.081207872690331	2
20.710391507249838	76.99677070930537	0.18816740211526384	0.07463961238759491	2.0300307689419332	2
19.690291467811825	79.39118644998034	0.3201126411105069	0.0505566689149204	0.5478527721824138	2
3.4743623007395557	95.48444535589866	0.7259190080146429	0.05355537796598072	0.261717957381152	2
1.0863668838203573	86.8619519032943	11.821586582033467	0.040827554588053545	0.18926707626381298	2
0.22056857630632842	59.53426185356208	39.96812357471247	0.01537330113487874	0.2616726942842376	2
0.8798789157318222	96.09633090696632	2.6407387799282684	0.02242686845256168	0.36062452892101093	2
0.20743331049262884	91.1236949004233	8.279698857843405	0.01633023891471703	0.3728426923259569	2
0.10325363928293664	30.55047696201819	69.06898742059957	0.0093539822799284	0.26792799581935856	3
0.12938102789695408	59.194545603819115	40.43703938589081	0.003932464679227843	0.23510151771388546	2
0.10300955389149137	39.668133728281404	60.00544659850504	0.008410356819849337	0.21499976250220643	3
0.08870664983129885	29.60725342947646	69.90169280457093	0.012189837968561192	0.39015727815275963	3
0.08698740041707609	42.06379011766215	57.117994820693966	0.00814954073219559	0.7230781204946034	3
0.15381263612527282	28.798867870393863	70.7573073702387	0.011537080277232615	0.27847504296490716	3
0.20650521845776182	38.9884853117496	59.86010037906131	0.012928188032285107	0.9319809026990358	3
0.11076923771884904	12.62874034647043	87.04323688456807	0.011562330108965646	0.2056912011336897	3
0.2250018200030417	47.35949352713648	51.91536819666015	0.015282017364035241	0.48485443883628077	3
0.25797282706842806	16.374070101943214	83.23163864943159	0.01131761708273879	0.12500080447403214	3
0.07444309455509357	8.54207619458066	91.00497307990986	0.010384630677231329	0.36812300027714184	3
0.0699423198668861	15.905098738019877	83.83570252196247	0.00454167342079334	0.18471474672995913	3
0.06371652703100286	10.46904126629439	89.38567262976682	0.0028282043589653674	0.0787413725488207	3
0.027571542838491992	2.9893965483426244	96.93615934754436	0.0018194310491150938	0.04505313022541203	3
0.01301614311026695	4.012198087465167	95.94256156702431	0.0015915388541833414	0.030632663546067442	3
0.016816071541698382	1.5309340754982024	98.42530426401999	0.0005562436233014254	0.026389345316821158	3
0.0038820836872153963	0.6306347233950065	99.32796726384512	0.001970552050728903	0.035545377021939134	3
0.005375160639083228	0.6487528067780614	99.3015920092722	0.0011489217852080123	0.04313110152545438	3
0.0050388277831394076	0.5449849976219293	99.42615418977819	0.002714354473421001	0.0211076303433086	3
0.004244589869159591	0.29764177586180085	99.68327602116406	0.0009724885952661966	0.013865124509718763	3
0.00581105963845732	0.6897532847249954	99.24044289831933	0.006065175336375921	0.05792758198082434	3
0.009743699310981348	0.598925209257992	99.33975115520545	0.006694354483009682	0.04488558174255976	3
0.005778223936218388	0.48014693894078725	99.46760546429682	0.0025067415372225016	0.04396263128893418	3
0.004554533286008208	0.28325150959434564	99.6828652731594	0.0033175718656094227	0.026011112094645825	3
0.005730742193476736	0.26802378415933736	99.67210571454993	0.0038379904514678543	0.050301768645783035	3
0.012875551182331649	0.30878853107676657	99.5808221678382	0.00437923124376001	0.09313451865894319	3
0.007538392399904491	0.23929625794536952	99.69436446680034	0.0037812516302846507	0.055019631224115836	3
0.007396356580373922	0.26829175288751655	99.59078102318266	0.0038345696724860017	0.12969629767698432	3
0.008122523905510699	0.41669263754573965	99.44156951768244	0.0030536638686447844	0.13056165699766847	3
0.006316718033785489	0.3593202847406014	99.52588490735177	0.011438670591806773	0.09703941928203715	3
0.010496791779464793	0.49307355247243234	99.38315252406494	0.007065592586790419	0.10621153909638413	3
0.009088246125631654	0.505906910993094	99.41098266086077	0.010922717163497566	0.06309946485699935	3
0.010496462972892544	0.46787366710435246	99.47987773426667	0.004678008618977172	0.03707412703711474	3
0.009225652933461257	0.6128323203295034	99.32833307309778	0.006131482806409046	0.04347747083285652	3
0.008009428709421057	0.409419433009722	99.54133234648307	0.0031523311435844104	0.038086460654204825	3
0.006700483950389753	0.3945044931473634	99.55470070523842	0.0026681477074331026	0.04142616995638241	3
0.007827360822777352	0.3896378162022735	99.54927599305714	0.004430193905333179	0.04882863601249168	3
0.007603676979971032	0.41232902996219944	99.52869842243214	0.0037358069771098986	0.04763306364857509	3
0.003938506617682632	0.24754913090201652	99.71508111770339	0.0021964685290608937	0.03123477624782981	3
0.010791757951796668	0.8014087969894513	99.08542503429139	0.0023186092225172855	0.10005580154484629	3
0.01046656140211098	0.42596831191964735	99.45485551395598	0.0050065550974153815	0.10370305762483875	3
0.005062629044543776	0.2855560899221198	99.66080059660125	0.0018431296386090337	0.046737554793490795	3
0.00886352214026324	0.3641807440297225	99.5982194665763	0.0016320311346286107	0.027104236119094287	3
0.006861211386553757	0.39352513265004185	99.56231142132316	0.0014179987224018813	0.03588423591785039	3
0.004301430313453485	0.2489244157650704	99.69251595057413	0.003145952636754404	0.05111225071060121	3
0.0027356307232355363	0.1786958248799898	99.79136195474078	0.0012301749293620358	0.025976414726617266	3
0.004426895693721177	0.30420080757314866	99.64503019153268	0.0016741203434546693	0.04466798485702464	3
0.0076695650067113525	0.37646222880995533	99.5366835387437	0.007223548973145588	0.07196111846649499	3
0.005838621108637082	0.21142537147855403	99.75565141835385	0.0007500534407673527	0.026334535618184465	3
0.004069251018367577	0.1977204881803601	99.74729323853963	0.002209524693046276	0.04870749756860128	3
0.011839481335004795	0.31540427535202026	99.60581792749159	0.010642590636057147	0.05629572518532937	3
0.004549823199827005	0.21885760677691252	99.71617748567185	0.011198154583335354	0.04921692976807383	3
0.004666042352205092	0.25340150642324916	99.63352569927805	0.008479380556622727	0.09992737138986983	3
0.004573899206666318	0.3008204611835114	99.57942507755676	0.010592046140857028	0.1045885159122051	3
0.06266776324879839	1.975811523460318	97.58142255229268	0.009540208998058974	0.37055795200015057	3
1.0052519870114969	6.167424320197807	16.662734350697335	0.04921228151756846	76.11537706057581	0
0.7258779302896419	23.11324796151705	73.46577755998149	0.028954513847806614	2.66614203436402	3
2.6462131873590184	46.67687865672299	40.86596951856627	0.05425457878468387	9.756684058567032	2
3.5078461781741788	52.43252393010953	35.1205642323848	0.09366266297403063	8.845402996357466	2
0.6713181981314416	48.04359155395824	49.23372492019617	0.04981292159339047	2.0015524061207617	3
0.7477833472942748	69.81976687855517	26.63075358570472	0.046496855578148366	2.755199332867697	2
1.3929670378601366	83.12172233315897	7.999097953667228	0.0658388435883091	7.420373831725352	2
0.3231073965476286	91.21138089607689	7.0527410128890144	0.06455183596201881	1.3482188585244521	2
0.5360717985322896	81.91795958128291	16.351628132088656	0.1068270094945136	1.0875134786016327	2
0.9011643864015588	87.33127240858688	9.556827076961476	0.12384579179697225	2.0868903362531133	2
0.4618857886205892	84.81147483223582	14.025143249930535	0.07338914984323262	0.6281069793698263	2
0.24747119307531842	82.22206475508624	15.997731682958069	0.09351339098186517	1.439218977898538	2
0.17512505293678485	85.4733614807023	13.569307317183737	0.09874651395961562	0.6834596352175538	2
0.6519695551489109	73.27342462329422	24.253959580896527	0.09929497391456674	1.721351266745778	2
0.33586486342735133	88.99852590979465	9.944421413765442	0.08422087856979886	0.6369669344427732	2
0.18926145633038435	72.48470504847921	26.614522378611984	0.05314839380782551	0.6583627227706073	2
0.48152181153713197	77.02716840920007	21.115426982619574	0.2395350304373105	1.1363477662059114	2
0.3913433330000422	66.19379000430662	31.775335635818635	0.07230640923050469	1.5672246176441929	2
0.5715427919033066	67.23880465129017	30.5350376375743	0.07458522620787532	1.5800296930243554	2
0.14595015399897707	47.099019493392646	52.1620482374836	0.04245575831159352	0.5505263568131813	3
0.16473175575205462	56.29066413299106	43.331743437047415	0.009295177632695845	0.20356549657676348	2
0.34898597364836376	58.513983069407125	40.742635570815914	0.04952776501370736	0.3448676211148835	2
0.37856575302328216	71.02936174655113	28.312998983153932	0.09860568724097826	0.18046783003068137	2
0.8865464621230729	43.819979036625526	49.74149903340886	0.9868326822055198	4.565142785637026	3
1.540591679670447	57.84032704394225	39.88772595495503	0.22826457572840686	0.5030907457038769	2
0.8172463889480299	41.122162054381576	55.87716890710907	1.312600288425419	0.8708223611359127	3
7.515085308233989	79.61011507317663	1.2080075782990272	9.684926631249406	1.9818654090409566	2
9.023493207511933	66.57570394500847	0.5700895886988463	21.62284538506687	2.2078678737138757	2
20.16329819682661	48.991180868729586	0.5631603619772556	23.86356876566609	6.41879180680045	2
9.098834230890642	16.104810763744993	0.11129617766278332	73.9881289925337	0.6969298351678601	4
5.5319064824328334	6.518280588717727	0.09883435091670666	86.75903832183653	1.0919402560962084	4
0.96065198648933	1.4799082080006898	0.01348160714756115	97.25182587212863	0.2941323262337854	4
3.1621620282834053	4.5658932678394475	0.015211815651270314	91.87334077735379	0.3833921108720865	4
5.888023608582455	14.396150188276316	0.08163059652111561	79.34574156265948	0.28845404396062124	4
1.9458232574774244	7.015615235279584	0.032082830205323834	90.16222456483605	0.8442541122016068	4
3.269234554461458	1.122584773172272	0.002840004015824762	95.34685712752717	0.25848354082326513	4
2.9377167263629236	1.9386793296997162	0.0067552659644352225	94.83562590433583	0.2812227736371013	4
18.62206453934554	5.988216145713072	0.013461582805151449	74.77119089230403	0.6050668398321923	4
8.595263982864324	5.213265336393569	0.014441590864614832	85.67008527045277	0.5069438194247066	4
10.571550561695195	12.025700279430835	0.020051027850311258	76.62562226308057	0.7570758679430766	4
3.928352335842425	2.6036755831949616	0.010370927659789354	93.22419761250804	0.23340354079480385	4
6.246724541530721	3.9931982386282296	0.01067707521123288	89.25550497045496	0.49389517417485346	4
1.4158951957600547	1.4335635385859287	0.006088491183825764	96.74715107526303	0.39730169920716013	4
3.5610418949925235	3.738337567589045	0.014478606110588835	92.44533081431778	0.24081111699006244	4
1.5176870249895733	1.4693330848329589	0.006528747644501115	96.83119488083302	0.1752562616999305	4
3.7764620001515925	2.3707490539722214	0.011115617989290482	93.44037859222837	0.4012947356585414	4
5.842600495804258	2.1663305186441373	0.007876380398361792	91.52932820396478	0.4538644011884824	4
4.8737757827532215	3.536788386038006	0.009797226158596278	90.79433028069795	0.785308324352235	4
16.50362473382874	17.431512292394117	0.09141634488745673	65.09632585996529	0.8771207689243955	4
6.967051598062595	7.135892358461088	0.01670144300109798	85.17935404328766	0.7010005571875495	4
33.36377725343662	24.475428855995183	0.09332651919475216	36.748488549718225	5.318978821655208	4
10.291704603116253	15.265800469663798	0.02021783736247344	73.35730629767991	1.0649707921775509	4
2.797104685909864	5.719234114629205	0.017071318901385205	90.09702525219151	1.3695646283680207	4
19.065291152802473	8.248116133484377	0.026147760045722255	71.31465824315774	1.3457867105097032	4
18.864811934274506	18.475386798500544	0.025902377676366172	60.94407781663291	1.6898210729156784	4
13.537115554734328	12.24279068349629	0.05172446631585054	73.19075988685275	0.9776094086007924	4
2.2854009652875718	1.4143721739058879	0.0044789124178739904	95.84794876241209	0.4477991859765677	4
2.0200890121652413	0.9740376061401163	0.004138918648594175	96.3570251702086	0.6447092928374489	4
1.2041599870612751	1.333201405268699	0.003649466429051961	97.10966781142993	0.3493213298110557	4
0.4411349414558481	0.5360168596819471	0.002806147877259693	98.869040389919	0.15100166106593252	4
0.16407156044946594	0.04898314454473029	0.0003169539996339322	99.71199635081194	0.07463199019422025	4
1.0260922345751342	1.0070546192022403	0.001966153154069788	97.75582193592302	0.20906505714553678	4
4.550649025109449	1.122349901219625	0.0035867138021901247	93.83782169767139	0.4855926621973594	4
18.282165491814702	11.561801626725348	0.1133117018308476	31.128309970869637	38.91441120875946	0
20.800341386926966	40.182961647541795	0.09288402051963267	16.49129151654532	22.43252142846627	2
57.32901884042027	13.845581117060343	0.03537536257218799	24.68583657552439	4.104188104422807	1
45.63296838418511	9.267100403999793	0.04071488427242393	43.06860726189229	1.9906090656503908	1
33.52103322741179	8.288032184597151	0.04027353437627164	57.18962261908985	0.9610384345249382	4
16.939684843418153	6.377897212156977	0.016639353381570042	75.99453438285742	0.6712442081858758	4
4.821763821049621	7.089788604041529	0.019422704723451464	87.81340256695773	0.2556223032276549	4
4.2552558435033125	3.4994232480815644	0.019058287195855714	92.06996217203954	0.15630044917974345	4
2.265052662930774	2.748310072764017	0.00583292050089107	94.82321312313805	0.15759122066628672	4
4.508842672760185	29.41450097412139	0.05387100809911094	65.74355279060214	0.27923255441718536	4
3.8183968029412894	22.907155454859527	0.044677490820937575	73.04169083348351	0.18807941789472385	4
2.165305676823564	5.524988117244242	0.006572840523657313	92.16850812761966	0.13462523778886096	4
3.0287704700442695	10.660659503005373	0.017753580243039798	86.13951909590511	0.1532973508022107	4
1.105342427934118	2.502405499995467	0.0066635793345108316	96.29647223554787	0.08911625718802828	4
3.0957984538380763	10.725433106932378	0.06151930259629233	85.86245493142357	0.2547942052096725	4
1.9308370624929838	10.701310317037379	0.07525463574926605	87.20599475444236	0.08660323027800661	4
3.2147823533586646	16.778248992927598	0.09315014261718661	79.73499018917009	0.1788283219264492	4
3.4510856455551226	31.14258509775376	0.48432191420336235	64.04316728165	0.8788400608377626	4
2.1089068353395537	21.10326821217237	0.10765476026648826	76.25777079461345	0.42239939760813466	4
4.202608320622682	20.461993828262596	0.19328268336884805	74.62623046654629	0.5158847011995895	4
7.904850765004072	31.085062854117705	0.14313205967678275	60.55152290918606	0.31543141201537067	4
13.582517393701659	27.326936389536193	0.021579284303796343	58.379708365766945	0.6892585666913965	4
6.128523009277404	74.65073421421462	0.12114558655834812	18.304891344623105	0.7947058453265363	2
4.278688916921316	81.48201216409129	0.0966156210870855	13.136373575305594	1.0063097225947295	2
3.9460518968622487	80.32311521924646	0.9312461055676879	13.276947614730453	1.5226391635931529	2
2.369428150005569	91.49594352570216	0.5259958524283656	4.577515426320613	1.0311170455432936	2
2.273380282789359	94.62118425002008	0.6571290485124102	1.900669105015162	0.547637313662991	2
0.8783319700091656	96.7522601147326	0.7896335330841661	1.29686193662092	0.2829124455531418	2
1.4264129285187535	97.15554001017823	0.5816906919742545	0.6050007279224892	0.23135564140627138	2
4.2666170268033365	94.5062720887202	0.058586957687742094	1.0179662772812066	0.15055764950752715	2
1.1476479556121624	98.53532091034342	0.07677524203210936	0.16868041870313447	0.07157547330917961	2
1.1411602526389097	98.35486575851124	0.18084187350171563	0.23145036912032205	0.09168174622781709	2
0.8341466419738949	98.66533911154285	0.23845289998274763	0.12323167126608446	0.138829675234413	2
0.5922295149715752	99.09704031122085	0.08582877915160551	0.14497432074428304	0.07992707391168447	2
0.5179696243667774	98.65480754722371	0.4850561229374311	0.1613235883915025	0.18084311708056558	2
0.668096069091639	98.61332252525762	0.374687526944374	0.1649980540756248	0.17889582463078058	2
0.20604670052016355	97.6895998669784	1.7195709651905773	0.12942115580787583	0.25536131150297603	2
0.20111645612399753	96.41493099743094	3.047717729436755	0.11692169742084275	0.21931311958746583	2
0.9611450274812127	97.7620234269978	0.8136339894938397	0.2864039725146697	0.17679358351248387	2
0.3271546078669867	97.67518911454876	1.7063386026082765	0.17789580150613488	0.11342187346986894	2
0.504835350335009	97.71596551835674	1.5183593053723408	0.10283807924813748	0.15800174668776273	2
1.1518818279642196	97.57693135011567	0.9935634083590635	0.11523803088413424	0.16238538267692712	2
0.5607933428293517	98.74488991131763	0.5782911996832314	0.04098560062972458	0.07503994554005701	2
0.41660365949871375	97.04982938289707	2.4172378598180564	0.03123049229407636	0.08509860549208793	2
0.332142591957855	97.80685567117723	1.7801334542243439	0.026689382647596377	0.05417889999299024	2
0.185541180651881	87.38251088558133	12.331707690046171	0.0403345621251829	0.059905681595436	2
0.2755485868934826	98.4390068815229	1.1627896632999817	0.026676608972861313	0.09597825931078113	2
0.14173906942282077	92.94529954277776	6.834323473062542	0.02113151762223069	0.057506397114655966	2
0.20274459482935975	85.01558450013695	14.58649629775293	0.08768319953566991	0.10749140774508471	2
0.09578301922476005	79.52384551587959	20.285143348019798	0.01427821654197514	0.08094990033388529	2
0.25806706426471976	95.47489981464814	4.117082899155652	0.042767100583765365	0.10718312134772132	2
0.1502382103220715	87.31958645976945	12.425963071422649	0.03293516993279875	0.07127708855302928	2
0.08076525968438304	97.60700972303755	2.2440847133332373	0.01196318109035236	0.056177122854478775	2
0.17312821759712	72.90896600794056	26.843751660564273	0.011775008721910571	0.062379105176136	2
0.1522788686263163	66.84147344616967	32.88199416005156	0.016366863427396097	0.10788666172506052	2
0.24620263940389997	87.80123701797471	11.705760745865723	0.028457692874862203	0.21834190388080307	2
0.08357979653573626	65.44528432055048	34.3064025393231	0.021235584091032534	0.1434977594996679	2
0.0829343168444392	77.77151854868788	22.0144889989256	0.03328519227395286	0.09777294326811392	2
0.09191104668634484	64.79157954384262	34.725749230123945	0.0479780086757101	0.34278217067138067	2
0.22007477595769737	67.05370847625251	32.44890427279752	0.10633528188766836	0.17097719310459317	2
0.23483988882502452	54.450924705055115	45.1844165882794	0.0371826328819256	0.09263618495853247	2
0.2395808085902007	53.33721910792215	46.29024516297286	0.04391901334698324	0.0890359071678107	2
0.3604458989537296	33.85146800236861	65.19169779397798	0.0947799228936788	0.5016083818059988	3
0.10131298993977665	37.4335478374933	62.185951195032395	0.1283712980100916	0.15081667952444028	3
0.16587278910789713	31.55432586389556	68.10543884219943	0.0745357476112818	0.09982675718581202	3
0.16247505099020423	21.05909337724746	78.56951872391424	0.11502403681948688	0.09388881102861146	3
0.2304797662788021	16.819869350940383	82.76106467463235	0.13881625318471683	0.04976995496373804	3
0.07249640674697512	14.29488896964477	85.52614507729987	0.050569613750526925	0.055899932557859994	3
0.05097293199009711	9.927777259922388	89.8784597182272	0.059165970004260916	0.0836241198560579	3
0.0895197134494419	8.882402995836298	90.71057159155724	0.0385152384030781	0.2789904607539271	3
0.030312808677914825	3.5865443433547015	96.14464884698222	0.01782488635921687	0.22066911462593547	3
0.02813368154194319	2.3716378185541345	97.56181191199937	0.012330341434949592	0.026086246469590724	3
0.010512010230865702	1.235392952124073	98.67026509629417	0.03302636222073261	0.05080357913015665	3
0.010823321866264345	2.0870369941131535	97.85435503729084	0.00936035820651661	0.03842428852323505	3
0.009953777464517642	1.6678575726072813	98.26294405969806	0.011216902176433216	0.04802768805370781	3
0.013485422202033387	0.9961485558738649	98.95441403239306	0.010278062741688467	0.02567392678937204	3
0.016505682421573294	1.1035074749602143	98.84196023325082	0.010480999203654561	0.02754561016374637	3
0.010694765413611938	0.9199160995752119	98.98653890613231	0.029132352983829143	0.053717875895010356	3
0.010379334115581193	0.819323705486054	99.12699596850251	0.008742918436573866	0.03455807345926232	3
0.007482811063691099	0.6388022233834996	99.29424281792866	0.0222321911546951	0.03723995646944958	3
0.012542832049389179	0.8527315670111536	99.0935760146589	0.00633740449308155	0.03481218178748526	3
0.01181520341531742	0.6388800963764365	99.31031227513137	0.005895902754881371	0.03309652232199023	3
0.008002702695947233	0.8484684277862959	99.12750377912907	0.004695926470016384	0.011329163918671102	3
0.009149964469605193	0.6208515556557641	99.32191508475418	0.013150729305981868	0.03493266581446787	3
0.008461376475245056	0.4582912773064043	99.46104101153554	0.020146724980327272	0.052059609702473246	3
0.008395531388770867	0.7473665506692844	99.15766557354158	0.011514957738156547	0.0750573866622169	3
0.014099599371362114	0.5484544298410172	99.36766490195456	0.011860430836219056	0.05792063799685943	3
0.01308556075415348	0.49012793798806553	99.41906731397113	0.018408234135345817	0.05931095315129936	3
0.004217803804280571	0.2673466294978221	99.69920711764681	0.004806754179076228	0.02442169487202511	3
0.00576726057251029	0.4208714882716194	99.5507565260309	0.0026157638344474115	0.0199889612905381	3
0.012255258045344483	0.5936858764083932	99.34841978247265	0.009852717788318274	0.03578636528529326	3
0.006205005610419599	0.6523453811294524	99.30614714228557	0.004600366529494909	0.03070210444507251	3
0.01236557705961576	0.6871214032026393	99.26161674814593	0.007883121305182695	0.031013150286651123	3
0.008747055368008193	0.525085789715361	99.40932062089921	0.010420751520889237	0.04642578249652651	3
0.008618639327163743	0.5416852885404941	99.39466334302644	0.01673690587525948	0.03829582323064813	3
0.011843889637934044	0.5409705135824868	99.39899627148316	0.01580446609092047	0.032384859205496254	3
0.00835994738680027	0.5880656576756061	99.35626531112412	0.005489598377642861	0.04181948543583115	3
0.011256026165137076	0.7413963530267459	99.10754865719076	0.037086096826171394	0.10271286679118098	3
0.013682897078002024	0.6701363926237742	99.24622563145056	0.01169338569573559	0.05826169315193455	3
0.014745896064985563	0.8653673365314822	99.01830883778473	0.008598467235243245	0.09297946238358018	3
0.008687612593258039	0.4470772083356926	99.46594972399635	0.01276675754627427	0.06551869752841674	3
0.0069973137593184655	0.7006127858798752	99.21781042567369	0.01098278761197209	0.06359668707514234	3
0.006037314865731686	0.3616264379039196	99.5854607428924	0.004489745280528634	0.042385759057416976	3
0.012424264385916666	0.6081791960388874	99.26445800666205	0.02280185648129617	0.09213667643184979	3
0.004444834563839948	0.40702561621058597	99.54823243202974	0.008671197995193365	0.03162591920065868	3
0.010053387655465432	0.3541234389626811	99.5869154184341	0.007750901707871044	0.041156853239862505	3
0.022846246147557914	0.9380662621489504	98.9544305376927	0.023405692229014157	0.06125126178179483	3
0.009612535222300213	0.9471409026252983	99.01407652143057	0.0069958562558111136	0.02217418446603682	3
0.014278220387735496	0.9651864550471521	98.97501805636288	0.015851253408927877	0.029666014793295444	3
0.013205056095317113	0.6099573169243218	99.31438655800079	0.020585219607462315	0.04186584937209526	3
0.01096138288720614	0.548744421344765	99.307682448662	0.058736439465649284	0.07387530764037875	3
0.04592288901617003	1.2359427566709777	98.57295546673393	0.0857770160868635	0.059401871492061956	3
0.02923778163594332	1.5306877576059466	98.15146860836698	0.12016274713701773	0.16844310525410824	3
0.17788594748117473	3.8203194384785713	95.58568738191475	0.22171962687605046	0.19438760524944845	3
0.8078052989297964	18.45033339505165	38.1018640093513	0.11503975773550694	42.52495753893176	0
0.833643603337429	36.64307711422438	59.018252065736185	0.02916050779638105	3.4758667089056243	3
2.2324113948270914	59.3091603557356	35.8194199395071	0.05448375257176586	2.5845245573584337	2
10.11890276577808	62.70412419194593	10.273925171786047	0.058576600590241404	16.844471269899692	2
8.962485594646486	78.69263422682931	0.7158982914415425	0.09875029488429923	11.530231592198351	2
4.804906207058946	88.05464630731751	2.396247975468474	0.02210735887730022	4.722092151277755	2
5.765408214480265	83.41229484148661	7.8541633881135215	0.032849575459545435	2.9352839804600723	2
1.4337517199686052	91.98031806583646	4.855758999621317	0.027200314447290493	1.7029709001263438	2
1.4148241272386886	91.54446382073924	4.469620158284814	0.03255734108732937	2.5385345526499137	2
1.235237509436361	95.84231121278223	2.126355031307768	0.020351075137277613	0.7757451713363589	2
1.4740196634354703	97.00669990700828	1.0241171386864223	0.031362641172757194	0.463800649697086	2
0.6745084087362287	97.0065590404609	1.9874969213447558	0.0652959496358476	0.2661396798222801	2
0.21849674118662699	90.33517402641891	9.216040143776402	0.03422978318978993	0.1960593054282734	2
2.3381547449303848	96.2360400582405	1.0419227300627658	0.13424153060560406	0.24964093616074334	2
0.3785991065242093	88.15376176325752	11.03796359045143	0.1474762878185445	0.28219925194828493	2
1.1289240493309203	90.64491354883215	7.483306011427712	0.267220395297994	0.47563599511121907	2
2.411853349500464	90.4739990594489	4.218318680498329	0.1579751971779477	2.737853713374374	2
18.242174599489736	51.5087751563651	1.06248040969349	0.6491731573724419	28.537396677079247	2
33.51314499822108	22.652029469539155	0.5015021701341527	0.8106925198843363	42.52263084222127	0
12.833974683262031	82.97738665652776	1.7302418950270195	0.1661084716003083	2.2922882935828874	2
5.263527790734266	93.4037937125578	0.8248482863256792	0.08005091710652917	0.42777929327571335	2
2.6737030102594312	96.26495770236704	0.7664117179894637	0.04394137271013607	0.25098619667393457	2
5.9269054039138895	93.45934308729821	0.38289445277534234	0.058479033042097714	0.17237802297046054	2
1.1879594904466277	95.89915902252736	2.8064382896147553	0.021420647068676916	0.08502255034258295	2
0.6543474146459012	95.83764106118338	3.3379131705823815	0.019064247631049493	0.15103410595728817	2
0.451345206393004	97.53566687012109	1.9284969946260773	0.027684618247720415	0.056806310612093444	2
0.5664494604589443	97.81142213217811	1.5282207555003133	0.051690600887940356	0.042217050974707626	2
0.5497081568839649	90.21420635063913	8.77777321767775	0.37909658370778726	0.07921569109137591	2
0.6551966969373485	96.81978760785822	0.3964801387550335	1.80831227311477	0.32022328333461547	2
4.4993988728267595	87.40831503920109	0.7419998219751824	6.993657072529372	0.35662919346759026	2
6.019381962593538	31.87844704628273	0.09692168908666018	61.538166930692775	0.46708237134429054	4
3.4662906872312154	3.956691896586169	0.02401341219444708	92.37553679463858	0.1774672093495728	4
4.243439062472108	19.301913522945508	0.18655811396268493	75.17760607050084	1.0904832301188527	4
20.730192610916443	15.586246695421138	0.0561527071794555	61.76966531010692	1.857742676376039	4
26.075353741539807	7.458037006592269	0.018885777998347265	65.90309850264151	0.5446249712280683	4
7.028237898370569	1.7846179862345644	0.040593846402078894	90.45308709864297	0.6934631703498095	4
5.786066697424979	13.259524205963382	0.04578159616523009	80.40969914464411	0.49892835580229966	4
2.4238397905031905	9.899612857037944	0.1857623215662066	87.07637010004952	0.41441493084313064	4
2.5119675222795292	5.201895157297614	0.07517886682564486	91.8578209457595	0.3531375078377144	4
2.485891153012215	9.364942585497465	0.09045268633547462	87.69478917555047	0.3639243996043832	4
5.728291541552767	12.722067054206121	0.029072188159665373	81.26771966047556	0.2528495556058876	4
18.367585919785277	15.143329778409129	0.5225177390675391	57.96758284468238	7.998983718055672	4
12.411123003283867	12.300147034082244	0.14773098698090126	73.96852744228558	1.17247153336741	4
12.516376051793602	11.249386931622796	0.17692489827083477	72.745008012996	3.3123041053167728	4
12.558332788606693	12.259114569796724	0.06887827130131706	72.98621132040022	2.1274630498950398	4
4.1085134237742675	7.656194408481882	0.10196182396265985	86.89028679074134	1.2430435530398505	4
13.245691679863139	6.872072908142239	0.047743590768035804	78.72124181272244	1.113250008504143	4
6.880777471282397	16.93037533855408	0.3940729213568872	74.25326340784376	1.5415108609628771	4
2.862844405916294	5.937507617071374	0.04919494256976288	90.79722627516121	0.3532267592813686	4
1.759547228475224	5.455927294724515	0.1957111184753486	91.49928049382251	1.0895338645023953	4
0.3060994582134621	1.146334833957602	0.005110055640845826	98.50528052779258	0.03717512439552738	4
0.09252601777025105	0.20412479173395537	0.0075159268950995934	99.66150563519672	0.03432762840396559	4
0.5641630485930264	0.6431787863364935	0.0059879505373041444	98.69877502330917	0.08789519122402024	4
0.7893820708538196	3.1660907988135514	0.006820695221204017	95.97157929413518	0.06612714097625026	4
0.2804309831055191	0.3440634316009525	0.005399971604209567	99.33296397579461	0.03714163789469567	4
1.4732462378601845	3.372748058067966	0.006327139489247003	95.02336652133549	0.12431204324710335	4
0.8345916771309911	1.0130010612832063	0.005653797890167381	98.04834902633435	0.09840443736126812	4
0.4614405050211818	0.7373961588734029	0.012108251092481728	98.72055375465601	0.06850133035690147	4
0.3326360607569611	1.1814407373582132	0.014403341351730726	98.37505713882265	0.09646272171044933	4
1.3731107365812179	3.282440737836729	0.035836643703449765	95.12136586253679	0.18724601934181712	4
0.9748117566821278	1.0170130959696537	0.023305363961801884	97.6633691862085	0.32150059717792284	4
12.826867065224679	17.179420135622685	0.02645437406784762	69.4546385578572	0.5126198672275895	4
3.7990941983001334	5.252175052943041	0.021794574068754145	90.72502199748847	0.20191417719961496	4
5.6727546581711685	17.555852634991258	0.03322224067472648	76.51535109133167	0.22281937483119094	4
4.606225023965493	18.00209049359845	0.08594572473542211	76.96932089101924	0.3364178666813785	4
7.268975172096416	15.300709389706304	0.30987948351977435	76.41851266252895	0.7019232921485448	4
5.829313938213921	6.238155167693926	0.0937690263620902	87.05924392871817	0.779517939011874	4
12.117616426988263	30.396157556492913	0.8105118416985204	55.060133548140996	1.6155806266792951	4
8.352518854610777	9.94757575054633	0.08855726831953553	80.41227577559805	1.1990723509252967	4
9.298351414940429	13.938073602697761	0.14782834405366593	75.1169131536988	1.4988334846093474	4
9.713516740232556	33.43708881155807	0.4917355510144195	55.7532814721585	0.6043774250364683	4
10.939811838580017	44.858361125142125	0.27053886596992816	43.30919762113009	0.6220905491778385	2
7.2457149831631815	36.512683833009184	0.4774446395099501	55.22451577003681	0.539640774280871	4
5.997849997530173	7.213008512849714	0.05581298990548661	86.20240522417735	0.5309232755372671	4
4.3193749889126	25.740728439700195	0.2829213928836544	69.17477623282934	0.482198945674197	4
5.13084798391541	30.937104946085736	0.18841739994071935	63.246323257107484	0.49730641295064265	4
7.736391544655505	23.07073770736558	0.16500052500542323	67.48345001368395	1.5444202092895465	4
9.786852204287392	29.773494384111977	0.5352695476723748	57.291947613083394	2.6124362508448606	4
11.33590985785945	29.27880697862067	0.19749903213040856	58.233429896141054	0.9543542352484301	4
14.330133591916832	31.48512875188711	0.35180109429281076	52.787034079603245	1.0459024822999847	4
10.012112595477289	71.49874475178353	0.6145356104392171	16.424059200061798	1.450547842238154	2
10.981869569058759	70.9491829627077	0.3391171207348352	16.333539290055228	1.3962910574434997	2
7.346259941683295	84.30147791981648	0.2942682106436073	7.293034720508966	0.7649592073476437	2
5.079409554721819	90.29267636470595	0.8193553497944079	3.132274651613544	0.6762840791642991	2
3.170718990147625	94.13656360757781	0.5739243730749555	1.3833551844661094	0.7354378447334878	2
1.2915753261796388	96.98319024768823	1.2305957565609982	0.34654850376654783	0.1480901658045993	2
1.919945409166413	95.53783553613509	1.8208184741479319	0.4876964755217728	0.2337041050287927	2
2.2868283253041013	96.58181737312412	0.46953232989345145	0.45044570458191063	0.21137626709641041	2
1.125645361548668	95.81642581441643	2.6967048808942256	0.20117578668937078	0.1600481564512904	2
0.34383876530560026	96.8195301350015	2.6883538506295235	0.06888827942021225	0.07938896964316712	2
1.1818821458250162	97.91202320864149	0.6922317307887939	0.11654435180920235	0.09731856293548742	2
0.7513571961032666	98.46145914273458	0.49829253958041597	0.1897932686747797	0.09909785290695586	2
0.7388041788503088	97.0395373072277	1.9848144402720636	0.1512071438513827	0.08563692979854307	2
0.35790378138056816	97.74108887869808	1.7904732173924736	0.057653974421337836	0.05288014810754016	2
0.2551211702377932	97.09310404755944	2.5109440253268596	0.07370511782607048	0.0671256390498322	2
0.4802627250258036	98.67081523118527	0.5799173111244396	0.13099178728024624	0.13801294538423917	2
0.24606500561915995	97.85185955210599	1.7749218145412353	0.04727172722911983	0.07988190050450439	2
0.16428401832327413	95.7832490328996	3.909683469696145	0.05225784749001745	0.09052563159096079	2
0.32259261921675964	98.69824386044493	0.8341014028022922	0.06681865740718039	0.07824346012884131	2
0.23994753750862272	95.13555474277216	4.444002568476452	0.07175353736314193	0.10874161387963031	2
0.4297073274792343	97.7931283230496	1.486001613894264	0.1411353469120041	0.15002738866489676	2
0.5248022635738049	85.95352575080695	13.090310949346476	0.20294197778641596	0.22841905848633684	2
0.5432764841325419	94.47636502538953	4.720125165435887	0.09929588809198776	0.1609374369500538	2
0.906648305688593	97.09597323062495	1.7056138488456318	0.0557277949182284	0.23603681992260245	2
0.3303183952689775	89.97698596193246	9.56017614027124	0.02929070451611902	0.10322879801121375	2
1.298650557951142	91.27762728489284	6.987875573058433	0.057736353605506656	0.37811023049208325	2
1.4270301061424562	94.74277181369223	3.400254703171554	0.12471675989951889	0.30522661709423454	2
0.20147335005929046	92.12916176347419	7.420937532537534	0.028025183029797233	0.22040217089919004	2
0.3933090208287555	92.74572561610022	6.646076347357329	0.03090006383304233	0.18398895188066344	2
0.8237458280501575	97.87360813039197	1.154505692563814	0.0534102086052777	0.09473014038877425	2
0.3842337423190811	92.11292149181673	7.3653696984829296	0.04291591483754533	0.09455915254371475	2
1.281319851755893	93.5311389133088	3.7886518276089327	0.04422618328546794	1.3546632240408996	2
7.284759392637763	90.21475460175155	0.9277118816634015	0.07352952446718508	1.4992445994801038	2
2.8476078171353034	95.5825080443636	1.2881906891804058	0.0239008165576603	0.25779263276299824	2
4.487799605373775	93.44982202012328	1.7661115715374476	0.04693110539856903	0.2493356975669219	2
0.8287698790705424	92.41524939317102	6.558748767709986	0.007179171002037524	0.19005278904640546	2
0.8951797192729402	98.59331756410002	0.39118723863918925	0.018781669833902906	0.10153380815395709	2
0.4518027174483897	96.67481520092154	2.6050736475595913	0.01214645124492764	0.2561619828255444	2
0.36726607471498335	98.7708125472799	0.802580843118752	0.006569238103281837	0.05277129678307253	2
0.4449845395770111	98.82799242698448	0.6452947901806635	0.028237512978584248	0.05349073027925658	2
0.7730974598124198	98.77364041994146	0.30743063003050003	0.03689285317506054	0.10893863704057201	2
0.8687855389078005	98.8825877885335	0.11665515866659104	0.0222606666377118	0.10971084725441077	2
0.23850602431068124	99.2126035337243	0.48514656163488945	0.008484314217786454	0.05525956611235454	2
0.24225274320790346	96.21067745674668	3.4501749682471465	0.02412262022196576	0.07277221157628157	2
1.0558933121699052	97.8366205163566	0.9459771694213002	0.03754734190819772	0.12396166014398043	2
0.5071772839318489	98.24344933922853	1.1056167102984267	0.017216682168711986	0.12653998437247377	2
0.3762706471666457	85.59499903360197	13.567779891880228	0.01451998583451011	0.4464304415166243	2
0.6444776163418211	97.38194776414346	1.8189623876530108	0.015051543662730857	0.13956068819897283	2
0.21969366303079982	87.22876844128875	12.392090384052972	0.009919882440474039	0.14952762918702375	2
0.1668603675416326	79.07327313393925	20.57758515136589	0.015783568270522293	0.1664977788826957	2
0.17539191265300594	92.63250614421824	7.005105314648399	0.020005285591595038	0.16699134288875117	2
0.2977509049481538	95.87980825177608	3.629730562727341	0.015414494021737123	0.177295786526667	2
0.43470600034338946	91.15158417735387	7.373348479804977	0.021589728359739078	1.0187716141380287	2
0.2104292973435477	80.92959912430011	18.57130915469521	0.009729299645662914	0.2789331240154768	2
0.4076461189429537	87.30847794743268	12.01912266811399	0.011427204120312518	0.2533260613900617	2
0.6910440444462908	88.73440217328846	10.231050773741519	0.014747513238436835	0.32875549528528314	2
0.43803932914546495	84.60294247748979	14.712412341623809	0.024100783107893854	0.2225050686330464	2
0.3382259081111791	84.38645531726556	15.11055025587336	0.01091987257587584	0.15384864617402857	2
0.20615660898812738	89.53347890886745	10.058120061743296	0.01834399856925215	0.18390042183187055	2
0.2511044906331723	77.54017148272287	21.977131754987678	0.020373675189857558	0.21121859646644026	2
0.2871625692004056	86.11761304069569	13.306514678472716	0.020766660977004504	0.26794305065418217	2
0.11860732885162531	67.84658092089776	31.898197298887805	0.014810794521040036	0.12180365684174649	2
0.20058694038541558	92.35901082974289	7.296169097474337	0.017331543243780115	0.1269015891535655	2
0.16114701738141468	67.51039698018269	32.12449918832389	0.0161631532018805	0.1877936609101066	2
0.18701306026352235	57.873445668084436	41.15938114417497	0.0250286141669466	0.7551315133101146	2
0.2304647275362617	71.54600785795014	27.868164679578282	0.04310017976979261	0.3122625551655075	2
0.25186543990201055	71.36487195194813	27.730133889663538	0.06406600736398806	0.5890627111223149	2
0.23228850101206688	68.46305254756679	30.96642769089702	0.05568519591854469	0.2825460646055894	2
0.1987578493717538	62.77948181122213	36.53529905825715	0.09294621132738774	0.393515069821584	2
0.27604165054030433	49.96029928927352	49.52657430541249	0.04581503832544862	0.19126971644822227	2
0.23290272279201996	37.16036011896192	62.36098515200379	0.04556666916026653	0.20018533708199954	3
0.49468974631569135	56.195143304341464	43.131858118254044	0.02648701493939266	0.15182181614938453	2
0.2759357259016952	45.27146155176806	54.29393919769687	0.018408472484513116	0.14025505214885708	3
0.3093685949287502	23.34365423399749	76.16159745301755	0.05635310150683856	0.12902661654935788	3
0.26615193651435687	10.716123890110968	88.49247219946494	0.21856159038256973	0.3066903835271531	3
0.2687008849709719	19.08542670979576	80.44575559570215	0.03972118836609845	0.16039562116502312	3
2.7100189851723044	35.2003180903833	59.34864960589577	0.06390401941617613	2.677109299132449	3
4.532445661581793	50.77708920968761	26.16288563211098	0.06254021666735388	18.465039279952258	2
8.505485622137272	80.86971155154002	4.279829070936717	0.020008598052766557	6.324965157333204	2
6.03376359997538	90.6737569495495	1.34292507624282	0.0209117768929574	1.9286425973393206	2
2.7975505976366675	87.11130933269325	8.019701671227542	0.040832930259326626	2.030605468183222	2
2.1660003753478447	95.45285047448772	1.3207012682567054	0.06040149218762297	1.000046389720096	2
1.487589115892022	96.97992262906827	1.133199509077946	0.03440779974333805	0.36488094621842904	2
1.4247032433367324	95.01920718351393	2.356974770709198	0.03819824587966492	1.1609165565604926	2
1.1345507418477385	98.16686962134862	0.4518439588133778	0.014414233381869094	0.23232144460838167	2
0.988278573044965	97.66783464392542	0.8312276398132361	0.06732317075421537	0.44533597246215395	2
1.2577183450951646	95.72991549916674	2.0981071686115795	0.034390945477738175	0.8798680416487794	2
0.49845391758540497	90.09528732629809	8.465295903852715	0.0408397544001189	0.9001230978636708	2
0.9694377939751305	93.59965196922386	4.610492417001377	0.04847264161619496	0.7719451781834428	2
2.8745465339045007	95.02240879950459	0.839239465119505	0.04610747028000086	1.2176977311914063	2
0.41994028282057094	97.62324474533493	1.2614106451000646	0.02377729085122669	0.6716270358932133	2
0.37023816482401656	96.16563497091218	3.0650066822614925	0.04301491915990198	0.3561052628424029	2
0.7116055527111363	97.44023294086679	1.3414099591192388	0.04962243953176777	0.457129107771049	2
0.6886799311780036	96.66991833924075	1.8096118540632071	0.041170103825993794	0.7906197716920376	2
0.7637861643243644	90.72335397548011	6.137646549953393	0.08771574322433054	2.2874975670177946	2
0.4430375611243696	78.05262506284087	20.778865719129907	0.10268300140173672	0.6227886555031115	2
1.477921315744719	73.12680354806945	5.32636774876906	0.20844993153004412	19.86045745588673	2
2.1974852771486266	92.19594105158698	3.000642829287559	0.07855420809020687	2.5273766338866404	2
4.164999390575427	85.59500563383168	6.546381178677155	0.24640237291233402	3.447211424003385	2
0.9836083239777567	95.58799041264565	1.686826444676999	0.07422289956365848	1.667351919135951	2
1.208050619155502	91.76286818670108	4.932362002301862	0.030992092687908916	2.065727099153651	2
1.133437426387611	95.59678837698759	2.4385885051093306	0.11544811395831102	0.7157375775571769	2
1.7444840482361372	95.64222488759326	1.7851689052795987	0.11785508363101477	0.710267075259985	2
1.787008072196036	87.59856983485166	9.226679234007106	0.05224339785526664	1.335499461089937	2
4.823059214074356	89.47469540682806	3.1900033933197722	0.12241615328506172	2.3898258324927633	2
7.204571636760217	89.4812308249192	2.1092723869272842	0.2147183586714588	0.9902067927218464	2
3.024658282462184	92.07860533050987	3.6753376154742035	0.35130431927241296	0.8700944522813457	2
2.67154646763485	91.64610628617265	3.2591715877323666	1.8482419589171053	0.5749336995430151	2
13.11310890143996	74.3593960832682	3.7394794396717863	8.035250858412258	0.7527647172077938	2
7.014374985627807	28.661141700546626	0.3566543473776778	63.001876691374605	0.9659522750732847	4
10.11589805238144	18.378424056228667	0.6274364988301522	70.16949111004178	0.7087502825179517	4
7.542844923951529	9.77243230777905	0.2316920388526216	81.40996273114634	1.0430679982704643	4
3.055795578739677	28.747189460466743	0.44103313335954897	66.8102475203824	0.9457343070516292	4
0.9858909605733494	1.9908586790042881	0.01879785889964498	96.72707629406592	0.2773762074567884	4
1.628730676771803	3.5050806416006393	0.02662388470089027	94.7239119816689	0.11565281525775506	4
1.9558172140526857	4.255774706650647	0.013138053131877075	93.61960355045427	0.15566647571050876	4
0.35459074736631063	0.6208609249289745	0.006438998006486333	98.94255597191145	0.07555335778677841	4
0.4032463537316261	1.2602948778200649	0.004513920258158729	98.21266733063024	0.1192775175599166	4
0.4097083904556382	0.46884515300183854	0.0032347864361837106	99.02734028002111	0.09087139008525215	4
0.45278972603362755	0.49004972296101323	0.011082242236808221	98.73636807224597	0.30971023652256247	4
0.47557708749467276	0.6451127070757554	0.028480506626941612	98.41184460493635	0.4389850938662748	4
1.74940801297346	4.046368481692484	0.01243391972328029	93.5730012919981	0.6187882936126906	4
8.489369461325495	7.425272143515589	0.12879526409244849	14.370462636974809	69.58610049409167	0
66.08913543196245	12.26790503231103	0.06455257208659317	17.02939049126108	4.549016472378824	1
56.16211090385333	9.40532047062226	0.07049619945970582	30.00351587897161	4.358556547093094	1
39.47576713885445	15.490576499300705	0.06459943033156317	43.67113828084415	1.2979186506691345	4
6.324357009061228	21.9818953961538	0.047711276012746606	70.76658885795597	0.8794474608162443	4
1.4031222065524203	7.458235525664709	0.01659840334859644	90.56477319534888	0.5572706690854069	4
3.636384162780905	6.2963067447637915	0.031501941325339414	13.529341095146316	76.50646605598365	0
25.254201821250383	23.492869210465592	0.06524375736572777	6.260835995229954	44.926849215688335	0
75.82542262185947	6.79757305998236	0.018522696451827286	6.877439626589796	10.481041995116554	1
83.97028869833471	6.6351487491531564	0.028141060471220305	2.866632469771451	6.49978902226947	1
71.47067368979535	10.852133713216059	0.041603556107403634	12.020483655073063	5.615105385808131	1
39.119655884818236	10.525082496511581	0.04101277472621302	47.919809898839745	2.3944389451042425	4
19.540517156528402	10.008338926719844	0.05947817306548767	68.85436233934121	1.5373034043450693	4
16.77136635432352	8.423230966499943	0.06310798545606389	74.00495528461322	0.7373394091072515	4
0.9071510081772369	1.2842527746125407	0.01668619086010191	97.73335112160278	0.05855890474732163	4
2.50967755640736	8.071002324430223	0.015997521748753643	89.17862891236342	0.22469368505022702	4
1.3953817489873714	2.668826566937408	0.0061954524928995326	95.79396481233174	0.13563141925058414	4
1.7808115512197447	1.3076447550744417	0.0021492304906649356	96.81033523607067	0.09905922714447178	4
3.4534574995081933	3.751609973293521	0.01911774176803622	92.57053398597054	0.20528079945971908	4
1.9831537281100562	1.7192048929003882	0.004624389380947128	96.16070568826103	0.13231130134757554	4
0.878359078255316	1.2939641775703787	0.008064748961466722	97.70782823043545	0.11178376477738561	4
1.1745785035409966	0.7878671585707807	0.004167129339037612	97.93999065587712	0.09339655267204933	4
4.431693392541486	1.015996451770142	0.0024365398625942913	94.3076258778819	0.24224773794388563	4
1.408366416129175	0.5098073790245249	0.0010588336463632688	97.8206656924705	0.2601016787294589	4
0.5248530549740779	0.41196666476510274	0.0008470258411429858	99.00691390397986	0.05541935043980845	4
0.8764203259372874	0.8892046863909351	0.0011360810666385802	98.16388988609172	0.06934902051340137	4
0.7294865735177626	0.8708138068228397	0.002997653451839506	98.34835070197937	0.048351264228175116	4
0.13269111944174988	0.12275084958517314	0.0003123439258142026	99.68128031827419	0.06296536877308312	4
0.1856899444936727	0.2968445537010602	0.0009639230977704815	99.48691158567462	0.029589993032878924	4
2.178286310433376	0.9779374656296684	0.0022682807290681645	96.5480591423805	0.2934488008273849	4
1.1110732056222932	0.5862304009672845	0.0018619525819849477	98.16806956587357	0.13276487495487188	4
0.8061112091989531	0.5387263874469815	0.0021558052056391574	98.49353961873449	0.15946697941393265	4
1.497256136463685	0.5581497735557156	0.0017670344390467087	97.86874230336676	0.07408475217479739	4
1.1707036310106909	1.0467796551439426	0.003417822861444356	97.6542361254387	0.12486276554521626	4
1.2582353910942277	1.4515864079711227	0.0025158508314579767	97.13321490076672	0.15444744933647064	4
0.5851624812264585	0.9327983111754007	0.003549946069045081	98.3658705348439	0.11261872668519499	4
0.5394930140214509	0.7980780861628685	0.0036072453067407225	98.60114168595115	0.05767996855779957	4
0.4108882891072671	0.4854367770293366	0.003999763346228167	99.03433237105273	0.0653427994644517	4
2.8163655910986503	2.7392922581238146	0.007605711366727707	94.28240334877867	0.15433309063210918	4
1.1885359986426771	11.31207282158601	0.02921879925259422	87.17824595159001	0.2919264289286966	4
1.0801089666430952	0.7574111627435489	0.008631317239954412	98.08321223511761	0.07063631825579009	4
1.3601929550698622	1.4036882431229227	0.003257984048708435	97.1766641860589	0.056196631699597474	4
1.7325990070536348	3.0169964481736735	0.009858207538970697	95.05762656618745	0.18291977104629092	4
2.740061491012685	8.453278574762292	0.017007085605047993	88.53826688282402	0.251385965795978	4
0.77465674079645	1.1070969076003938	0.004700112264180795	97.95779772587736	0.15574851346162416	4
0.6116421868787831	0.6392458740203704	0.002806864853111055	98.61281733020594	0.1334877440417991	4
0.9013797009820816	0.6406801159090494	0.0033814227737915623	98.3209781067528	0.13358065358228705	4
1.0440007232196884	1.3537060778460819	0.005965624128265652	97.41060275378061	0.18572482102537172	4
0.6775355376263085	0.8036983592494311	0.0036687892289726347	98.36788783654228	0.14720947735298964	4
0.588151245072019	0.7373082322638694	0.003398645902225471	98.55170721701136	0.11943465975054188	4
0.602152011513099	1.1890872961901984	0.0020932663931510827	98.08522281771238	0.12144460819117038	4
0.4319700689192252	0.27337664355563446	0.0010157104584005176	99.23133529982334	0.06230227724338998	4
0.3100796912102833	0.2860467544592306	0.0006995937646335012	99.36678807562313	0.03638588494271588	4
0.18086055396236173	0.1472086619109487	0.0007605889249655157	99.61879105139603	0.052379143805715414	4
0.2752103416685451	0.7013893617226493	0.0024277693559910793	98.97626577100156	0.04470675625124872	4
0.14025827689955805	0.3470739212446359	0.002671498262711824	99.47710068093076	0.0328956226623414	4
0.5521071362117936	0.5835108340465975	0.0024110230923052684	98.78343645769247	0.078534548956833	4
0.9411502402366325	0.6608277597667573	0.0023310060169403637	98.2013127595365	0.1943782344431667	4
2.0037898464889006	1.0168311914527464	0.005381619490207796	96.75160481356492	0.2223925290032068	4
3.493688086386726	3.205810186393713	0.010878874589449061	92.79830058484575	0.49132226778436633	4
15.251308603770477	7.8110682870096415	0.01805365680492371	76.49139341283338	0.42817603958158607	4
6.077248411951788	6.916329756358083	0.016714957625360197	86.71942639871334	0.2702804753514212	4
19.889181538736405	22.37114744497976	0.10312033896957049	57.04102638967964	0.5955242876346271	4
16.889916715705606	33.33969491949287	0.15787083054467904	47.713186604167674	1.899330930089174	4
13.675707914932156	21.246902731648095	0.07911160687298018	64.53678599859042	0.46149174795633624	4
8.831355557942624	46.41937739942985	0.2745724319899033	44.12418530764635	0.35050930299126526	2
12.338202717155724	68.82197295322688	0.3392091745698315	17.580588373001525	0.9200267820460538	2
3.371851034483692	57.90499759158219	0.7750220159522201	37.502505488388415	0.44562386959348144	2
2.7511741136078562	80.10774279499813	1.2116238624267286	15.519512053717815	0.4099471752494694	2
11.345198723559246	39.631510977054205	0.1353627866052074	48.0233633011852	0.8645642115961558	4
6.456202510091824	61.44463522744679	0.2801146487892015	31.386980774942565	0.43206683872962676	2
5.0803112608754795	44.574432588706046	0.2323654031118119	49.89268908659445	0.22020166071222008	4
4.256542081977022	12.849708335062736	0.04087100197325112	82.54305435736279	0.3098242236242086	4
1.6593752844134477	4.388459775721924	0.02082314579455183	93.84592424319348	0.08541755087658669	4
2.6908087925100563	5.4848550797787645	0.016911796520392194	91.7205942561763	0.08683007501448349	4
1.9662594058863232	7.635324461832635	0.02843023896351029	90.28970472544627	0.08028116787127187	4
1.1775968767457157	2.0469122523420014	0.005612469813331958	96.66573766111027	0.10414073998866975	4
1.5282358809252166	1.5257898853751874	0.01486788795362647	96.88883085215194	0.04227549359402167	4
0.9599033814274692	1.8433936048538158	0.005194938353056177	97.11688411526626	0.07462396009940749	4
0.504080716016528	1.5340127311862688	0.007692932178921671	97.88728204710996	0.06693157350832492	4
0.39518906176043117	0.3643767455421736	0.0011037847133373042	99.16607490884672	0.07325549913732336	4
0.38521865250968323	0.674205031153102	0.0018620505975152914	98.90100528721472	0.03770897852498187	4
1.0866163201427306	2.4277886725373867	0.013490074400477062	96.35831698280258	0.11378795011684566	4
0.41696561568912055	0.5713616779494273	0.0016519246805997685	98.95885815795444	0.051162623726395455	4
2.1057104822711237	1.7763881498710117	0.002764031080102067	96.03063217328327	0.08450516349448332	4
0.5811909497950813	0.6711737323912577	0.0017236122826184122	98.69876900655541	0.04714269897564756	4
1.2543649135203256	2.4553003227650496	0.005430108623821404	96.22471425845688	0.06019039663391089	4
0.5924660098710092	2.7251883704566793	0.004658015846601645	96.64203688159351	0.0356507222321937	4
0.4228477735492291	1.107226627741115	0.004403937045350204	98.42927706673652	0.03624459492777019	4
0.3057498354386937	0.77383267883482	0.0032797654164313447	98.87751677384064	0.03962094646943042	4
0.29386415369421204	0.7443208725473971	0.00291805471419234	98.92157136569655	0.0373255533476571	4
1.3270383988425747	1.0562540457693341	0.004014204446548314	97.55920578269016	0.053487568251404494	4
3.0470792570557683	1.5239741957639286	0.0038552150970587403	95.23866795799384	0.18642337408939375	4
7.430915814550263	20.153006048923274	0.19327900550321736	72.0106722968534	0.21212683416984368	4
3.589889007696002	3.410543937565676	0.007107551012507732	92.80931939928647	0.18314010443934237	4
1.7528506543452504	6.373557166009023	0.0413530436833707	91.73253996869039	0.09969916727196476	4
3.480547689565701	24.394493861950792	0.04501874130246679	71.84169498671457	0.23824472046647407	4
3.25389321388561	13.599537457296154	0.04495688560649652	82.90929314974632	0.1923192934653965	4
8.452750336119683	32.40554518089419	0.17388565165341363	58.58272716660146	0.3850916647312477	4
4.15188384549589	68.89515309171372	0.26921613498919383	26.299875873309865	0.3838710544913137	2
6.156854654064855	56.85155798487248	0.38662767319341945	36.156550324989965	0.4484093628792738	2
7.860423722327065	51.05717733754969	0.08955642671067804	40.661494393589166	0.331348119823403	2
5.347183549778143	68.62955096192293	0.15396584528981472	25.66984195400601	0.19945768900309765	2
3.651099122593187	83.75330822661869	0.13017872844955425	12.273851135377708	0.19156278696086323	2
5.507433176558122	84.31825949174872	0.22019151406938567	9.773802821193902	0.1803129964298818	2
2.252476276331665	93.4067321473724	0.2989515320359491	3.7937683796740096	0.24807166458594931	2
3.5605853056022525	90.6909215113582	0.21025895997679472	5.142183643408602	0.39605057965415236	2
5.0860037673674565	87.03951150534508	0.16502099438587256	7.462930100425745	0.24653363247586713	2
2.6944082234051088	92.87499127279274	0.34301410345487615	3.869529034198781	0.2180573661485034	2
1.8888690130267671	95.00045623046243	0.9881533555962713	2.019896988804253	0.10262441211028486	2
2.9342049811686595	94.6645961798982	0.18698980718230884	1.963012446821973	0.25119658492885005	2
0.8389606657835993	98.27215865952775	0.6558307597584416	0.20130477588165868	0.03174513904854688	2
0.9185289606411844	98.41859670053412	0.32445649382136854	0.28963986206723197	0.0487779829360847	2
0.8725007955550954	97.27360521238508	1.4465722340063298	0.32217930194989886	0.08514245610359428	2
0.9105315920522864	96.87182205589669	1.0362920942689824	0.9724522860149252	0.20890197176712372	2
0.7631943611222523	94.06710310092026	4.696341715607972	0.16628834800354167	0.30707247434596824	2
7.42955349787432	12.729186049321775	0.22696367756640015	1.819463963828322	77.7948328114092	0
46.95193315657521	33.866525526791435	0.0831299258207715	0.5954388384554871	18.502972552357093	1
2.0860920510461947	0.9088774800788155	0.043855529869397454	0.26292564896329595	96.69824929004228	0
81.76142031866745	4.704101634186567	0.0060803925565026465	0.06263687022731963	13.465760784362162	1
79.3271515108107	15.080823835377217	0.04623128118679433	0.19821313621253048	5.3475802364127505	1
80.02282137513949	17.41193414096724	0.03962029318030336	0.13848344238519456	2.3871407483277878	1
38.96741632034988	60.609094632297165	0.09779780702091276	0.05264516866596924	0.27304607166607053	2
9.332382004298823	90.1308598298904	0.3366668686527812	0.0837208918817059	0.11637040527629298	2
2.7123478721962577	96.90487920910826	0.22039402310121883	0.09468157331777763	0.06769732227650431	2
1.2850588657000472	98.47774455785986	0.13754419343752292	0.0349246763274024	0.06472770667515218	2
1.2196477595075645	96.60214051205351	1.9053763957622545	0.05054440844974009	0.22229092422695051	2
1.753115620888518	98.06947551218347	0.07335211811371713	0.02315180800109312	0.08090494081321267	2
0.43518114880110564	99.15688502962969	0.3037980344029302	0.01605672934533456	0.08807905782095667	2
1.1379124178839664	98.49419765349533	0.2142585262559151	0.03605397693763672	0.11757742542712517	2
0.8665321500648889	98.67953167050469	0.3755629913724219	0.03295396639949295	0.04541922165849368	2
0.6108765457498434	98.25918321814135	1.070896399799328	0.011949747858217665	0.04709408845125444	2
0.8586887050667932	98.51158686264772	0.5480584305715764	0.0168801753188118	0.0647858263950775	2
0.42955265271871923	97.78562976541338	1.7226690737857642	0.006765231126044494	0.05538327695610619	2
0.8652618691243101	98.00518338588351	1.0398423946773017	0.00955290387298897	0.0801594464418799	2
0.7974390558404993	98.5831913668852	0.5158169512033586	0.020818661455661063	0.08273396461528312	2
0.29770803283491076	97.96919058595363	1.6420528949726925	0.022391670013508037	0.06865681622525906	2
0.36109204304269626	92.33842466850916	7.21811008103737	0.013446403690445675	0.06892680372032527	2
0.4571102468809263	96.50178174143036	2.87387229080995	0.010951284904104153	0.15628443597465008	2
0.19601536331157257	64.97139024793525	34.73441984741023	0.009449361539213283	0.08872517980374685	2
0.24717413817666442	94.40025568126539	5.251686713751432	0.008133850821244014	0.09274961598527828	2
0.3341691965393421	70.36317940918306	29.153688205421503	0.01659588242055232	0.1323673064355383	2
0.23003123922597815	63.2293920176772	36.35024219354561	0.0357660097926232	0.15456853975857426	2
0.2551778420781104	84.98278451102087	14.580799171954878	0.023945062160875344	0.15729341278526407	2
0.24910653462736856	55.61343617588983	43.79705063120529	0.022276055493453628	0.3181306027840501	2
0.24597142941783215	65.70477904799694	33.84925193889267	0.02579530587502931	0.1742022778175417	2
0.3247093200738855	52.99896459341763	46.516264317737686	0.031168688001244706	0.12889308076955386	2
0.4379855903688044	58.91768635269503	40.45914511067477	0.06814352500051386	0.11703942126088968	2
1.985565413762616	49.4304355058786	45.090225734418695	0.16701013020324748	3.3267632157368374	2
4.8848274318991844	72.00780010613805	22.0853653454007	0.07416841200238666	0.9478387045597007	2
8.857014068157834	86.06669817398618	2.58383526077861	0.03042520053514454	2.462027296542228	2
4.997126075710123	90.74441399187236	3.8244601632479607	0.019986955162283684	0.41401281400726253	2
0.72057778742113	91.6828045014017	7.4779845248922285	0.01044691791741493	0.10818626836753699	2
0.2547576240835649	82.97546429393327	16.644433469298278	0.02422239028509317	0.10112222239979471	2
0.2137655387280407	72.38380698911165	27.26626398976953	0.03470702776547046	0.10145645462531926	2
0.2602132481251075	84.55850535192475	15.042664422764407	0.04420653792612081	0.09441043925962672	2
0.40006316635888145	72.6629978137273	26.825162648226875	0.02599943463382011	0.08577693705312253	2
0.1879616682287425	47.9125698677514	51.790096182153455	0.05033636002406593	0.0590359218423447	3
0.20862679491286795	55.70492752948765	43.96652303134843	0.045377287279692306	0.07454535697136289	2
0.13154499138097425	65.72100472981964	33.844881996024256	0.05127878332390164	0.2512894994512198	2
0.2186074564577011	44.18230079281454	55.15654006807908	0.19661676359232416	0.2459349190563548	3
0.22465920010784668	41.32705539780414	58.190015488467026	0.07502388102741299	0.18324603259357122	3
0.14411136862532736	13.222214970248391	86.52680842003947	0.03960876433328519	0.06725647675351674	3
0.04850692727072212	6.046216683877855	93.70740576455901	0.05124137794999329	0.14662924634241611	3
0.09464402785233661	10.960177335605428	88.65406076732366	0.053479145397972966	0.23763872382061296	3
0.033684239260637	7.020916411361079	92.77073643335392	0.027546915056172263	0.14711600096818	3
0.051228162003775474	6.8045827496696685	92.83835489906069	0.05817305694276509	0.24766113232309322	3
0.06806809445789927	7.762103070892682	91.92878004977575	0.02744492634100639	0.2136038585326589	3
0.04197503570254279	4.295262262951727	94.21007889464278	0.20063243236456058	1.2520513743384043	3
0.023904184658641497	4.479400368504666	94.97670554276307	0.019103874550550307	0.5008860295230778	3
0.03142304150484673	3.1898655834610823	96.4037615735456	0.012756446210533587	0.36219335527795354	3
0.021780091569761934	2.8699505855698724	96.27252911860049	0.04315061219752767	0.7925895920623651	3
0.03908098261815145	2.669522128539294	95.77553048773102	0.07824998806398822	1.4376164130475555	3
0.02345767117841838	2.3361393342727266	97.36776044081026	0.023580988585734056	0.24906156515287994	3
0.019866473563014388	1.4988172877474029	97.7429604503898	0.029873086856500246	0.7084827014432721	3
0.04526352612197477	3.8683367960683106	95.4728108136957	0.06430585287179516	0.5492830112422217	3
0.07088790778335867	5.9504904434619466	93.29892091227391	0.05408121517759387	0.6256195213031913	3
0.20444320946186972	11.791271394658963	87.82757966685041	0.06996019704099099	0.10674553198777405	3
0.07338823714231224	11.623355749156287	88.11651220367213	0.07968110641149322	0.10706270361779009	3
0.06858169019707946	11.714224290626898	88.03708413855935	0.07137020393130299	0.10873967668536517	3
0.11157760922283295	7.233613296472156	92.10459324984235	0.22181980755854477	0.32839603690408986	3
0.11977452138498196	4.154268021327785	94.64542466488285	0.21542639024336513	0.8651064021610184	3
0.6082243823924083	21.067511740621818	77.29638594050829	0.10914138160937814	0.9187365548680947	3
0.5124008226996464	24.597874686472174	74.1717114988319	0.11583317044403195	0.6021798215522408	3
0.7255061853029037	19.461905502894428	79.42179025848752	0.10442653575214819	0.28637151756299867	3
0.5511906703186104	36.978080746123226	61.88459534222422	0.38404941448540514	0.2020838268485268	3
0.14579770829912694	14.653779970423148	84.77994174542907	0.28383024338759044	0.13665033246106106	3
0.33073069071194916	22.023736820799652	77.19354919647566	0.305878366160065	0.146104925852671	3
0.4880988200338602	22.352200110611207	75.43911203474445	0.8863211611699993	0.8342678734404712	3
0.5512899505250178	26.262311997057246	72.2223510816084	0.3779006683392496	0.586146302470085	3
0.8130684232604349	38.49188673505693	56.065436535356085	0.135103518666437	4.494504787660107	3
9.120397192258352	44.89557302572463	13.506446232187184	0.19074078223190724	32.28684276759793	2
8.05244649577808	81.03115958788797	4.632992192492214	0.08538386300835211	6.1980178608333905	2
4.090969252919402	87.77629137763687	6.493672494633368	0.055098448358497885	1.5839684264518699	2
2.6273709435068193	88.52361390498277	6.829032888473599	0.03557968139721877	1.9844025816395907	2
1.1188939982098494	94.21264009543712	4.371583007191758	0.05111767635053264	0.2457652228107573	2
1.3742263471932372	90.5245634285381	7.726550712806772	0.03698981606876478	0.33766969539313935	2
0.7129099080455561	82.03332621967965	17.05914063701872	0.028491120451479307	0.16613211480458492	2
1.0853835448065527	89.21772220861624	8.85332270682184	0.1727635848065826	0.6708079549487931	2
1.1642085942233125	94.01378398998537	4.322654135219724	0.12721289023824575	0.3721403903333662	2
1.377137495525229	94.95690731188623	3.1064499028230284	0.08913887733402096	0.4703664124314871	2
1.023742552616886	93.57541299264612	5.139374080646624	0.10115847647375396	0.16031189761663106	2
0.7339361910978676	93.25371325259049	5.852909048782711	0.06225033579999202	0.09719117172891849	2
1.6762384438375835	95.1547926740698	2.389731237764623	0.14366898333514042	0.635568660992856	2
1.481633199658682	91.17604829817748	6.456623089181196	0.07982029025916423	0.8058751227234741	2
0.9645352407837512	95.12125243014665	3.4383698381386205	0.13408770934419495	0.3417547815867685	2
4.439500518120481	92.05048821468796	2.6786414067486457	0.17080007226871283	0.6605697881742139	2
1.1823026408853392	92.83779751824487	5.350926061115637	0.4650568879646604	0.1639168917894847	2
1.0723644397501741	93.75302852884428	4.569815892860939	0.3906524354283013	0.21413870311631394	2
1.2712425122953288	83.22737735083227	12.873144869454196	2.3448097179505334	0.2834255494676724	2
5.095482870948282	59.04201930121358	2.6482323932836556	32.83788508231677	0.3763803522377248	2
8.913441854066594	42.89031418603314	0.43876381006784	47.356161360471575	0.401318789360856	4
3.379155449365117	7.577398033631345	0.03835331586374365	88.72700676127884	0.27808643986093945	4
2.7817893239471436	5.486122372061007	0.024433216864056608	91.56150765971192	0.14614742741587122	4
2.039722606235677	1.4807172447264905	0.009198000924093504	96.31963872524723	0.15072342286650628	4
0.6158250726766189	0.7188369147294617	0.004685240548013849	98.49380171045843	0.16685106158747612	4
0.46995897498884887	0.40527214926511046	0.0022788688875177866	99.03920308175651	0.08328692510201255	4
1.2780648138736896	1.684072160305459	0.004318544441321898	96.18447307274491	0.8490714086346125	4
0.49361983213964805	0.3593471261978981	0.002073127434036775	98.9785721804532	0.1663877337752112	4
1.1272725476609533	1.0442063364635172	0.005539620945194597	97.39659297371875	0.42638852121158843	4
1.5918054666836392	0.8488246550269729	0.002745834087488257	97.27263629737196	0.28398774682993017	4
0.4479367935860435	0.8339187642516446	0.007864863089410267	98.42088452855036	0.28939505052256037	4
2.387157486147237	3.2324723241524036	0.00854766596782073	92.95116230260571	1.4206602211268389	4
0.18323987926723256	0.2533296192715014	0.01566598448364865	99.20699190785739	0.34077260912022245	4
0.6105487810978116	1.1478796234109527	0.007660139396539714	97.94594918081452	0.28796227528017787	4
0.64416251806663	1.3381172321669497	0.014536296898091588	97.66048609109998	0.3426978617683292	4
1.0974434541144236	0.8598062291965766	0.011337072251064378	97.68254099540317	0.34887224903476294	4
0.04698642921534717	0.059252267434931026	0.012163129462229156	99.75182304175361	0.12977513213389	4
0.16753844087703593	0.14996939682208227	0.009879872977086474	99.5692946626345	0.10331762668927758	4
0.19384742741927546	0.23485622828176275	0.01107619404268136	99.46668899398426	0.09353115627201411	4
0.6700657825967201	0.6984878275588585	0.01275629873821982	98.43179048977147	0.18689960133472436	4
0.2307797442078287	0.2961117487460414	0.009843796827320506	99.29743269836595	0.16583201185287139	4
0.1880538127442503	0.21538425959190624	0.007640724577289136	99.50250746414689	0.086413738939661	4
0.3667324807798295	0.9842242919710343	0.017384871354793784	97.82541646457676	0.8062418913175918	4
0.58790962198633	0.8791335624151787	0.01120222725947067	98.02048132230205	0.5012732660369794	4
0.18131883686733366	0.26512782322252787	0.018944862891550753	99.08186249909238	0.4527459779262163	4
0.3255842936095744	0.34879627972512606	0.010410542144531739	99.20048048591944	0.11472839860132529	4
0.48515743494367364	1.4007726553321296	0.01829505084690062	97.82847812283345	0.2672967360438652	4
0.27623518016228976	0.487527722833637	0.023263714785606827	98.7531951828415	0.45977819937696235	4
0.25116175083313486	0.38871184807151704	0.035140390144360274	99.08583958313697	0.23914642781402537	4
0.04790805442910903	0.06807435986897066	0.018479785293837866	99.59154285520961	0.273994945198454	4
0.1034617888337132	0.2598522889263014	0.043940884491906425	99.36051515944129	0.23222987830678515	4
0.1640032836146775	0.4638353534743576	0.11798293840798596	98.90463835926839	0.34954006523457926	4
0.31965216877406033	0.1521689307153657	0.0024289685363680716	99.43165823719912	0.09409169477508551	4
0.6168855492492294	0.25919604798746443	0.001960740513963328	98.99640387045098	0.12555379179836215	4
2.2710661499586884	1.9314663638478158	0.014080328360229575	95.2897634344959	0.4936237233373826	4
4.820720619762965	4.63132422041165	0.01922560144543075	89.54341751871567	0.9853120396642943	4
2.7010127470093774	2.2276352688946988	0.01933235934607571	94.54594047768029	0.5060791470695617	4
7.458192877522869	10.632727234131478	0.03855348847312795	79.44591605643635	2.424610343436183	4
10.151942855619625	11.879814432741258	0.01779783673815058	76.4672716080302	1.4831732668707769	4
14.067588934422343	12.458324445734439	0.0560099856778981	71.15088891383338	2.2671877203319397	4
10.612142169794904	17.3186313800023	0.15928930139491765	70.7313091766863	1.1786279721215864	4
18.860119556913908	49.24930254954328	0.13873110483398765	10.709094259165855	21.042752529542962	2
60.279806663095215	27.594415357711526	0.10296287868049202	7.717199905431764	4.305615195080993	1
44.75628674893956	25.768674530315778	0.12427525162412142	26.51556485366492	2.8351986154556275	1
39.706759178598396	39.726423770389346	0.1827362355624128	14.696484443964653	5.6875963714851885	2
34.7603461245809	27.79730338062122	0.18964461100247107	30.144763813994874	7.107942069800539	1
9.797081491659078	18.545797006868458	0.09471941365055905	70.88032823205387	0.6820738557680261	4
34.651627966287165	21.424836706992576	0.040700695787420846	42.28269428968282	1.6001403412500292	4
35.87556979849111	28.969830480534732	0.18789040700090467	30.745537240097963	4.221172073875283	1
24.55789583263504	34.647744319080644	0.19395025156420723	39.75872406943605	0.8416855272840548	4
21.387830947540433	13.36365993401547	0.06255759108769704	64.45154458449338	0.7344069428630193	4
16.059920541008545	31.59359512928448	0.3150145244746586	50.09306332142813	1.938406483804188	4
6.652483547799442	8.339923440443147	0.03448758413436579	84.01820943237271	0.9548959952503353	4
9.564065969458454	13.449391010202822	0.08732292731801014	75.90256114898608	0.9966589440346417	4
8.868164193816465	7.536655713761033	0.05248480478154111	81.99254274333515	1.5501525443058162	4
10.557364108146965	4.8240970862187345	0.03020466530160783	83.95487165421726	0.6334624861154388	4
8.873699115744769	3.6396599927851825	0.04721177431269168	87.19996758245574	0.2394615347016069	4
12.145569089263002	14.111997210063501	0.042972117587898435	73.16717498366057	0.5322865994250285	4
3.904335114637811	6.138379646769954	0.026570670020527726	89.61285294922793	0.3178616193437659	4
1.2384726100335004	3.1592866404940088	0.005779155283774747	95.30958412666403	0.2868774675246724	4
3.6408632595229613	9.189371862051852	0.017902056150356064	86.61783364357161	0.534029178703218	4
2.2666089547977037	3.714395139350018	0.011597616125872333	93.88465874841778	0.12273954130861667	4
10.914171046206755	11.353636491471505	0.022534549006819553	77.2522830546172	0.457374858697719	4
15.683231196917538	8.65760901563259	0.008987054015159196	74.3319513360325	1.318221397402222	4
14.770418105777793	12.07606875637049	0.030803730097847596	72.27451660595557	0.848192801798291	4
5.641264948546471	10.216906493712981	0.019482514590054074	83.9244298066865	0.19791623646398396	4
10.523033982128986	38.93132848759023	0.0243474135975396	49.857639205791024	0.6636509108922136	4
3.913854604122173	11.08600401787551	0.035679411565036616	84.00722909133057	0.9572328751066955	4
18.27730993244663	27.94886207408595	0.03848269611298846	52.14469148504423	1.5906538123102016	4
26.865383475239952	36.71682015942415	0.03405320364922625	10.019708596514437	26.364034565172222	2
